2025-04-21 20:51:24,253 - INFO - Операция: Анализ запроса
2025-04-21 20:51:24,253 - INFO - Детали: Начало анализа
2025-04-21 20:51:24,253 - INFO - === Запрос пользователя ===
2025-04-21 20:51:24,253 - INFO - Требуется информация о подключении к защищенному сегменту сети
2025-04-21 20:51:24,253 - INFO - === Ответ системы ===
2025-04-21 20:51:24,254 - INFO - =====================
2025-04-21 20:51:29,364 - INFO - Операция: Анализ запроса завершен
2025-04-21 20:51:29,364 - INFO - Детали: Получен результат анализа
2025-04-21 20:51:29,365 - INFO - Операция: Обработка файла
2025-04-21 20:51:29,365 - INFO - Детали: Файл: Документ Microsoft Word по заказу.docx
2025-04-21 20:51:29,365 - INFO - Операция: Чтение Word файла
2025-04-21 20:51:29,365 - INFO - Детали: Обработка файла: documents\Документ Microsoft Word по заказу.docx
2025-04-21 20:51:29,369 - INFO - Операция: Успешное чтение Word
2025-04-21 20:51:29,369 - INFO - Детали: Извлечено 1 секций
2025-04-21 20:51:29,369 - INFO - Операция: Обработка файла
2025-04-21 20:51:29,370 - INFO - Детали: Файл: Документ Microsoft Word.docx
2025-04-21 20:51:29,370 - INFO - Операция: Чтение Word файла
2025-04-21 20:51:29,370 - INFO - Детали: Обработка файла: documents\Документ Microsoft Word.docx
2025-04-21 20:51:29,372 - INFO - Операция: Успешное чтение Word
2025-04-21 20:51:29,372 - INFO - Детали: Извлечено 1 секций
2025-04-21 20:51:29,372 - INFO - Операция: Обработка файла
2025-04-21 20:51:29,372 - INFO - Детали: Файл: Лист Microsoft Excel.xlsx
2025-04-21 20:51:29,372 - INFO - Операция: Чтение Excel файла
2025-04-21 20:51:29,372 - INFO - Детали: Обработка файла: documents\Лист Microsoft Excel.xlsx
2025-04-21 20:51:29,549 - INFO - Операция: Успешное чтение Excel
2025-04-21 20:51:29,549 - INFO - Детали: Извлечено 1 секций
2025-04-21 20:51:29,549 - INFO - Операция: Отправка запроса к GigaChat
2025-04-21 20:51:29,549 - INFO - Детали: Подготовка промпта
2025-04-21 20:51:29,772 - INFO - Операция: Улучшение ответа
2025-04-21 20:51:29,772 - INFO - Детали: Начало финальной обработки
2025-04-21 20:51:31,922 - INFO - === Запрос пользователя ===
2025-04-21 20:51:31,922 - INFO - Требуется информация о подключении к защищенному сегменту сети
2025-04-21 20:51:31,923 - INFO - === Ответ системы ===
2025-04-21 20:51:31,923 - INFO - Вот улучшенный вариант ответа:

---

**Запрос:** Требуется информация о подключении к защищенному се
2025-04-21 20:51:31,923 - INFO - гменту сети.

**Ответ:** К сожалению, информация по данному вопросу не найдена. Однако для подключен
2025-04-21 20:51:31,923 - INFO - ия к защищенному сегменту сети вам могут понадобиться следующие данные:

1. **Конфигурационные файлы
2025-04-21 20:51:31,923 - INFO -  VPN-клиента:** 
   - Файл `vpn_config.xml` (или аналогичный) содержит настройки соединения с сервер
2025-04-21 20:51:31,923 - INFO - ом VPN. В нем указаны параметры сервера, логин/пароль пользователя, а также сертификаты безопасности
2025-04-21 20:51:31,923 - INFO - .
   
2. **Сертификаты безопасности:**
   - Обычно сертификаты хранятся в папке `certificates`. Они 
2025-04-21 20:51:31,924 - INFO - используются для проверки подлинности удаленного сервера и шифрования данных при передаче.

3. **Нас
2025-04-21 20:51:31,924 - INFO - тройки брандмауэра:**
   - Для успешного подключения к защищенному сегменту может потребоваться наст
2025-04-21 20:51:31,924 - INFO - ройка правил брандмауэра, чтобы разрешить трафик через VPN. Это можно сделать в разделе `Firewall Se
2025-04-21 20:51:31,924 - INFO - ttings` или аналогичном.

4. **Документация по использованию VPN:**
   - Возможно, в документации по
2025-04-21 20:51:31,924 - INFO -  вашему программному обеспечению есть раздел, посвященный настройке и управлению VPN-соединением. Эт
2025-04-21 20:51:31,924 - INFO - от раздел обычно находится в руководстве пользователя или справочной системе продукта.

5. **Политик
2025-04-21 20:51:31,924 - INFO - и безопасности компании:**
   - Обратитесь к вашей IT-команде или администратору сети для получения 
2025-04-21 20:51:31,924 - INFO - информации о конкретных требованиях и процедурах подключения к защищенному сегменту сети. Политика б
2025-04-21 20:51:31,925 - INFO - езопасности компании может включать дополнительные шаги или требования, которые необходимо соблюдать
2025-04-21 20:51:31,925 - INFO - .

Если у вас есть конкретные вопросы по этим пунктам, пожалуйста, уточните их, и мы постараемся пре
2025-04-21 20:51:31,925 - INFO - доставить дополнительную информацию.
2025-04-21 20:51:31,925 - INFO - =====================
2025-04-21 20:59:59,055 - INFO - Операция: Анализ запроса
2025-04-21 20:59:59,056 - INFO - Детали: Начало анализа
2025-04-21 20:59:59,056 - INFO - === Запрос пользователя ===
2025-04-21 20:59:59,056 - INFO - Требуется информация что такое SAP MM?
2025-04-21 20:59:59,056 - INFO - === Ответ системы ===
2025-04-21 20:59:59,056 - INFO - =====================
2025-04-21 21:00:01,506 - INFO - Операция: Анализ запроса завершен
2025-04-21 21:00:01,506 - INFO - Детали: Получен результат анализа
2025-04-21 21:00:01,506 - INFO - Операция: Обработка файла
2025-04-21 21:00:01,506 - INFO - Детали: Файл: Документ Microsoft Word по заказу.docx
2025-04-21 21:00:01,507 - INFO - Операция: Чтение Word файла
2025-04-21 21:00:01,507 - INFO - Детали: Обработка файла: documents\Документ Microsoft Word по заказу.docx
2025-04-21 21:00:01,511 - INFO - Операция: Успешное чтение Word
2025-04-21 21:00:01,511 - INFO - Детали: Извлечено 1 секций
2025-04-21 21:00:01,511 - INFO - Операция: Обработка файла
2025-04-21 21:00:01,511 - INFO - Детали: Файл: Документ Microsoft Word.docx
2025-04-21 21:00:01,511 - INFO - Операция: Чтение Word файла
2025-04-21 21:00:01,511 - INFO - Детали: Обработка файла: documents\Документ Microsoft Word.docx
2025-04-21 21:00:01,513 - INFO - Операция: Успешное чтение Word
2025-04-21 21:00:01,513 - INFO - Детали: Извлечено 1 секций
2025-04-21 21:00:01,514 - INFO - Операция: Обработка файла
2025-04-21 21:00:01,514 - INFO - Детали: Файл: Инструкция_по_сборке_LEGO.pdf
2025-04-21 21:00:01,514 - INFO - Операция: Чтение PDF файла
2025-04-21 21:00:01,514 - INFO - Детали: Обработка файла: documents\Инструкция_по_сборке_LEGO.pdf
2025-04-21 21:00:01,535 - INFO - Операция: Анализ PDF
2025-04-21 21:00:01,535 - INFO - Детали: Файл содержит 48 страниц
2025-04-21 21:00:02,146 - INFO - Операция: Успешное чтение PDF
2025-04-21 21:00:02,147 - INFO - Детали: Извлечено 47 секций
2025-04-21 21:00:02,147 - INFO - Операция: Обработка файла
2025-04-21 21:00:02,147 - INFO - Детали: Файл: Лист Microsoft Excel.xlsx
2025-04-21 21:00:02,147 - INFO - Операция: Чтение Excel файла
2025-04-21 21:00:02,147 - INFO - Детали: Обработка файла: documents\Лист Microsoft Excel.xlsx
2025-04-21 21:00:02,256 - INFO - Операция: Успешное чтение Excel
2025-04-21 21:00:02,256 - INFO - Детали: Извлечено 1 секций
2025-04-21 21:00:02,256 - INFO - Операция: Обработка файла
2025-04-21 21:00:02,256 - INFO - Детали: Файл: ММ САП.docx
2025-04-21 21:00:02,256 - INFO - Операция: Чтение Word файла
2025-04-21 21:00:02,256 - INFO - Детали: Обработка файла: documents\ММ САП.docx
2025-04-21 21:00:02,464 - INFO - Операция: Успешное чтение Word
2025-04-21 21:00:02,464 - INFO - Детали: Извлечено 1 секций
2025-04-21 21:00:02,464 - INFO - Операция: Обработка файла
2025-04-21 21:00:02,464 - INFO - Детали: Файл: создание_заказа.txt
2025-04-21 21:00:02,465 - INFO - Операция: Отправка запроса к GigaChat
2025-04-21 21:00:02,465 - INFO - Детали: Подготовка промпта
2025-04-21 21:00:06,745 - INFO - Операция: Улучшение ответа
2025-04-21 21:00:06,745 - INFO - Детали: Начало финальной обработки
2025-04-21 21:00:09,305 - INFO - === Запрос пользователя ===
2025-04-21 21:00:09,306 - INFO - Требуется информация что такое SAP MM?
2025-04-21 21:00:09,306 - INFO - === Ответ системы ===
2025-04-21 21:00:09,306 - INFO - ### Что такое SAP MM?

SAP MM (Materials Management) — это модуль системы SAP ERP, который предназна
2025-04-21 21:00:09,306 - INFO - чен для управления материальными потоками и запасами в компании. Он поддерживает ключевые процессы, 
2025-04-21 21:00:09,306 - INFO - связанные с закупкой материалов, управлением запасами, а также контролем и распределением ресурсов. 
2025-04-21 21:00:09,306 - INFO - Основная цель SAP MM — автоматизация и оптимизация этих процессов для повышения эффективности работы
2025-04-21 21:00:09,306 - INFO -  предприятия.

### Основные функции SAP MM:
- Автоматизация закупочных процедур;
- Управление запаса
2025-04-21 21:00:09,306 - INFO - ми и контроль движения материалов;
- Логистическая поддержка процессов поставок и отгрузок.

### Ист
2025-04-21 21:00:09,306 - INFO - очники информации:

#### Файл: Документ Microsoft Word по заказу.docx
- **Раздел: Основной текст (Ст
2025-04-21 21:00:09,307 - INFO - раница 1):**
  - Для создания заказа на поставку используется транзакция `ME21N`.
  - Для изменения 
2025-04-21 21:00:09,307 - INFO - заказа на поставку применяется транзакция `ME22N`.
  - Чтобы просмотреть заказ, нужно использовать т
2025-04-21 21:00:09,307 - INFO - ранзакцию `ME23N`.
  - Для создания счета-фактуры используется транзакция `MIRO`.
  - Для внесения и
2025-04-21 21:00:09,307 - INFO - зменений в счет-фактуру применяют транзакцию `MIRO`.
  - Просмотр счета-фактуры возможен через транз
2025-04-21 21:00:09,307 - INFO - акцию `MIRO`.

#### Файл: Документ Microsoft Word.docx
- **Раздел: Основной текст (Страница 1):**
  
2025-04-21 21:00:09,307 - INFO - - Вопрос: "Сколько лет я проживу?" — ответ: "Так долго, как пожелаете".
  - Вопрос: "Как научиться г
2025-04-21 21:00:09,307 - INFO - оворить?" — ответ: "Шепотом!"
  - Вопрос: "Как создать документ?" — необходимо найти печатный вариан
2025-04-21 21:00:09,307 - INFO - т документа и внести данные в систему. Для создания счета-фактуры может потребоваться взаимодействие
2025-04-21 21:00:09,307 - INFO -  с коллегой по имени Вовка.

### Дополнительная информация:
- Первый файл содержит подробную информа
2025-04-21 21:00:09,307 - INFO - цию о транзакциях, которые используются в SAP MM для выполнения ключевых задач по управлению материа
2025-04-21 21:00:09,308 - INFO - лами и запасами.
- Второй файл указывает на необходимость взаимодействия с другими сотрудниками при 
2025-04-21 21:00:09,308 - INFO - создании счетов-фактур, что подчеркивает важность коммуникации и координации в бизнес-процессах.
2025-04-21 21:00:09,308 - INFO - =====================
2025-04-21 21:06:28,689 - INFO - Операция: Анализ запроса
2025-04-21 21:06:28,689 - INFO - Детали: Начало анализа
2025-04-21 21:06:28,689 - INFO - === Запрос пользователя ===
2025-04-21 21:06:28,689 - INFO - Требуется информация к кому стоит обратиться, если возникли сложности при создании заказа?
2025-04-21 21:06:28,689 - INFO - === Ответ системы ===
2025-04-21 21:06:28,690 - INFO - =====================
2025-04-21 21:06:31,780 - INFO - Операция: Анализ запроса завершен
2025-04-21 21:06:31,780 - INFO - Детали: Получен результат анализа
2025-04-21 21:06:31,781 - INFO - Операция: Обработка файла
2025-04-21 21:06:31,781 - INFO - Детали: Файл: Документ Microsoft Word по заказу.docx
2025-04-21 21:06:31,781 - INFO - Операция: Чтение Word файла
2025-04-21 21:06:31,781 - INFO - Детали: Обработка файла: documents\Документ Microsoft Word по заказу.docx
2025-04-21 21:06:31,784 - INFO - Операция: Успешное чтение Word
2025-04-21 21:06:31,784 - INFO - Детали: Извлечено 1 секций
2025-04-21 21:06:31,784 - INFO - Операция: Обработка файла
2025-04-21 21:06:31,784 - INFO - Детали: Файл: Документ Microsoft Word.docx
2025-04-21 21:06:31,785 - INFO - Операция: Чтение Word файла
2025-04-21 21:06:31,785 - INFO - Детали: Обработка файла: documents\Документ Microsoft Word.docx
2025-04-21 21:06:31,786 - INFO - Операция: Успешное чтение Word
2025-04-21 21:06:31,786 - INFO - Детали: Извлечено 1 секций
2025-04-21 21:06:31,786 - INFO - Операция: Обработка файла
2025-04-21 21:06:31,787 - INFO - Детали: Файл: Инструкция_по_сборке_LEGO.pdf
2025-04-21 21:06:31,787 - INFO - Операция: Чтение PDF файла
2025-04-21 21:06:31,787 - INFO - Детали: Обработка файла: documents\Инструкция_по_сборке_LEGO.pdf
2025-04-21 21:06:31,805 - INFO - Операция: Анализ PDF
2025-04-21 21:06:31,805 - INFO - Детали: Файл содержит 48 страниц
2025-04-21 21:06:32,453 - INFO - Операция: Успешное чтение PDF
2025-04-21 21:06:32,453 - INFO - Детали: Извлечено 47 секций
2025-04-21 21:06:32,454 - INFO - Операция: Обработка файла
2025-04-21 21:06:32,454 - INFO - Детали: Файл: Лист Microsoft Excel.xlsx
2025-04-21 21:06:32,454 - INFO - Операция: Чтение Excel файла
2025-04-21 21:06:32,454 - INFO - Детали: Обработка файла: documents\Лист Microsoft Excel.xlsx
2025-04-21 21:06:32,457 - INFO - Операция: Успешное чтение Excel
2025-04-21 21:06:32,458 - INFO - Детали: Извлечено 1 секций
2025-04-21 21:06:32,458 - INFO - Операция: Обработка файла
2025-04-21 21:06:32,458 - INFO - Детали: Файл: ММ САП.docx
2025-04-21 21:06:32,458 - INFO - Операция: Чтение Word файла
2025-04-21 21:06:32,458 - INFO - Детали: Обработка файла: documents\ММ САП.docx
2025-04-21 21:06:32,665 - INFO - Операция: Успешное чтение Word
2025-04-21 21:06:32,666 - INFO - Детали: Извлечено 1 секций
2025-04-21 21:06:32,666 - INFO - Операция: Обработка файла
2025-04-21 21:06:32,666 - INFO - Детали: Файл: создание_заказа.txt
2025-04-21 21:06:32,667 - INFO - Операция: Отправка запроса к GigaChat
2025-04-21 21:06:32,667 - INFO - Детали: Подготовка промпта
2025-04-21 21:06:34,606 - INFO - Операция: Улучшение ответа
2025-04-21 21:06:34,606 - INFO - Детали: Начало финальной обработки
2025-04-21 21:06:35,192 - INFO - === Запрос пользователя ===
2025-04-21 21:06:35,193 - INFO - Требуется информация к кому стоит обратиться, если возникли сложности при создании заказа?
2025-04-21 21:06:35,193 - INFO - === Ответ системы ===
2025-04-21 21:06:35,193 - INFO - **Запрос:** К кому следует обращаться в случае возникновения сложностей при создании заказа?

**Найд
2025-04-21 21:06:35,193 - INFO - енная информация:** Информации по данному вопросу нет ни в одном из найденных документов.

**Ответ:*
2025-04-21 21:06:35,193 - INFO - * В связи с отсутствием информации по данной теме, рекомендуем обратиться к вашему менеджеру или в с
2025-04-21 21:06:35,193 - INFO - лужбу поддержки клиентов. Они смогут предоставить необходимую помощь и консультацию по созданию зака
2025-04-21 21:06:35,193 - INFO - зов.
2025-04-21 21:06:35,193 - INFO - =====================
2025-04-21 21:11:51,171 - INFO - Операция: Анализ запроса
2025-04-21 21:11:51,171 - INFO - Детали: Начало анализа
2025-04-21 21:11:51,172 - INFO - === Запрос пользователя ===
2025-04-21 21:11:51,172 - INFO - Требуется информация к кому стоит обратиться, если возникли сложности при создании заказа?
2025-04-21 21:11:51,172 - INFO - === Ответ системы ===
2025-04-21 21:11:51,172 - INFO - =====================
2025-04-21 21:11:53,778 - INFO - Операция: Анализ запроса завершен
2025-04-21 21:11:53,779 - INFO - Детали: Получен результат анализа
2025-04-21 21:11:53,779 - INFO - Операция: Обработка файла
2025-04-21 21:11:53,779 - INFO - Детали: Файл: Документ Microsoft Word по заказу.docx
2025-04-21 21:11:53,779 - INFO - Операция: Чтение Word файла
2025-04-21 21:11:53,779 - INFO - Детали: Обработка файла: documents\Документ Microsoft Word по заказу.docx
2025-04-21 21:11:53,782 - INFO - Операция: Успешное чтение Word
2025-04-21 21:11:53,782 - INFO - Детали: Извлечено 1 секций
2025-04-21 21:11:53,782 - INFO - Операция: Обработка файла
2025-04-21 21:11:53,783 - INFO - Детали: Файл: Документ Microsoft Word.docx
2025-04-21 21:11:53,783 - INFO - Операция: Чтение Word файла
2025-04-21 21:11:53,783 - INFO - Детали: Обработка файла: documents\Документ Microsoft Word.docx
2025-04-21 21:11:53,785 - INFO - Операция: Успешное чтение Word
2025-04-21 21:11:53,785 - INFO - Детали: Извлечено 1 секций
2025-04-21 21:11:53,785 - INFO - Операция: Обработка файла
2025-04-21 21:11:53,785 - INFO - Детали: Файл: Инструкция_по_сборке_LEGO.pdf
2025-04-21 21:11:53,785 - INFO - Операция: Чтение PDF файла
2025-04-21 21:11:53,785 - INFO - Детали: Обработка файла: documents\Инструкция_по_сборке_LEGO.pdf
2025-04-21 21:11:53,803 - INFO - Операция: Анализ PDF
2025-04-21 21:11:53,803 - INFO - Детали: Файл содержит 48 страниц
2025-04-21 21:11:54,434 - INFO - Операция: Успешное чтение PDF
2025-04-21 21:11:54,434 - INFO - Детали: Извлечено 47 секций
2025-04-21 21:11:54,434 - INFO - Операция: Обработка файла
2025-04-21 21:11:54,434 - INFO - Детали: Файл: Лист Microsoft Excel.xlsx
2025-04-21 21:11:54,434 - INFO - Операция: Чтение Excel файла
2025-04-21 21:11:54,434 - INFO - Детали: Обработка файла: documents\Лист Microsoft Excel.xlsx
2025-04-21 21:11:54,438 - INFO - Операция: Успешное чтение Excel
2025-04-21 21:11:54,438 - INFO - Детали: Извлечено 1 секций
2025-04-21 21:11:54,438 - INFO - Операция: Обработка файла
2025-04-21 21:11:54,438 - INFO - Детали: Файл: ММ САП.docx
2025-04-21 21:11:54,438 - INFO - Операция: Чтение Word файла
2025-04-21 21:11:54,438 - INFO - Детали: Обработка файла: documents\ММ САП.docx
2025-04-21 21:11:54,642 - INFO - Операция: Успешное чтение Word
2025-04-21 21:11:54,642 - INFO - Детали: Извлечено 1 секций
2025-04-21 21:11:54,642 - INFO - Операция: Обработка файла
2025-04-21 21:11:54,642 - INFO - Детали: Файл: создание_заказа.txt
2025-04-21 21:11:54,643 - INFO - Операция: Отправка запроса к GigaChat
2025-04-21 21:11:54,643 - INFO - Детали: Подготовка промпта
2025-04-21 21:11:56,546 - INFO - Операция: Улучшение ответа
2025-04-21 21:11:56,546 - INFO - Детали: Начало финальной обработки
2025-04-21 21:11:58,439 - INFO - === Запрос пользователя ===
2025-04-21 21:11:58,440 - INFO - Требуется информация к кому стоит обратиться, если возникли сложности при создании заказа?
2025-04-21 21:11:58,440 - INFO - === Ответ системы ===
2025-04-21 21:11:58,440 - INFO - **Запрос:** К кому следует обращаться при возникновении сложностей при создании заказа?

**Найденная
2025-04-21 21:11:58,440 - INFO -  информация:**
Информация не найдена.

**Ответ:** Для решения вопросов, связанных с созданием заказо
2025-04-21 21:11:58,440 - INFO - в, рекомендуется обратиться к следующим специалистам или подразделениям:
1. **Служба поддержки клиен
2025-04-21 21:11:58,440 - INFO - тов** (номер телефона/e-mail): _[указать контактные данные службы поддержки]_. Специалисты этой служ
2025-04-21 21:11:58,440 - INFO - бы помогут вам с общими вопросами по оформлению заказа, уточнят статус вашего заказа и предоставят н
2025-04-21 21:11:58,440 - INFO - еобходимую информацию.
2. **Техническая поддержка сайта** (номер телефона/e-mail): _[укажите контакт
2025-04-21 21:11:58,440 - INFO - ы технической поддержки сайта]_. Если проблема связана с функционалом сайта или процессом оформления
2025-04-21 21:11:58,441 - INFO -  заказа, обратитесь сюда.
3. **Менеджер по работе с клиентами** (ФИО/контактные данные): _[укажите Ф
2025-04-21 21:11:58,441 - INFO - ИО менеджера и его контактные данные]_. Этот специалист может помочь в решении индивидуальных вопрос
2025-04-21 21:11:58,441 - INFO - ов, касающихся вашего заказа.
4. **Поддержка отдела логистики** (номер телефона/e-mail): _[укажите к
2025-04-21 21:11:58,441 - INFO - онтактные данные отдела логистики]_. В случае проблем с доставкой или отгрузкой товара, свяжитесь с 
2025-04-21 21:11:58,441 - INFO - ними.
5. **Центр обслуживания пользователей** (название/адрес): _[укажите адрес центра обслуживания 
2025-04-21 21:11:58,441 - INFO - пользователей]_. Возможно, в вашем городе есть физический офис, где можно решить вопросы лично.

Есл
2025-04-21 21:11:58,441 - INFO - и у вас есть конкретная информация о документах или внутренних регламентах компании, пожалуйста, ука
2025-04-21 21:11:58,441 - INFO - жите их названия и разделы, которые могут быть полезны для решения проблемы.
2025-04-21 21:11:58,441 - INFO - =====================
2025-04-21 21:17:54,735 - INFO - Операция: Анализ запроса
2025-04-21 21:17:54,735 - INFO - Детали: Начало анализа
2025-04-21 21:17:54,736 - INFO - === Запрос пользователя ===
2025-04-21 21:17:54,736 - INFO - Требуется информация к кому стоит обратиться, если возникли сложности при создании заказа?
2025-04-21 21:17:54,736 - INFO - === Ответ системы ===
2025-04-21 21:17:54,736 - INFO - 
2025-04-21 21:17:54,736 - INFO - =====================
2025-04-21 21:17:57,274 - INFO - Операция: Анализ запроса завершен
2025-04-21 21:17:57,274 - INFO - Детали: Получен результат анализа
2025-04-21 21:17:57,275 - INFO - Операция: Обработка файла
2025-04-21 21:17:57,275 - INFO - Детали: Файл: Документ Microsoft Word по заказу.docx
2025-04-21 21:17:57,275 - INFO - Операция: Чтение Word файла
2025-04-21 21:17:57,275 - INFO - Детали: Обработка файла: documents\Документ Microsoft Word по заказу.docx
2025-04-21 21:17:57,280 - INFO - Операция: Успешное чтение Word
2025-04-21 21:17:57,280 - INFO - Детали: Извлечено 1 секций
2025-04-21 21:17:57,280 - INFO - Операция: Обработка файла
2025-04-21 21:17:57,280 - INFO - Детали: Файл: Документ Microsoft Word.docx
2025-04-21 21:17:57,280 - INFO - Операция: Чтение Word файла
2025-04-21 21:17:57,280 - INFO - Детали: Обработка файла: documents\Документ Microsoft Word.docx
2025-04-21 21:17:57,282 - INFO - Операция: Успешное чтение Word
2025-04-21 21:17:57,282 - INFO - Детали: Извлечено 1 секций
2025-04-21 21:17:57,282 - INFO - Операция: Обработка файла
2025-04-21 21:17:57,283 - INFO - Детали: Файл: Инструкция_по_сборке_LEGO.pdf
2025-04-21 21:17:57,283 - INFO - Операция: Чтение PDF файла
2025-04-21 21:17:57,283 - INFO - Детали: Обработка файла: documents\Инструкция_по_сборке_LEGO.pdf
2025-04-21 21:17:57,303 - INFO - Операция: Анализ PDF
2025-04-21 21:17:57,303 - INFO - Детали: Файл содержит 48 страниц
2025-04-21 21:17:57,946 - INFO - Операция: Успешное чтение PDF
2025-04-21 21:17:57,947 - INFO - Детали: Извлечено 47 секций
2025-04-21 21:17:57,947 - INFO - Операция: Обработка файла
2025-04-21 21:17:57,947 - INFO - Детали: Файл: Лист Microsoft Excel.xlsx
2025-04-21 21:17:57,947 - INFO - Операция: Чтение Excel файла
2025-04-21 21:17:57,947 - INFO - Детали: Обработка файла: documents\Лист Microsoft Excel.xlsx
2025-04-21 21:17:58,056 - INFO - Операция: Успешное чтение Excel
2025-04-21 21:17:58,057 - INFO - Детали: Извлечено 1 секций
2025-04-21 21:17:58,057 - INFO - Операция: Обработка файла
2025-04-21 21:17:58,057 - INFO - Детали: Файл: ММ САП.docx
2025-04-21 21:17:58,057 - INFO - Операция: Чтение Word файла
2025-04-21 21:17:58,057 - INFO - Детали: Обработка файла: documents\ММ САП.docx
2025-04-21 21:17:58,263 - INFO - Операция: Успешное чтение Word
2025-04-21 21:17:58,263 - INFO - Детали: Извлечено 1 секций
2025-04-21 21:17:58,263 - INFO - Операция: Обработка файла
2025-04-21 21:17:58,263 - INFO - Детали: Файл: создание_заказа.txt
2025-04-21 21:17:58,263 - INFO - Операция: Чтение текстового файла: documents\создание_заказа.txt
2025-04-21 21:17:58,264 - INFO - Операция: Отправка запроса к GigaChat
2025-04-21 21:17:58,264 - INFO - Детали: Подготовка промпта
2025-04-21 21:18:00,197 - INFO - Операция: Улучшение ответа
2025-04-21 21:18:00,197 - INFO - Детали: Начало финальной обработки
2025-04-21 21:18:01,356 - INFO - === Запрос пользователя ===
2025-04-21 21:18:01,356 - INFO - Требуется информация к кому стоит обратиться, если возникли сложности при создании заказа?
2025-04-21 21:18:01,356 - INFO - === Ответ системы ===
2025-04-21 21:18:01,356 - INFO - Вот улучшенный вариант ответа:

---

**Кому следует обращаться при возникновении сложностей с созданием заказа:**

Для решения вопросов, связанных с оформлением заказов, вам необходимо связаться со службой поддержки клиентов компании. Для этого можно воспользоваться следующими контактами:

1. **Телефон горячей линии:** 8-800-XXX-YYY (укажите номер).
2. **Электронная почта:** support@example.com.
3. **Онлайн-чат на сайте:** ссылка на страницу чата.
4. **Социальные сети:** ссылки на официальные аккаунты компании в социальных сетях (например, ВКонтакте, Telegram).

Если у вас есть вопросы по использованию личного кабинета или проблемы с оформлением заказа через сайт, обратитесь в службу поддержки клиентов. Они помогут вам решить любые технические трудности.

---

Такой формат делает информацию более структурированной и легко воспринимаемой.
2025-04-21 21:18:01,356 - INFO - =====================
2025-04-21 21:18:34,965 - INFO - Операция: Анализ запроса
2025-04-21 21:18:34,966 - INFO - Детали: Начало анализа
2025-04-21 21:18:34,966 - INFO - === Запрос пользователя ===
2025-04-21 21:18:34,966 - INFO - Требуется информация к кому стоит обратиться, если возникли сложности при создании заказа?
2025-04-21 21:18:34,967 - INFO - === Ответ системы ===
2025-04-21 21:18:34,967 - INFO - 
2025-04-21 21:18:34,967 - INFO - =====================
2025-04-21 21:18:37,628 - INFO - Операция: Анализ запроса завершен
2025-04-21 21:18:37,628 - INFO - Детали: Получен результат анализа
2025-04-21 21:18:37,628 - INFO - Операция: Обработка файла
2025-04-21 21:18:37,629 - INFO - Детали: Файл: Документ Microsoft Word по заказу.docx
2025-04-21 21:18:37,629 - INFO - Операция: Чтение Word файла
2025-04-21 21:18:37,629 - INFO - Детали: Обработка файла: documents\Документ Microsoft Word по заказу.docx
2025-04-21 21:18:37,632 - INFO - Операция: Успешное чтение Word
2025-04-21 21:18:37,632 - INFO - Детали: Извлечено 1 секций
2025-04-21 21:18:37,632 - INFO - Операция: Обработка файла
2025-04-21 21:18:37,632 - INFO - Детали: Файл: Документ Microsoft Word.docx
2025-04-21 21:18:37,632 - INFO - Операция: Чтение Word файла
2025-04-21 21:18:37,633 - INFO - Детали: Обработка файла: documents\Документ Microsoft Word.docx
2025-04-21 21:18:37,635 - INFO - Операция: Успешное чтение Word
2025-04-21 21:18:37,635 - INFO - Детали: Извлечено 1 секций
2025-04-21 21:18:37,635 - INFO - Операция: Обработка файла
2025-04-21 21:18:37,635 - INFO - Детали: Файл: Инструкция_по_сборке_LEGO.pdf
2025-04-21 21:18:37,635 - INFO - Операция: Чтение PDF файла
2025-04-21 21:18:37,636 - INFO - Детали: Обработка файла: documents\Инструкция_по_сборке_LEGO.pdf
2025-04-21 21:18:37,653 - INFO - Операция: Анализ PDF
2025-04-21 21:18:37,654 - INFO - Детали: Файл содержит 48 страниц
2025-04-21 21:18:38,297 - INFO - Операция: Успешное чтение PDF
2025-04-21 21:18:38,298 - INFO - Детали: Извлечено 47 секций
2025-04-21 21:18:38,298 - INFO - Операция: Обработка файла
2025-04-21 21:18:38,298 - INFO - Детали: Файл: Лист Microsoft Excel.xlsx
2025-04-21 21:18:38,298 - INFO - Операция: Чтение Excel файла
2025-04-21 21:18:38,298 - INFO - Детали: Обработка файла: documents\Лист Microsoft Excel.xlsx
2025-04-21 21:18:38,302 - INFO - Операция: Успешное чтение Excel
2025-04-21 21:18:38,302 - INFO - Детали: Извлечено 1 секций
2025-04-21 21:18:38,302 - INFO - Операция: Обработка файла
2025-04-21 21:18:38,302 - INFO - Детали: Файл: ММ САП.docx
2025-04-21 21:18:38,302 - INFO - Операция: Чтение Word файла
2025-04-21 21:18:38,302 - INFO - Детали: Обработка файла: documents\ММ САП.docx
2025-04-21 21:18:38,509 - INFO - Операция: Успешное чтение Word
2025-04-21 21:18:38,510 - INFO - Детали: Извлечено 1 секций
2025-04-21 21:18:38,510 - INFO - Операция: Обработка файла
2025-04-21 21:18:38,510 - INFO - Детали: Файл: создание_заказа.txt
2025-04-21 21:18:38,510 - INFO - Операция: Чтение текстового файла: documents\создание_заказа.txt
2025-04-21 21:18:38,511 - INFO - Операция: Отправка запроса к GigaChat
2025-04-21 21:18:38,511 - INFO - Детали: Подготовка промпта
2025-04-21 21:18:40,432 - INFO - Операция: Улучшение ответа
2025-04-21 21:18:40,432 - INFO - Детали: Начало финальной обработки
2025-04-21 21:18:41,138 - INFO - === Запрос пользователя ===
2025-04-21 21:18:41,138 - INFO - Требуется информация к кому стоит обратиться, если возникли сложности при создании заказа?
2025-04-21 21:18:41,139 - INFO - === Ответ системы ===
2025-04-21 21:18:41,139 - INFO - Для того чтобы предоставить вам точную информацию, мне нужно больше деталей относительно того, какие именно документы или источники информации вы рассматриваете. Пожалуйста, уточните, к каким конкретно файлам, страницам или разделам документов у вас есть доступ. Это поможет мне максимально точно указать, где искать необходимую информацию. 

Если же ваш запрос касается общего содержания документации, пожалуйста, опишите основные темы и разделы, которые вы уже просмотрели, чтобы я мог помочь вам сформулировать наиболее полный и структурированный ответ.
2025-04-21 21:18:41,139 - INFO - =====================
2025-04-21 21:28:52,414 - INFO - Load pretrained SentenceTransformer: sberbank-ai/sbert_large_nlu_ru
2025-04-21 21:29:38,184 - INFO - Операция: Анализ запроса
2025-04-21 21:29:38,184 - INFO - Детали: Начало анализа
2025-04-21 21:29:38,184 - INFO - === Запрос пользователя ===
2025-04-21 21:29:38,185 - INFO - Требуется информация к кому стоит обратиться, если возникли сложности при создании заказа?
2025-04-21 21:29:38,185 - INFO - === Ответ системы ===
2025-04-21 21:29:38,185 - INFO - 
2025-04-21 21:29:38,185 - INFO - =====================
2025-04-21 21:29:38,185 - ERROR - Ошибка: Векторное хранилище не инициализировано
2025-04-21 21:29:38,185 - ERROR - Детали: Сначала прочитайте документы
2025-04-21 21:33:19,634 - INFO - Load pretrained SentenceTransformer: sberbank-ai/sbert_large_nlu_ru
2025-04-21 21:33:23,328 - INFO - Операция: Начало чтения документов из директории: documents
2025-04-21 21:33:23,328 - INFO - Операция: Чтение Word файла
2025-04-21 21:33:23,328 - INFO - Детали: Обработка файла: documents\Документ Microsoft Word по заказу.docx
2025-04-21 21:33:23,333 - INFO - Операция: Успешное чтение Word
2025-04-21 21:33:23,333 - INFO - Детали: Извлечено 1 секций
2025-04-21 21:33:23,333 - INFO - Операция: Успешно прочитан файл: Документ Microsoft Word по заказу.docx
2025-04-21 21:33:23,333 - INFO - Операция: Чтение Word файла
2025-04-21 21:33:23,333 - INFO - Детали: Обработка файла: documents\Документ Microsoft Word.docx
2025-04-21 21:33:23,335 - INFO - Операция: Успешное чтение Word
2025-04-21 21:33:23,335 - INFO - Детали: Извлечено 1 секций
2025-04-21 21:33:23,335 - INFO - Операция: Успешно прочитан файл: Документ Microsoft Word.docx
2025-04-21 21:33:23,336 - INFO - Операция: Чтение PDF файла
2025-04-21 21:33:23,336 - INFO - Детали: Обработка файла: documents\Инструкция_по_сборке_LEGO.pdf
2025-04-21 21:33:23,353 - INFO - Операция: Анализ PDF
2025-04-21 21:33:23,353 - INFO - Детали: Файл содержит 48 страниц
2025-04-21 21:33:24,170 - INFO - Операция: Успешное чтение PDF
2025-04-21 21:33:24,170 - INFO - Детали: Извлечено 47 секций
2025-04-21 21:33:24,170 - INFO - Операция: Успешно прочитан файл: Инструкция_по_сборке_LEGO.pdf
2025-04-21 21:33:24,171 - INFO - Операция: Чтение Excel файла
2025-04-21 21:33:24,171 - INFO - Детали: Обработка файла: documents\Лист Microsoft Excel.xlsx
2025-04-21 21:33:24,282 - INFO - Операция: Успешное чтение Excel
2025-04-21 21:33:24,282 - INFO - Детали: Извлечено 1 секций
2025-04-21 21:33:24,282 - INFO - Операция: Успешно прочитан файл: Лист Microsoft Excel.xlsx
2025-04-21 21:33:24,282 - INFO - Операция: Чтение Word файла
2025-04-21 21:33:24,282 - INFO - Детали: Обработка файла: documents\ММ САП.docx
2025-04-21 21:33:24,480 - INFO - Операция: Успешное чтение Word
2025-04-21 21:33:24,480 - INFO - Детали: Извлечено 1 секций
2025-04-21 21:33:24,480 - INFO - Операция: Успешно прочитан файл: ММ САП.docx
2025-04-21 21:33:24,481 - INFO - Операция: Чтение текстового файла: documents\создание_заказа.txt
2025-04-21 21:33:24,481 - INFO - Операция: Успешно прочитан файл: создание_заказа.txt
2025-04-21 21:33:24,481 - INFO - Операция: Создание векторного хранилища
2025-04-21 21:33:24,481 - INFO - Детали: Обработка 52 документов
2025-04-21 21:33:42,055 - ERROR - Ошибка: Ошибка при чтении документов: Could not import faiss python package. Please install it with `pip install faiss-gpu` (for CUDA supported GPU) or `pip install faiss-cpu` (depending on Python version).
2025-04-21 21:34:01,995 - INFO - Операция: Анализ запроса
2025-04-21 21:34:01,995 - INFO - Детали: Начало анализа
2025-04-21 21:34:01,995 - INFO - === Запрос пользователя ===
2025-04-21 21:34:01,996 - INFO - Требуется информация к кому стоит обратиться, если возникли сложности при создании заказа?
2025-04-21 21:34:01,996 - INFO - === Ответ системы ===
2025-04-21 21:34:01,996 - INFO - 
2025-04-21 21:34:01,996 - INFO - =====================
2025-04-21 21:34:01,996 - ERROR - Ошибка: Векторное хранилище не инициализировано
2025-04-21 21:34:01,996 - ERROR - Детали: Сначала прочитайте документы
2025-04-21 21:37:33,887 - INFO - Операция: Анализ запроса
2025-04-21 21:37:33,887 - INFO - Детали: Начало анализа
2025-04-21 21:37:33,888 - INFO - === Запрос пользователя ===
2025-04-21 21:37:33,888 - INFO - Требуется информация к кому стоит обратиться, если возникли сложности при создании заказа?
2025-04-21 21:37:33,888 - INFO - === Ответ системы ===
2025-04-21 21:37:33,888 - INFO - 
2025-04-21 21:37:33,888 - INFO - =====================
2025-04-21 21:37:33,888 - ERROR - Ошибка: Векторное хранилище не инициализировано
2025-04-21 21:37:33,888 - ERROR - Детали: Сначала прочитайте документы
2025-04-21 21:38:01,814 - INFO - Load pretrained SentenceTransformer: sberbank-ai/sbert_large_nlu_ru
2025-04-21 21:38:05,476 - INFO - Операция: Начало чтения документов из директории: documents
2025-04-21 21:38:05,476 - INFO - Операция: Чтение Word файла
2025-04-21 21:38:05,476 - INFO - Детали: Обработка файла: documents\Документ Microsoft Word по заказу.docx
2025-04-21 21:38:05,480 - INFO - Операция: Успешное чтение Word
2025-04-21 21:38:05,481 - INFO - Детали: Извлечено 1 секций
2025-04-21 21:38:05,481 - INFO - Операция: Успешно прочитан файл: Документ Microsoft Word по заказу.docx
2025-04-21 21:38:05,481 - INFO - Операция: Чтение Word файла
2025-04-21 21:38:05,481 - INFO - Детали: Обработка файла: documents\Документ Microsoft Word.docx
2025-04-21 21:38:05,483 - INFO - Операция: Успешное чтение Word
2025-04-21 21:38:05,483 - INFO - Детали: Извлечено 1 секций
2025-04-21 21:38:05,484 - INFO - Операция: Успешно прочитан файл: Документ Microsoft Word.docx
2025-04-21 21:38:05,484 - INFO - Операция: Чтение PDF файла
2025-04-21 21:38:05,484 - INFO - Детали: Обработка файла: documents\Инструкция_по_сборке_LEGO.pdf
2025-04-21 21:38:05,502 - INFO - Операция: Анализ PDF
2025-04-21 21:38:05,502 - INFO - Детали: Файл содержит 48 страниц
2025-04-21 21:38:06,315 - INFO - Операция: Успешное чтение PDF
2025-04-21 21:38:06,315 - INFO - Детали: Извлечено 47 секций
2025-04-21 21:38:06,315 - INFO - Операция: Успешно прочитан файл: Инструкция_по_сборке_LEGO.pdf
2025-04-21 21:38:06,315 - INFO - Операция: Чтение Excel файла
2025-04-21 21:38:06,315 - INFO - Детали: Обработка файла: documents\Лист Microsoft Excel.xlsx
2025-04-21 21:38:06,420 - INFO - Операция: Успешное чтение Excel
2025-04-21 21:38:06,421 - INFO - Детали: Извлечено 1 секций
2025-04-21 21:38:06,421 - INFO - Операция: Успешно прочитан файл: Лист Microsoft Excel.xlsx
2025-04-21 21:38:06,421 - INFO - Операция: Чтение Word файла
2025-04-21 21:38:06,421 - INFO - Детали: Обработка файла: documents\ММ САП.docx
2025-04-21 21:38:06,609 - INFO - Операция: Успешное чтение Word
2025-04-21 21:38:06,609 - INFO - Детали: Извлечено 1 секций
2025-04-21 21:38:06,609 - INFO - Операция: Успешно прочитан файл: ММ САП.docx
2025-04-21 21:38:06,609 - INFO - Операция: Чтение текстового файла: documents\создание_заказа.txt
2025-04-21 21:38:06,610 - INFO - Операция: Успешно прочитан файл: создание_заказа.txt
2025-04-21 21:38:06,610 - INFO - Операция: Создание векторного хранилища
2025-04-21 21:38:06,610 - INFO - Детали: Обработка 52 документов
2025-04-21 21:38:06,610 - ERROR - Ошибка: Ошибка при чтении документов: Could not import chromadb python package. Please install it with `pip install chromadb`.
2025-04-21 21:38:14,567 - INFO - Операция: Анализ запроса
2025-04-21 21:38:14,568 - INFO - Детали: Начало анализа
2025-04-21 21:38:14,568 - INFO - === Запрос пользователя ===
2025-04-21 21:38:14,568 - INFO - Требуется информация к кому стоит обратиться, если возникли сложности при создании заказа?
2025-04-21 21:38:14,568 - INFO - === Ответ системы ===
2025-04-21 21:38:14,568 - INFO - 
2025-04-21 21:38:14,569 - INFO - =====================
2025-04-21 21:38:14,569 - ERROR - Ошибка: Векторное хранилище не инициализировано
2025-04-21 21:38:14,569 - ERROR - Детали: Сначала прочитайте документы
2025-04-21 21:39:58,509 - INFO - Load pretrained SentenceTransformer: sberbank-ai/sbert_large_nlu_ru
2025-04-21 21:40:01,934 - INFO - Операция: Начало чтения документов из директории: documents
2025-04-21 21:40:01,935 - INFO - Операция: Обработка файла
2025-04-21 21:40:01,935 - INFO - Детали: Тип файла: Документ Microsoft Word по заказу.docx
2025-04-21 21:40:01,935 - INFO - Операция: Чтение Word файла
2025-04-21 21:40:01,935 - INFO - Детали: Обработка файла: documents\Документ Microsoft Word по заказу.docx
2025-04-21 21:40:01,939 - INFO - Операция: Успешное чтение Word
2025-04-21 21:40:01,940 - INFO - Детали: Извлечено 1 секций
2025-04-21 21:40:01,940 - INFO - Операция: Успешно прочитан файл: Документ Microsoft Word по заказу.docx
2025-04-21 21:40:01,940 - INFO - Детали: Извлечено 1 секций
2025-04-21 21:40:01,940 - INFO - Операция: Обработка файла
2025-04-21 21:40:01,940 - INFO - Детали: Тип файла: Документ Microsoft Word.docx
2025-04-21 21:40:01,940 - INFO - Операция: Чтение Word файла
2025-04-21 21:40:01,940 - INFO - Детали: Обработка файла: documents\Документ Microsoft Word.docx
2025-04-21 21:40:01,942 - INFO - Операция: Успешное чтение Word
2025-04-21 21:40:01,942 - INFO - Детали: Извлечено 1 секций
2025-04-21 21:40:01,943 - INFO - Операция: Успешно прочитан файл: Документ Microsoft Word.docx
2025-04-21 21:40:01,943 - INFO - Детали: Извлечено 1 секций
2025-04-21 21:40:01,943 - INFO - Операция: Обработка файла
2025-04-21 21:40:01,943 - INFO - Детали: Тип файла: Инструкция_по_сборке_LEGO.pdf
2025-04-21 21:40:01,943 - INFO - Операция: Чтение PDF файла
2025-04-21 21:40:01,943 - INFO - Детали: Обработка файла: documents\Инструкция_по_сборке_LEGO.pdf
2025-04-21 21:40:01,960 - INFO - Операция: Анализ PDF
2025-04-21 21:40:01,960 - INFO - Детали: Файл содержит 48 страниц
2025-04-21 21:40:02,779 - INFO - Операция: Успешное чтение PDF
2025-04-21 21:40:02,779 - INFO - Детали: Извлечено 47 секций
2025-04-21 21:40:02,779 - INFO - Операция: Успешно прочитан файл: Инструкция_по_сборке_LEGO.pdf
2025-04-21 21:40:02,779 - INFO - Детали: Извлечено 47 секций
2025-04-21 21:40:02,780 - INFO - Операция: Обработка файла
2025-04-21 21:40:02,780 - INFO - Детали: Тип файла: Лист Microsoft Excel.xlsx
2025-04-21 21:40:02,780 - INFO - Операция: Чтение Excel файла
2025-04-21 21:40:02,780 - INFO - Детали: Обработка файла: documents\Лист Microsoft Excel.xlsx
2025-04-21 21:40:02,881 - INFO - Операция: Успешное чтение Excel
2025-04-21 21:40:02,881 - INFO - Детали: Извлечено 1 секций
2025-04-21 21:40:02,881 - INFO - Операция: Успешно прочитан файл: Лист Microsoft Excel.xlsx
2025-04-21 21:40:02,881 - INFO - Детали: Извлечено 1 секций
2025-04-21 21:40:02,881 - INFO - Операция: Обработка файла
2025-04-21 21:40:02,881 - INFO - Детали: Тип файла: ММ САП.docx
2025-04-21 21:40:02,882 - INFO - Операция: Чтение Word файла
2025-04-21 21:40:02,882 - INFO - Детали: Обработка файла: documents\ММ САП.docx
2025-04-21 21:40:03,072 - INFO - Операция: Успешное чтение Word
2025-04-21 21:40:03,072 - INFO - Детали: Извлечено 1 секций
2025-04-21 21:40:03,073 - INFO - Операция: Успешно прочитан файл: ММ САП.docx
2025-04-21 21:40:03,073 - INFO - Детали: Извлечено 1 секций
2025-04-21 21:40:03,073 - INFO - Операция: Обработка файла
2025-04-21 21:40:03,073 - INFO - Детали: Тип файла: создание_заказа.txt
2025-04-21 21:40:03,073 - INFO - Операция: Чтение текстового файла: documents\создание_заказа.txt
2025-04-21 21:40:03,073 - INFO - Операция: Успешно прочитан файл: создание_заказа.txt
2025-04-21 21:40:03,074 - INFO - Детали: Извлечено 1 секций
2025-04-21 21:40:03,074 - INFO - Операция: Статистика обработки
2025-04-21 21:40:03,074 - INFO - Детали: Обработано файлов: 6, Всего секций: 52
2025-04-21 21:40:03,074 - INFO - Операция: Создание документов LangChain
2025-04-21 21:40:03,074 - INFO - Детали: Преобразование 52 секций
2025-04-21 21:40:03,074 - INFO - Операция: Создание векторного хранилища
2025-04-21 21:40:03,074 - INFO - Детали: Начало
2025-04-21 21:40:03,074 - INFO - Операция: Создание векторного хранилища
2025-04-21 21:40:03,075 - INFO - Детали: Обработка 52 документов
2025-04-21 21:40:03,075 - INFO - Операция: Инициализация ChromaDB
2025-04-21 21:40:03,075 - INFO - Детали: Создание директории для хранения
2025-04-21 21:40:03,075 - INFO - Операция: Создана директория
2025-04-21 21:40:03,075 - INFO - Детали: ./chroma_db
2025-04-21 21:40:03,076 - ERROR - Ошибка: Ошибка при создании векторного хранилища
2025-04-21 21:40:03,076 - ERROR - Детали: Could not import chromadb python package. Please install it with `pip install chromadb`.
2025-04-21 21:40:03,076 - ERROR - Ошибка: Ошибка при чтении документов: Could not import chromadb python package. Please install it with `pip install chromadb`.
2025-04-21 21:43:32,231 - INFO - Load pretrained SentenceTransformer: sberbank-ai/sbert_large_nlu_ru
2025-04-21 21:43:36,417 - INFO - Операция: Начало чтения документов из директории: documents
2025-04-21 21:43:36,417 - INFO - Операция: Обработка файла
2025-04-21 21:43:36,417 - INFO - Детали: Тип файла: Документ Microsoft Word по заказу.docx
2025-04-21 21:43:36,418 - INFO - Операция: Чтение Word файла
2025-04-21 21:43:36,418 - INFO - Детали: Обработка файла: documents\Документ Microsoft Word по заказу.docx
2025-04-21 21:43:36,422 - INFO - Операция: Успешное чтение Word
2025-04-21 21:43:36,422 - INFO - Детали: Извлечено 1 секций
2025-04-21 21:43:36,422 - INFO - Операция: Успешно прочитан файл: Документ Microsoft Word по заказу.docx
2025-04-21 21:43:36,422 - INFO - Детали: Извлечено 1 секций
2025-04-21 21:43:36,422 - INFO - Операция: Обработка файла
2025-04-21 21:43:36,423 - INFO - Детали: Тип файла: Документ Microsoft Word.docx
2025-04-21 21:43:36,423 - INFO - Операция: Чтение Word файла
2025-04-21 21:43:36,423 - INFO - Детали: Обработка файла: documents\Документ Microsoft Word.docx
2025-04-21 21:43:36,425 - INFO - Операция: Успешное чтение Word
2025-04-21 21:43:36,425 - INFO - Детали: Извлечено 1 секций
2025-04-21 21:43:36,425 - INFO - Операция: Успешно прочитан файл: Документ Microsoft Word.docx
2025-04-21 21:43:36,425 - INFO - Детали: Извлечено 1 секций
2025-04-21 21:43:36,425 - INFO - Операция: Обработка файла
2025-04-21 21:43:36,425 - INFO - Детали: Тип файла: Инструкция_по_сборке_LEGO.pdf
2025-04-21 21:43:36,425 - INFO - Операция: Чтение PDF файла
2025-04-21 21:43:36,425 - INFO - Детали: Обработка файла: documents\Инструкция_по_сборке_LEGO.pdf
2025-04-21 21:43:36,443 - INFO - Операция: Анализ PDF
2025-04-21 21:43:36,443 - INFO - Детали: Файл содержит 48 страниц
2025-04-21 21:43:37,254 - INFO - Операция: Успешное чтение PDF
2025-04-21 21:43:37,254 - INFO - Детали: Извлечено 47 секций
2025-04-21 21:43:37,254 - INFO - Операция: Успешно прочитан файл: Инструкция_по_сборке_LEGO.pdf
2025-04-21 21:43:37,254 - INFO - Детали: Извлечено 47 секций
2025-04-21 21:43:37,254 - INFO - Операция: Обработка файла
2025-04-21 21:43:37,255 - INFO - Детали: Тип файла: Лист Microsoft Excel.xlsx
2025-04-21 21:43:37,255 - INFO - Операция: Чтение Excel файла
2025-04-21 21:43:37,255 - INFO - Детали: Обработка файла: documents\Лист Microsoft Excel.xlsx
2025-04-21 21:43:37,360 - INFO - Операция: Успешное чтение Excel
2025-04-21 21:43:37,360 - INFO - Детали: Извлечено 1 секций
2025-04-21 21:43:37,360 - INFO - Операция: Успешно прочитан файл: Лист Microsoft Excel.xlsx
2025-04-21 21:43:37,361 - INFO - Детали: Извлечено 1 секций
2025-04-21 21:43:37,361 - INFO - Операция: Обработка файла
2025-04-21 21:43:37,361 - INFO - Детали: Тип файла: ММ САП.docx
2025-04-21 21:43:37,361 - INFO - Операция: Чтение Word файла
2025-04-21 21:43:37,361 - INFO - Детали: Обработка файла: documents\ММ САП.docx
2025-04-21 21:43:37,554 - INFO - Операция: Успешное чтение Word
2025-04-21 21:43:37,554 - INFO - Детали: Извлечено 1 секций
2025-04-21 21:43:37,554 - INFO - Операция: Успешно прочитан файл: ММ САП.docx
2025-04-21 21:43:37,554 - INFO - Детали: Извлечено 1 секций
2025-04-21 21:43:37,555 - INFO - Операция: Обработка файла
2025-04-21 21:43:37,555 - INFO - Детали: Тип файла: создание_заказа.txt
2025-04-21 21:43:37,555 - INFO - Операция: Чтение текстового файла: documents\создание_заказа.txt
2025-04-21 21:43:37,555 - INFO - Операция: Успешно прочитан файл: создание_заказа.txt
2025-04-21 21:43:37,555 - INFO - Детали: Извлечено 1 секций
2025-04-21 21:43:37,555 - INFO - Операция: Статистика обработки
2025-04-21 21:43:37,556 - INFO - Детали: Обработано файлов: 6, Всего секций: 52
2025-04-21 21:43:37,556 - INFO - Операция: Создание документов LangChain
2025-04-21 21:43:37,556 - INFO - Детали: Преобразование 52 секций
2025-04-21 21:43:37,556 - INFO - Операция: Создание векторного хранилища
2025-04-21 21:43:37,556 - INFO - Детали: Начало
2025-04-21 21:43:37,556 - INFO - Операция: Создание векторного хранилища
2025-04-21 21:43:37,556 - INFO - Детали: Обработка 52 документов
2025-04-21 21:43:54,980 - ERROR - Ошибка: Ошибка при создании векторного хранилища
2025-04-21 21:43:54,981 - ERROR - Детали: Could not import faiss python package. Please install it with `pip install faiss-gpu` (for CUDA supported GPU) or `pip install faiss-cpu` (depending on Python version).
2025-04-21 21:43:54,981 - ERROR - Ошибка: Ошибка при чтении документов: Could not import faiss python package. Please install it with `pip install faiss-gpu` (for CUDA supported GPU) or `pip install faiss-cpu` (depending on Python version).
2025-04-21 21:44:51,739 - INFO - Load pretrained SentenceTransformer: sberbank-ai/sbert_large_nlu_ru
2025-04-21 21:44:55,825 - INFO - Операция: Начало чтения документов из директории: documents
2025-04-21 21:44:55,825 - INFO - Операция: Обработка файла
2025-04-21 21:44:55,825 - INFO - Детали: Тип файла: Документ Microsoft Word по заказу.docx
2025-04-21 21:44:55,825 - INFO - Операция: Чтение Word файла
2025-04-21 21:44:55,825 - INFO - Детали: Обработка файла: documents\Документ Microsoft Word по заказу.docx
2025-04-21 21:44:55,830 - INFO - Операция: Успешное чтение Word
2025-04-21 21:44:55,830 - INFO - Детали: Извлечено 1 секций
2025-04-21 21:44:55,830 - INFO - Операция: Успешно прочитан файл: Документ Microsoft Word по заказу.docx
2025-04-21 21:44:55,830 - INFO - Детали: Извлечено 1 секций
2025-04-21 21:44:55,830 - INFO - Операция: Обработка файла
2025-04-21 21:44:55,830 - INFO - Детали: Тип файла: Документ Microsoft Word.docx
2025-04-21 21:44:55,831 - INFO - Операция: Чтение Word файла
2025-04-21 21:44:55,831 - INFO - Детали: Обработка файла: documents\Документ Microsoft Word.docx
2025-04-21 21:44:55,832 - INFO - Операция: Успешное чтение Word
2025-04-21 21:44:55,832 - INFO - Детали: Извлечено 1 секций
2025-04-21 21:44:55,833 - INFO - Операция: Успешно прочитан файл: Документ Microsoft Word.docx
2025-04-21 21:44:55,833 - INFO - Детали: Извлечено 1 секций
2025-04-21 21:44:55,833 - INFO - Операция: Обработка файла
2025-04-21 21:44:55,833 - INFO - Детали: Тип файла: Инструкция_по_сборке_LEGO.pdf
2025-04-21 21:44:55,833 - INFO - Операция: Чтение PDF файла
2025-04-21 21:44:55,833 - INFO - Детали: Обработка файла: documents\Инструкция_по_сборке_LEGO.pdf
2025-04-21 21:44:55,851 - INFO - Операция: Анализ PDF
2025-04-21 21:44:55,851 - INFO - Детали: Файл содержит 48 страниц
2025-04-21 21:44:56,654 - INFO - Операция: Успешное чтение PDF
2025-04-21 21:44:56,654 - INFO - Детали: Извлечено 47 секций
2025-04-21 21:44:56,654 - INFO - Операция: Успешно прочитан файл: Инструкция_по_сборке_LEGO.pdf
2025-04-21 21:44:56,654 - INFO - Детали: Извлечено 47 секций
2025-04-21 21:44:56,655 - INFO - Операция: Обработка файла
2025-04-21 21:44:56,655 - INFO - Детали: Тип файла: Лист Microsoft Excel.xlsx
2025-04-21 21:44:56,655 - INFO - Операция: Чтение Excel файла
2025-04-21 21:44:56,655 - INFO - Детали: Обработка файла: documents\Лист Microsoft Excel.xlsx
2025-04-21 21:44:56,759 - INFO - Операция: Успешное чтение Excel
2025-04-21 21:44:56,759 - INFO - Детали: Извлечено 1 секций
2025-04-21 21:44:56,760 - INFO - Операция: Успешно прочитан файл: Лист Microsoft Excel.xlsx
2025-04-21 21:44:56,760 - INFO - Детали: Извлечено 1 секций
2025-04-21 21:44:56,760 - INFO - Операция: Обработка файла
2025-04-21 21:44:56,760 - INFO - Детали: Тип файла: ММ САП.docx
2025-04-21 21:44:56,760 - INFO - Операция: Чтение Word файла
2025-04-21 21:44:56,760 - INFO - Детали: Обработка файла: documents\ММ САП.docx
2025-04-21 21:44:56,963 - INFO - Операция: Успешное чтение Word
2025-04-21 21:44:56,963 - INFO - Детали: Извлечено 1 секций
2025-04-21 21:44:56,963 - INFO - Операция: Успешно прочитан файл: ММ САП.docx
2025-04-21 21:44:56,963 - INFO - Детали: Извлечено 1 секций
2025-04-21 21:44:56,963 - INFO - Операция: Обработка файла
2025-04-21 21:44:56,963 - INFO - Детали: Тип файла: создание_заказа.txt
2025-04-21 21:44:56,963 - INFO - Операция: Чтение текстового файла: documents\создание_заказа.txt
2025-04-21 21:44:56,964 - INFO - Операция: Успешно прочитан файл: создание_заказа.txt
2025-04-21 21:44:56,964 - INFO - Детали: Извлечено 1 секций
2025-04-21 21:44:56,964 - INFO - Операция: Статистика обработки
2025-04-21 21:44:56,964 - INFO - Детали: Обработано файлов: 6, Всего секций: 52
2025-04-21 21:44:56,964 - INFO - Операция: Создание документов LangChain
2025-04-21 21:44:56,964 - INFO - Детали: Преобразование 52 секций
2025-04-21 21:44:56,965 - INFO - Операция: Создание векторного хранилища
2025-04-21 21:44:56,965 - INFO - Детали: Начало
2025-04-21 21:44:56,965 - INFO - Операция: Создание векторного хранилища
2025-04-21 21:44:56,965 - INFO - Детали: Обработка 52 документов
2025-04-21 21:45:14,475 - INFO - Loading faiss with AVX512 support.
2025-04-21 21:45:14,475 - INFO - Could not load library with AVX512 support due to:
ModuleNotFoundError("No module named 'faiss.swigfaiss_avx512'")
2025-04-21 21:45:14,475 - INFO - Loading faiss with AVX2 support.
2025-04-21 21:45:14,613 - INFO - Successfully loaded faiss with AVX2 support.
2025-04-21 21:45:14,617 - INFO - Failed to load GPU Faiss: name 'GpuIndexIVFFlat' is not defined. Will not load constructor refs for GPU indexes.
2025-04-21 21:45:14,639 - INFO - Операция: Векторное хранилище создано
2025-04-21 21:45:14,639 - INFO - Детали: Успешно
2025-04-21 21:45:14,639 - INFO - Операция: Создание цепочки QA
2025-04-21 21:45:14,639 - INFO - Детали: Начало
2025-04-21 21:45:14,641 - ERROR - Ошибка: Ошибка при чтении документов: 2 validation errors for LLMChain
llm.is-instance[Runnable]
  Input should be an instance of Runnable [type=is_instance_of, input_value=<auth.GigaChatAuth object at 0x0000022B3C1586E0>, input_type=GigaChatAuth]
    For further information visit https://errors.pydantic.dev/2.11/v/is_instance_of
llm.is-instance[Runnable]
  Input should be an instance of Runnable [type=is_instance_of, input_value=<auth.GigaChatAuth object at 0x0000022B3C1586E0>, input_type=GigaChatAuth]
    For further information visit https://errors.pydantic.dev/2.11/v/is_instance_of
2025-04-21 22:41:52,851 - INFO - Load pretrained SentenceTransformer: sberbank-ai/sbert_large_nlu_ru
2025-04-21 22:41:57,041 - INFO - Операция: Начало чтения документов из директории: documents
2025-04-21 22:41:57,041 - INFO - Операция: Обработка файла
2025-04-21 22:41:57,041 - INFO - Детали: Тип файла: Документ Microsoft Word по заказу.docx
2025-04-21 22:41:57,041 - INFO - Операция: Чтение Word файла
2025-04-21 22:41:57,041 - INFO - Детали: Обработка файла: documents\Документ Microsoft Word по заказу.docx
2025-04-21 22:41:57,045 - INFO - Операция: Успешное чтение Word
2025-04-21 22:41:57,045 - INFO - Детали: Извлечено 1 секций
2025-04-21 22:41:57,045 - INFO - Операция: Успешно прочитан файл: Документ Microsoft Word по заказу.docx
2025-04-21 22:41:57,045 - INFO - Детали: Извлечено 1 секций
2025-04-21 22:41:57,045 - INFO - Операция: Обработка файла
2025-04-21 22:41:57,046 - INFO - Детали: Тип файла: Документ Microsoft Word.docx
2025-04-21 22:41:57,046 - INFO - Операция: Чтение Word файла
2025-04-21 22:41:57,046 - INFO - Детали: Обработка файла: documents\Документ Microsoft Word.docx
2025-04-21 22:41:57,048 - INFO - Операция: Успешное чтение Word
2025-04-21 22:41:57,048 - INFO - Детали: Извлечено 1 секций
2025-04-21 22:41:57,048 - INFO - Операция: Успешно прочитан файл: Документ Microsoft Word.docx
2025-04-21 22:41:57,048 - INFO - Детали: Извлечено 1 секций
2025-04-21 22:41:57,048 - INFO - Операция: Обработка файла
2025-04-21 22:41:57,048 - INFO - Детали: Тип файла: Инструкция_по_сборке_LEGO.pdf
2025-04-21 22:41:57,048 - INFO - Операция: Чтение PDF файла
2025-04-21 22:41:57,048 - INFO - Детали: Обработка файла: documents\Инструкция_по_сборке_LEGO.pdf
2025-04-21 22:41:57,066 - INFO - Операция: Анализ PDF
2025-04-21 22:41:57,066 - INFO - Детали: Файл содержит 48 страниц
2025-04-21 22:41:57,910 - INFO - Операция: Успешное чтение PDF
2025-04-21 22:41:57,910 - INFO - Детали: Извлечено 47 секций
2025-04-21 22:41:57,910 - INFO - Операция: Успешно прочитан файл: Инструкция_по_сборке_LEGO.pdf
2025-04-21 22:41:57,910 - INFO - Детали: Извлечено 47 секций
2025-04-21 22:41:57,910 - INFO - Операция: Обработка файла
2025-04-21 22:41:57,910 - INFO - Детали: Тип файла: Лист Microsoft Excel.xlsx
2025-04-21 22:41:57,910 - INFO - Операция: Чтение Excel файла
2025-04-21 22:41:57,911 - INFO - Детали: Обработка файла: documents\Лист Microsoft Excel.xlsx
2025-04-21 22:41:58,021 - INFO - Операция: Успешное чтение Excel
2025-04-21 22:41:58,021 - INFO - Детали: Извлечено 1 секций
2025-04-21 22:41:58,021 - INFO - Операция: Успешно прочитан файл: Лист Microsoft Excel.xlsx
2025-04-21 22:41:58,021 - INFO - Детали: Извлечено 1 секций
2025-04-21 22:41:58,021 - INFO - Операция: Обработка файла
2025-04-21 22:41:58,021 - INFO - Детали: Тип файла: ММ САП.docx
2025-04-21 22:41:58,021 - INFO - Операция: Чтение Word файла
2025-04-21 22:41:58,022 - INFO - Детали: Обработка файла: documents\ММ САП.docx
2025-04-21 22:41:58,217 - INFO - Операция: Успешное чтение Word
2025-04-21 22:41:58,217 - INFO - Детали: Извлечено 1 секций
2025-04-21 22:41:58,218 - INFO - Операция: Успешно прочитан файл: ММ САП.docx
2025-04-21 22:41:58,218 - INFO - Детали: Извлечено 1 секций
2025-04-21 22:41:58,218 - INFO - Операция: Обработка файла
2025-04-21 22:41:58,218 - INFO - Детали: Тип файла: создание_заказа.txt
2025-04-21 22:41:58,218 - INFO - Операция: Чтение текстового файла: documents\создание_заказа.txt
2025-04-21 22:41:58,218 - INFO - Операция: Успешно прочитан файл: создание_заказа.txt
2025-04-21 22:41:58,219 - INFO - Детали: Извлечено 1 секций
2025-04-21 22:41:58,219 - INFO - Операция: Статистика обработки
2025-04-21 22:41:58,219 - INFO - Детали: Обработано файлов: 6, Всего секций: 52
2025-04-21 22:41:58,219 - INFO - Операция: Создание документов LangChain
2025-04-21 22:41:58,219 - INFO - Детали: Преобразование 52 секций
2025-04-21 22:41:58,219 - INFO - Операция: Создание векторного хранилища
2025-04-21 22:41:58,219 - INFO - Детали: Начало
2025-04-21 22:41:58,219 - INFO - Операция: Создание векторного хранилища
2025-04-21 22:41:58,220 - INFO - Детали: Обработка 52 документов
2025-04-21 22:42:16,721 - INFO - Loading faiss with AVX512 support.
2025-04-21 22:42:16,721 - INFO - Could not load library with AVX512 support due to:
ModuleNotFoundError("No module named 'faiss.swigfaiss_avx512'")
2025-04-21 22:42:16,721 - INFO - Loading faiss with AVX2 support.
2025-04-21 22:42:16,754 - INFO - Successfully loaded faiss with AVX2 support.
2025-04-21 22:42:16,757 - INFO - Failed to load GPU Faiss: name 'GpuIndexIVFFlat' is not defined. Will not load constructor refs for GPU indexes.
2025-04-21 22:42:16,760 - INFO - Операция: Векторное хранилище создано
2025-04-21 22:42:16,760 - INFO - Детали: Успешно
2025-04-21 22:42:16,761 - INFO - Операция: Создание цепочки QA
2025-04-21 22:42:16,761 - INFO - Детали: Начало
2025-04-21 22:42:16,761 - INFO - Операция: Создание агента
2025-04-21 22:42:16,761 - INFO - Детали: Начало
2025-04-21 22:42:16,761 - ERROR - Ошибка: Ошибка при чтении документов: Prompt missing required variables: {'tools', 'tool_names'}
2025-04-21 22:44:35,316 - INFO - Load pretrained SentenceTransformer: sberbank-ai/sbert_large_nlu_ru
2025-04-21 22:44:38,781 - INFO - Операция: Начало чтения документов из директории: documents
2025-04-21 22:44:38,782 - INFO - Операция: Обработка файла
2025-04-21 22:44:38,782 - INFO - Детали: Тип файла: Документ Microsoft Word по заказу.docx
2025-04-21 22:44:38,782 - INFO - Операция: Чтение Word файла
2025-04-21 22:44:38,782 - INFO - Детали: Обработка файла: documents\Документ Microsoft Word по заказу.docx
2025-04-21 22:44:38,786 - INFO - Операция: Успешное чтение Word
2025-04-21 22:44:38,786 - INFO - Детали: Извлечено 1 секций
2025-04-21 22:44:38,786 - INFO - Операция: Успешно прочитан файл: Документ Microsoft Word по заказу.docx
2025-04-21 22:44:38,786 - INFO - Детали: Извлечено 1 секций
2025-04-21 22:44:38,786 - INFO - Операция: Обработка файла
2025-04-21 22:44:38,786 - INFO - Детали: Тип файла: Документ Microsoft Word.docx
2025-04-21 22:44:38,787 - INFO - Операция: Чтение Word файла
2025-04-21 22:44:38,787 - INFO - Детали: Обработка файла: documents\Документ Microsoft Word.docx
2025-04-21 22:44:38,789 - INFO - Операция: Успешное чтение Word
2025-04-21 22:44:38,789 - INFO - Детали: Извлечено 1 секций
2025-04-21 22:44:38,789 - INFO - Операция: Успешно прочитан файл: Документ Microsoft Word.docx
2025-04-21 22:44:38,789 - INFO - Детали: Извлечено 1 секций
2025-04-21 22:44:38,789 - INFO - Операция: Обработка файла
2025-04-21 22:44:38,789 - INFO - Детали: Тип файла: Инструкция_по_сборке_LEGO.pdf
2025-04-21 22:44:38,790 - INFO - Операция: Чтение PDF файла
2025-04-21 22:44:38,790 - INFO - Детали: Обработка файла: documents\Инструкция_по_сборке_LEGO.pdf
2025-04-21 22:44:38,807 - INFO - Операция: Анализ PDF
2025-04-21 22:44:38,807 - INFO - Детали: Файл содержит 48 страниц
2025-04-21 22:44:39,643 - INFO - Операция: Успешное чтение PDF
2025-04-21 22:44:39,643 - INFO - Детали: Извлечено 47 секций
2025-04-21 22:44:39,643 - INFO - Операция: Успешно прочитан файл: Инструкция_по_сборке_LEGO.pdf
2025-04-21 22:44:39,643 - INFO - Детали: Извлечено 47 секций
2025-04-21 22:44:39,644 - INFO - Операция: Обработка файла
2025-04-21 22:44:39,644 - INFO - Детали: Тип файла: Лист Microsoft Excel.xlsx
2025-04-21 22:44:39,644 - INFO - Операция: Чтение Excel файла
2025-04-21 22:44:39,644 - INFO - Детали: Обработка файла: documents\Лист Microsoft Excel.xlsx
2025-04-21 22:44:39,751 - INFO - Операция: Успешное чтение Excel
2025-04-21 22:44:39,752 - INFO - Детали: Извлечено 1 секций
2025-04-21 22:44:39,752 - INFO - Операция: Успешно прочитан файл: Лист Microsoft Excel.xlsx
2025-04-21 22:44:39,752 - INFO - Детали: Извлечено 1 секций
2025-04-21 22:44:39,752 - INFO - Операция: Обработка файла
2025-04-21 22:44:39,752 - INFO - Детали: Тип файла: ММ САП.docx
2025-04-21 22:44:39,752 - INFO - Операция: Чтение Word файла
2025-04-21 22:44:39,752 - INFO - Детали: Обработка файла: documents\ММ САП.docx
2025-04-21 22:44:39,949 - INFO - Операция: Успешное чтение Word
2025-04-21 22:44:39,949 - INFO - Детали: Извлечено 1 секций
2025-04-21 22:44:39,949 - INFO - Операция: Успешно прочитан файл: ММ САП.docx
2025-04-21 22:44:39,949 - INFO - Детали: Извлечено 1 секций
2025-04-21 22:44:39,949 - INFO - Операция: Обработка файла
2025-04-21 22:44:39,949 - INFO - Детали: Тип файла: создание_заказа.txt
2025-04-21 22:44:39,950 - INFO - Операция: Чтение текстового файла: documents\создание_заказа.txt
2025-04-21 22:44:39,950 - INFO - Операция: Успешно прочитан файл: создание_заказа.txt
2025-04-21 22:44:39,950 - INFO - Детали: Извлечено 1 секций
2025-04-21 22:44:39,950 - INFO - Операция: Статистика обработки
2025-04-21 22:44:39,950 - INFO - Детали: Обработано файлов: 6, Всего секций: 52
2025-04-21 22:44:39,950 - INFO - Операция: Создание документов LangChain
2025-04-21 22:44:39,950 - INFO - Детали: Преобразование 52 секций
2025-04-21 22:44:39,951 - INFO - Операция: Создание векторного хранилища
2025-04-21 22:44:39,951 - INFO - Детали: Начало
2025-04-21 22:44:39,951 - INFO - Операция: Создание векторного хранилища
2025-04-21 22:44:39,951 - INFO - Детали: Обработка 52 документов
2025-04-21 22:44:57,944 - INFO - Loading faiss with AVX512 support.
2025-04-21 22:44:57,944 - INFO - Could not load library with AVX512 support due to:
ModuleNotFoundError("No module named 'faiss.swigfaiss_avx512'")
2025-04-21 22:44:57,944 - INFO - Loading faiss with AVX2 support.
2025-04-21 22:44:57,973 - INFO - Successfully loaded faiss with AVX2 support.
2025-04-21 22:44:57,977 - INFO - Failed to load GPU Faiss: name 'GpuIndexIVFFlat' is not defined. Will not load constructor refs for GPU indexes.
2025-04-21 22:44:57,979 - INFO - Операция: Векторное хранилище создано
2025-04-21 22:44:57,979 - INFO - Детали: Успешно
2025-04-21 22:44:57,979 - INFO - Операция: Создание цепочки QA
2025-04-21 22:44:57,979 - INFO - Детали: Начало
2025-04-21 22:44:57,980 - INFO - Операция: Создание агента
2025-04-21 22:44:57,980 - INFO - Детали: Начало
2025-04-21 22:44:57,981 - INFO - Операция: Инициализация завершена
2025-04-21 22:44:57,982 - INFO - Детали: Успешно
2025-04-21 22:45:36,791 - INFO - Операция: Анализ запроса
2025-04-21 22:45:36,791 - INFO - Детали: Начало анализа
2025-04-21 22:45:36,792 - INFO - === Запрос пользователя ===
2025-04-21 22:45:36,792 - INFO - Требуется информация что такое SAP MM?
2025-04-21 22:45:36,792 - INFO - === Ответ системы ===
2025-04-21 22:45:36,793 - INFO - 
2025-04-21 22:45:36,793 - INFO - =====================
2025-04-21 22:45:37,371 - INFO - === Запрос пользователя ===
2025-04-21 22:45:37,371 - INFO - Требуется информация что такое SAP MM?
2025-04-21 22:45:37,371 - INFO - === Ответ системы ===
2025-04-21 22:45:37,371 - INFO - Из предоставленного контекста невозможно найти точной информации о том, что такое SAP MM, так как вопросы и ответы не связаны с данной темой.
2025-04-21 22:45:37,372 - INFO - =====================
2025-04-21 22:46:52,275 - INFO - Load pretrained SentenceTransformer: sberbank-ai/sbert_large_nlu_ru
2025-04-21 22:46:55,801 - INFO - Операция: Начало чтения документов из директории: documents
2025-04-21 22:46:55,801 - INFO - Операция: Обработка файла
2025-04-21 22:46:55,802 - INFO - Детали: Тип файла: Документ Microsoft Word по заказу.docx
2025-04-21 22:46:55,802 - INFO - Операция: Чтение Word файла
2025-04-21 22:46:55,802 - INFO - Детали: Обработка файла: documents\Документ Microsoft Word по заказу.docx
2025-04-21 22:46:55,806 - INFO - Операция: Успешное чтение Word
2025-04-21 22:46:55,806 - INFO - Детали: Извлечено 1 секций
2025-04-21 22:46:55,806 - INFO - Операция: Успешно прочитан файл: Документ Microsoft Word по заказу.docx
2025-04-21 22:46:55,806 - INFO - Детали: Извлечено 1 секций
2025-04-21 22:46:55,806 - INFO - Операция: Обработка файла
2025-04-21 22:46:55,807 - INFO - Детали: Тип файла: Документ Microsoft Word.docx
2025-04-21 22:46:55,807 - INFO - Операция: Чтение Word файла
2025-04-21 22:46:55,807 - INFO - Детали: Обработка файла: documents\Документ Microsoft Word.docx
2025-04-21 22:46:55,808 - INFO - Операция: Успешное чтение Word
2025-04-21 22:46:55,809 - INFO - Детали: Извлечено 1 секций
2025-04-21 22:46:55,809 - INFO - Операция: Успешно прочитан файл: Документ Microsoft Word.docx
2025-04-21 22:46:55,809 - INFO - Детали: Извлечено 1 секций
2025-04-21 22:46:55,809 - INFO - Операция: Обработка файла
2025-04-21 22:46:55,809 - INFO - Детали: Тип файла: Инструкция_по_сборке_LEGO.pdf
2025-04-21 22:46:55,809 - INFO - Операция: Чтение PDF файла
2025-04-21 22:46:55,809 - INFO - Детали: Обработка файла: documents\Инструкция_по_сборке_LEGO.pdf
2025-04-21 22:46:55,828 - INFO - Операция: Анализ PDF
2025-04-21 22:46:55,828 - INFO - Детали: Файл содержит 48 страниц
2025-04-21 22:46:56,652 - INFO - Операция: Успешное чтение PDF
2025-04-21 22:46:56,652 - INFO - Детали: Извлечено 47 секций
2025-04-21 22:46:56,653 - INFO - Операция: Успешно прочитан файл: Инструкция_по_сборке_LEGO.pdf
2025-04-21 22:46:56,653 - INFO - Детали: Извлечено 47 секций
2025-04-21 22:46:56,653 - INFO - Операция: Обработка файла
2025-04-21 22:46:56,653 - INFO - Детали: Тип файла: Лист Microsoft Excel.xlsx
2025-04-21 22:46:56,653 - INFO - Операция: Чтение Excel файла
2025-04-21 22:46:56,653 - INFO - Детали: Обработка файла: documents\Лист Microsoft Excel.xlsx
2025-04-21 22:46:56,759 - INFO - Операция: Успешное чтение Excel
2025-04-21 22:46:56,759 - INFO - Детали: Извлечено 1 секций
2025-04-21 22:46:56,759 - INFO - Операция: Успешно прочитан файл: Лист Microsoft Excel.xlsx
2025-04-21 22:46:56,760 - INFO - Детали: Извлечено 1 секций
2025-04-21 22:46:56,760 - INFO - Операция: Обработка файла
2025-04-21 22:46:56,760 - INFO - Детали: Тип файла: ММ САП.docx
2025-04-21 22:46:56,760 - INFO - Операция: Чтение Word файла
2025-04-21 22:46:56,760 - INFO - Детали: Обработка файла: documents\ММ САП.docx
2025-04-21 22:46:56,966 - INFO - Операция: Успешное чтение Word
2025-04-21 22:46:56,966 - INFO - Детали: Извлечено 1 секций
2025-04-21 22:46:56,966 - INFO - Операция: Успешно прочитан файл: ММ САП.docx
2025-04-21 22:46:56,967 - INFO - Детали: Извлечено 1 секций
2025-04-21 22:46:56,967 - INFO - Операция: Обработка файла
2025-04-21 22:46:56,967 - INFO - Детали: Тип файла: создание_заказа.txt
2025-04-21 22:46:56,967 - INFO - Операция: Чтение текстового файла: documents\создание_заказа.txt
2025-04-21 22:46:56,967 - INFO - Операция: Успешно прочитан файл: создание_заказа.txt
2025-04-21 22:46:56,967 - INFO - Детали: Извлечено 1 секций
2025-04-21 22:46:56,967 - INFO - Операция: Статистика обработки
2025-04-21 22:46:56,968 - INFO - Детали: Обработано файлов: 6, Всего секций: 52
2025-04-21 22:46:56,968 - INFO - Операция: Создание документов LangChain
2025-04-21 22:46:56,968 - INFO - Детали: Преобразование 52 секций
2025-04-21 22:46:56,968 - INFO - Операция: Создание векторного хранилища
2025-04-21 22:46:56,968 - INFO - Детали: Начало
2025-04-21 22:46:56,968 - INFO - Операция: Создание векторного хранилища
2025-04-21 22:46:56,968 - INFO - Детали: Обработка 52 документов
2025-04-21 22:47:15,401 - INFO - Loading faiss with AVX512 support.
2025-04-21 22:47:15,401 - INFO - Could not load library with AVX512 support due to:
ModuleNotFoundError("No module named 'faiss.swigfaiss_avx512'")
2025-04-21 22:47:15,401 - INFO - Loading faiss with AVX2 support.
2025-04-21 22:47:15,413 - INFO - Successfully loaded faiss with AVX2 support.
2025-04-21 22:47:15,417 - INFO - Failed to load GPU Faiss: name 'GpuIndexIVFFlat' is not defined. Will not load constructor refs for GPU indexes.
2025-04-21 22:47:15,439 - INFO - Операция: Векторное хранилище создано
2025-04-21 22:47:15,439 - INFO - Детали: Успешно
2025-04-21 22:47:15,439 - INFO - Операция: Создание цепочки QA
2025-04-21 22:47:15,439 - INFO - Детали: Начало
2025-04-21 22:47:15,440 - INFO - Операция: Создание агента
2025-04-21 22:47:15,440 - INFO - Детали: Начало
2025-04-21 22:47:15,441 - INFO - Операция: Инициализация завершена
2025-04-21 22:47:15,442 - INFO - Детали: Успешно
2025-04-21 22:47:23,843 - INFO - Операция: Анализ запроса
2025-04-21 22:47:23,843 - INFO - Детали: Начало анализа
2025-04-21 22:47:23,843 - INFO - === Запрос пользователя ===
2025-04-21 22:47:23,844 - INFO - Требуется информация что такое SAP MM?
2025-04-21 22:47:23,844 - INFO - === Ответ системы ===
2025-04-21 22:47:23,844 - INFO - 
2025-04-21 22:47:23,844 - INFO - =====================
2025-04-21 22:47:24,336 - INFO - === Запрос пользователя ===
2025-04-21 22:47:24,336 - INFO - Требуется информация что такое SAP MM?
2025-04-21 22:47:24,336 - INFO - === Ответ системы ===
2025-04-21 22:47:24,336 - INFO - Из предоставленного контекста невозможно найти информацию о том, что такое SAP MM, так как вопросы и ответы не относятся к данной теме.
2025-04-21 22:47:24,336 - INFO - =====================
2025-04-21 22:50:48,424 - INFO - Load pretrained SentenceTransformer: sberbank-ai/sbert_large_nlu_ru
2025-04-21 22:50:51,890 - INFO - Операция: Начало чтения документов из директории: documents
2025-04-21 22:50:51,890 - INFO - Операция: Обработка файла
2025-04-21 22:50:51,890 - INFO - Детали: Тип файла: Документ Microsoft Word по заказу.docx
2025-04-21 22:50:51,890 - INFO - Операция: Чтение Word файла
2025-04-21 22:50:51,890 - INFO - Детали: Обработка файла: documents\Документ Microsoft Word по заказу.docx
2025-04-21 22:50:51,895 - INFO - Операция: Успешное чтение Word
2025-04-21 22:50:51,895 - INFO - Детали: Извлечено 2 секций
2025-04-21 22:50:51,895 - INFO - Операция: Секция 1 из файла Документ Microsoft Word по заказу.docx
2025-04-21 22:50:51,895 - INFO - Детали: Раздел: Заголовок документа, Превью: Название документа: Документ Microsoft Word по заказу


2025-04-21 22:50:51,895 - INFO - Операция: Секция 2 из файла Документ Microsoft Word по заказу.docx
2025-04-21 22:50:51,896 - INFO - Детали: Раздел: Основной текст, Превью: Чтобы создать заказ на доставку требуется использовать транзакцию me21n.
Чтобы изменить заказ на дос...
2025-04-21 22:50:51,896 - INFO - Операция: Успешно прочитан файл: Документ Microsoft Word по заказу.docx
2025-04-21 22:50:51,896 - INFO - Детали: Извлечено 2 секций
2025-04-21 22:50:51,896 - INFO - Операция: Обработка файла
2025-04-21 22:50:51,896 - INFO - Детали: Тип файла: Документ Microsoft Word.docx
2025-04-21 22:50:51,896 - INFO - Операция: Чтение Word файла
2025-04-21 22:50:51,896 - INFO - Детали: Обработка файла: documents\Документ Microsoft Word.docx
2025-04-21 22:50:51,898 - INFO - Операция: Успешное чтение Word
2025-04-21 22:50:51,898 - INFO - Детали: Извлечено 2 секций
2025-04-21 22:50:51,898 - INFO - Операция: Секция 1 из файла Документ Microsoft Word.docx
2025-04-21 22:50:51,899 - INFO - Детали: Раздел: Заголовок документа, Превью: Название документа: Документ Microsoft Word


2025-04-21 22:50:51,899 - INFO - Операция: Секция 2 из файла Документ Microsoft Word.docx
2025-04-21 22:50:51,899 - INFO - Детали: Раздел: Основной текст, Превью: Сколько лет я буду жить? Так долго, как пожелаешь….
Как научиться говорить? Ответ: Шёпотом!
Как созд...
2025-04-21 22:50:51,899 - INFO - Операция: Успешно прочитан файл: Документ Microsoft Word.docx
2025-04-21 22:50:51,899 - INFO - Детали: Извлечено 2 секций
2025-04-21 22:50:51,899 - INFO - Операция: Обработка файла
2025-04-21 22:50:51,899 - INFO - Детали: Тип файла: Инструкция_по_сборке_LEGO.pdf
2025-04-21 22:50:51,899 - INFO - Операция: Чтение PDF файла
2025-04-21 22:50:51,900 - INFO - Детали: Обработка файла: documents\Инструкция_по_сборке_LEGO.pdf
2025-04-21 22:50:51,919 - INFO - Операция: Анализ PDF
2025-04-21 22:50:51,919 - INFO - Детали: Файл содержит 48 страниц
2025-04-21 22:50:52,756 - INFO - Операция: Успешное чтение PDF
2025-04-21 22:50:52,757 - INFO - Детали: Извлечено 47 секций
2025-04-21 22:50:52,757 - INFO - Операция: Успешно прочитан файл: Инструкция_по_сборке_LEGO.pdf
2025-04-21 22:50:52,757 - INFO - Детали: Извлечено 47 секций
2025-04-21 22:50:52,757 - INFO - Операция: Обработка файла
2025-04-21 22:50:52,757 - INFO - Детали: Тип файла: Лист Microsoft Excel.xlsx
2025-04-21 22:50:52,757 - INFO - Операция: Чтение Excel файла
2025-04-21 22:50:52,757 - INFO - Детали: Обработка файла: documents\Лист Microsoft Excel.xlsx
2025-04-21 22:50:52,866 - INFO - Операция: Успешное чтение Excel
2025-04-21 22:50:52,867 - INFO - Детали: Извлечено 1 секций
2025-04-21 22:50:52,867 - INFO - Операция: Успешно прочитан файл: Лист Microsoft Excel.xlsx
2025-04-21 22:50:52,867 - INFO - Детали: Извлечено 1 секций
2025-04-21 22:50:52,867 - INFO - Операция: Обработка файла
2025-04-21 22:50:52,867 - INFO - Детали: Тип файла: ММ САП.docx
2025-04-21 22:50:52,867 - INFO - Операция: Чтение Word файла
2025-04-21 22:50:52,867 - INFO - Детали: Обработка файла: documents\ММ САП.docx
2025-04-21 22:50:53,077 - INFO - Операция: Успешное чтение Word
2025-04-21 22:50:53,078 - INFO - Детали: Извлечено 4 секций
2025-04-21 22:50:53,078 - INFO - Операция: Секция 1 из файла ММ САП.docx
2025-04-21 22:50:53,078 - INFO - Детали: Раздел: Заголовок документа, Превью: Название документа: ММ САП


2025-04-21 22:50:53,078 - INFO - Операция: Секция 2 из файла ММ САП.docx
2025-04-21 22:50:53,078 - INFO - Детали: Раздел: Основной текст, Превью: SAP MM - Краткое руководство
Предыдущая страница
Далее
SAP MM - Обзор
SAP ERP (система планирования ...
2025-04-21 22:50:53,079 - INFO - Операция: Секция 3 из файла ММ САП.docx
2025-04-21 22:50:53,079 - INFO - Детали: Раздел: Таблица 1, Превью: [Строка 1, Столбец 1]: Sr.No .
[Строка 1, Столбец 2]: Закупочная Деятельность и Описание
[Строка 2, ...
2025-04-21 22:50:53,079 - INFO - Операция: Секция 4 из файла ММ САП.docx
2025-04-21 22:50:53,079 - INFO - Детали: Раздел: Таблица 2, Превью: [Строка 1, Столбец 1]: Sr.No .
[Строка 1, Столбец 2]: T-Код и описание
[Строка 2, Столбец 1]: 1
[Стр...
2025-04-21 22:50:53,079 - INFO - Операция: Успешно прочитан файл: ММ САП.docx
2025-04-21 22:50:53,079 - INFO - Детали: Извлечено 4 секций
2025-04-21 22:50:53,079 - INFO - Операция: Обработка файла
2025-04-21 22:50:53,079 - INFO - Детали: Тип файла: создание_заказа.txt
2025-04-21 22:50:53,079 - INFO - Операция: Чтение текстового файла: documents\создание_заказа.txt
2025-04-21 22:50:53,080 - INFO - Операция: Содержимое файла создание_заказа.txt
2025-04-21 22:50:53,080 - INFO - Детали: Размер: 1174 символов
2025-04-21 22:50:53,080 - INFO - Операция: Секция 1 из файла создание_заказа.txt
2025-04-21 22:50:53,080 - INFO - Детали: Раздел: Заголовок документа, Превью: Название документа: создание_заказа


2025-04-21 22:50:53,080 - INFO - Операция: Секция 2 из файла создание_заказа.txt
2025-04-21 22:50:53,080 - INFO - Детали: Раздел: # Инструкция по созданию заказа, Превью: # Инструкция по созданию заказа

## Шаги создания заказа в системе
2025-04-21 22:50:53,080 - INFO - Операция: Секция 3 из файла создание_заказа.txt
2025-04-21 22:50:53,081 - INFO - Детали: Раздел: 1. Войдите в личный кабинет, используя логин и пароль.
2. Нажмите на кнопку "Создать новый заказ" в верхнем меню.
3. Выберите товары из каталога, нажимая кнопку "Добавить в корзину".
4. После выбора всех товаров перейдите в корзину.
5. Проверьте состав заказа и общую сумму.
6. Выберите способ доставки из доступных вариантов:
   - Курьерская доставка
   - Самовывоз из пункта выдачи
   - Почтовая доставка
7. Укажите адрес доставки, если выбрана доставка курьером или почтой.
8. Выберите способ оплаты:
   - Банковской картой онлайн
   - При получении
   - Оплата "Улыбкой" (специальная программа лояльности)
9. Нажмите кнопку "Оформить заказ".
10. Вам придет подтверждение о создании заказа на email и SMS., Превью: 1. Войдите в личный кабинет, используя логин и пароль.
2. Нажмите на кнопку "Создать новый заказ" в ...
2025-04-21 22:50:53,081 - INFO - Операция: Секция 4 из файла создание_заказа.txt
2025-04-21 22:50:53,081 - INFO - Детали: Раздел: - Минимальная сумма заказа - 500 рублей.
- Срок доставки зависит от выбранного способа и региона.
- После оформления заказа его состав изменить нельзя.
- Вы можете отменить заказ до его отправки в службу доставки., Превью: - Минимальная сумма заказа - 500 рублей.
- Срок доставки зависит от выбранного способа и региона.
- ...
2025-04-21 22:50:53,081 - INFO - Операция: Успешное чтение TXT
2025-04-21 22:50:53,081 - INFO - Детали: Извлечено 4 секций
2025-04-21 22:50:53,081 - INFO - Операция: Успешно прочитан файл: создание_заказа.txt
2025-04-21 22:50:53,081 - INFO - Детали: Извлечено 4 секций
2025-04-21 22:50:53,081 - INFO - Операция: Статистика обработки
2025-04-21 22:50:53,081 - INFO - Детали: Обработано файлов: 6, Всего секций: 60
2025-04-21 22:50:53,082 - INFO - Операция: Создание документов LangChain
2025-04-21 22:50:53,082 - INFO - Детали: Преобразование 60 секций
2025-04-21 22:50:53,082 - INFO - Операция: Создание векторного хранилища
2025-04-21 22:50:53,082 - INFO - Детали: Начало
2025-04-21 22:50:53,082 - INFO - Операция: Создание векторного хранилища
2025-04-21 22:50:53,082 - INFO - Детали: Обработка 60 документов
2025-04-21 22:51:11,442 - INFO - Loading faiss with AVX512 support.
2025-04-21 22:51:11,442 - INFO - Could not load library with AVX512 support due to:
ModuleNotFoundError("No module named 'faiss.swigfaiss_avx512'")
2025-04-21 22:51:11,442 - INFO - Loading faiss with AVX2 support.
2025-04-21 22:51:11,471 - INFO - Successfully loaded faiss with AVX2 support.
2025-04-21 22:51:11,474 - INFO - Failed to load GPU Faiss: name 'GpuIndexIVFFlat' is not defined. Will not load constructor refs for GPU indexes.
2025-04-21 22:51:11,477 - INFO - Операция: Векторное хранилище создано
2025-04-21 22:51:11,477 - INFO - Детали: Успешно
2025-04-21 22:51:11,477 - INFO - Операция: Создание цепочки QA
2025-04-21 22:51:11,478 - INFO - Детали: Начало
2025-04-21 22:51:11,478 - INFO - Операция: Создание агента
2025-04-21 22:51:11,478 - INFO - Детали: Начало
2025-04-21 22:51:11,479 - INFO - Операция: Инициализация завершена
2025-04-21 22:51:11,480 - INFO - Детали: Успешно
2025-04-21 22:51:22,406 - INFO - Операция: Анализ запроса
2025-04-21 22:51:22,407 - INFO - Детали: Начало анализа
2025-04-21 22:51:22,407 - INFO - === Запрос пользователя ===
2025-04-21 22:51:22,407 - INFO - Требуется информация что такое SAP MM?
2025-04-21 22:51:22,408 - INFO - === Ответ системы ===
2025-04-21 22:51:22,408 - INFO - 
2025-04-21 22:51:22,408 - INFO - =====================
2025-04-21 22:51:22,408 - INFO - Операция: Обработка запроса
2025-04-21 22:51:22,408 - INFO - Детали: Ключевые слова: 'что такое sap mm?'
2025-04-21 22:51:22,408 - INFO - Операция: Поиск SAP-связанных документов
2025-04-21 22:51:22,408 - INFO - Детали: Начало специализированного поиска
2025-04-21 22:51:22,522 - INFO - Операция: Найдено документов
2025-04-21 22:51:22,522 - INFO - Детали: 5 документов по запросу SAP
2025-04-21 22:51:22,522 - INFO - Операция: Документ 1
2025-04-21 22:51:22,523 - INFO - Детали: Источник: создание_заказа.txt, Раздел: # Инструкция по созданию заказа, Превью: # Инструкция по созданию заказа

## Шаги создания заказа в системе
2025-04-21 22:51:22,523 - INFO - Операция: Документ 2
2025-04-21 22:51:22,523 - INFO - Детали: Источник: Документ Microsoft Word по заказу.docx, Раздел: Заголовок документа, Превью: Название документа: Документ Microsoft Word по заказу


2025-04-21 22:51:22,523 - INFO - Операция: Документ 3
2025-04-21 22:51:22,523 - INFO - Детали: Источник: ММ САП.docx, Раздел: Основной текст, Превью: SAP MM - Краткое руководство
Предыдущая страница
Далее
SAP MM - Обзор
SAP ERP (система планирования ...
2025-04-21 22:51:22,523 - INFO - Операция: Документ 4
2025-04-21 22:51:22,523 - INFO - Детали: Источник: Документ Microsoft Word.docx, Раздел: Заголовок документа, Превью: Название документа: Документ Microsoft Word


2025-04-21 22:51:22,523 - INFO - Операция: Документ 5
2025-04-21 22:51:22,524 - INFO - Детали: Источник: создание_заказа.txt, Раздел: Заголовок документа, Превью: Название документа: создание_заказа


2025-04-21 22:51:22,524 - INFO - Операция: Определение типа запроса
2025-04-21 22:51:22,524 - INFO - Детали: Конкретный информационный запрос
2025-04-21 22:51:22,524 - INFO - Операция: Запуск QA цепочки
2025-04-21 22:51:22,524 - INFO - Детали: Начало обработки конкретного запроса
2025-04-21 22:51:22,851 - INFO - Операция: Ответ QA получен
2025-04-21 22:51:22,851 - INFO - Детали: Длина ответа: 21 символов
2025-04-21 22:51:22,852 - INFO - === Запрос пользователя ===
2025-04-21 22:51:22,852 - INFO - Требуется информация что такое SAP MM?
2025-04-21 22:51:22,852 - INFO - === Ответ системы ===
2025-04-21 22:51:22,852 - INFO - Информация не найдена
2025-04-21 22:51:22,853 - INFO - =====================
2025-04-21 23:02:42,207 - INFO - Load pretrained SentenceTransformer: sberbank-ai/sbert_large_nlu_ru
2025-04-21 23:02:47,594 - INFO - Операция: Начало чтения документов из директории: documents
2025-04-21 23:02:47,594 - INFO - Операция: Обработка файла
2025-04-21 23:02:47,594 - INFO - Детали: Тип файла: Документ Microsoft Word по заказу.docx
2025-04-21 23:02:47,595 - INFO - Операция: Чтение Word файла
2025-04-21 23:02:47,595 - INFO - Детали: Обработка файла: documents\Документ Microsoft Word по заказу.docx
2025-04-21 23:02:47,598 - INFO - Операция: Успешное чтение Word
2025-04-21 23:02:47,598 - INFO - Детали: Извлечено 2 секций
2025-04-21 23:02:47,599 - INFO - Операция: Секция 1 из файла Документ Microsoft Word по заказу.docx
2025-04-21 23:02:47,599 - INFO - Детали: Раздел: Заголовок документа, Превью: Название документа: Документ Microsoft Word по заказу


2025-04-21 23:02:47,599 - INFO - Операция: Секция 2 из файла Документ Microsoft Word по заказу.docx
2025-04-21 23:02:47,599 - INFO - Детали: Раздел: Основной текст, Превью: Чтобы создать заказ на доставку требуется использовать транзакцию me21n.
Чтобы изменить заказ на дос...
2025-04-21 23:02:47,599 - INFO - Операция: Успешно прочитан файл: Документ Microsoft Word по заказу.docx
2025-04-21 23:02:47,599 - INFO - Детали: Извлечено 2 секций
2025-04-21 23:02:47,599 - INFO - Операция: Обработка файла
2025-04-21 23:02:47,599 - INFO - Детали: Тип файла: Документ Microsoft Word.docx
2025-04-21 23:02:47,599 - INFO - Операция: Чтение Word файла
2025-04-21 23:02:47,600 - INFO - Детали: Обработка файла: documents\Документ Microsoft Word.docx
2025-04-21 23:02:47,602 - INFO - Операция: Успешное чтение Word
2025-04-21 23:02:47,602 - INFO - Детали: Извлечено 2 секций
2025-04-21 23:02:47,602 - INFO - Операция: Секция 1 из файла Документ Microsoft Word.docx
2025-04-21 23:02:47,602 - INFO - Детали: Раздел: Заголовок документа, Превью: Название документа: Документ Microsoft Word


2025-04-21 23:02:47,602 - INFO - Операция: Секция 2 из файла Документ Microsoft Word.docx
2025-04-21 23:02:47,602 - INFO - Детали: Раздел: Основной текст, Превью: Сколько лет я буду жить? Так долго, как пожелаешь….

Как научиться говорить? Ответ: Шёпотом!

Как со...
2025-04-21 23:02:47,602 - INFO - Операция: Успешно прочитан файл: Документ Microsoft Word.docx
2025-04-21 23:02:47,602 - INFO - Детали: Извлечено 2 секций
2025-04-21 23:02:47,602 - INFO - Операция: Обработка файла
2025-04-21 23:02:47,602 - INFO - Детали: Тип файла: Инструкция_по_сборке_LEGO.pdf
2025-04-21 23:02:47,603 - INFO - Операция: Чтение PDF файла
2025-04-21 23:02:47,603 - INFO - Детали: Обработка файла: documents\Инструкция_по_сборке_LEGO.pdf
2025-04-21 23:02:47,621 - INFO - Операция: Анализ PDF
2025-04-21 23:02:47,621 - INFO - Детали: Файл содержит 48 страниц
2025-04-21 23:02:48,442 - INFO - Операция: Успешное чтение PDF
2025-04-21 23:02:48,442 - INFO - Детали: Извлечено 47 секций
2025-04-21 23:02:48,442 - INFO - Операция: Успешно прочитан файл: Инструкция_по_сборке_LEGO.pdf
2025-04-21 23:02:48,443 - INFO - Детали: Извлечено 47 секций
2025-04-21 23:02:48,443 - INFO - Операция: Обработка файла
2025-04-21 23:02:48,443 - INFO - Детали: Тип файла: Лист Microsoft Excel.xlsx
2025-04-21 23:02:48,443 - INFO - Операция: Чтение Excel файла
2025-04-21 23:02:48,443 - INFO - Детали: Обработка файла: documents\Лист Microsoft Excel.xlsx
2025-04-21 23:02:48,546 - INFO - Операция: Успешное чтение Excel
2025-04-21 23:02:48,546 - INFO - Детали: Извлечено 1 секций
2025-04-21 23:02:48,546 - INFO - Операция: Успешно прочитан файл: Лист Microsoft Excel.xlsx
2025-04-21 23:02:48,546 - INFO - Детали: Извлечено 1 секций
2025-04-21 23:02:48,546 - INFO - Операция: Обработка файла
2025-04-21 23:02:48,547 - INFO - Детали: Тип файла: ММ САП.docx
2025-04-21 23:02:48,547 - INFO - Операция: Чтение Word файла
2025-04-21 23:02:48,547 - INFO - Детали: Обработка файла: documents\ММ САП.docx
2025-04-21 23:02:48,976 - INFO - Операция: Успешное чтение Word
2025-04-21 23:02:48,977 - INFO - Детали: Извлечено 4 секций
2025-04-21 23:02:48,977 - INFO - Операция: Секция 1 из файла ММ САП.docx
2025-04-21 23:02:48,977 - INFO - Детали: Раздел: Документ SAP MM, Превью: ДОКУМЕНТ SAP: ММ САП

Этот документ относится к системе SAP и модулю MM (Material Management). SAP M...
2025-04-21 23:02:48,977 - INFO - Операция: Секция 2 из файла ММ САП.docx
2025-04-21 23:02:48,977 - INFO - Детали: Раздел: Основной текст, Превью: SAP MM CONTENT: SAP MM - Краткое руководство

Предыдущая страница

Далее

SAP MM CONTENT: SAP MM - О...
2025-04-21 23:02:48,977 - INFO - Операция: Секция 3 из файла ММ САП.docx
2025-04-21 23:02:48,977 - INFO - Детали: Раздел: Таблица 1, Превью: SAP MM TABLE DATA:
Таблица 1:

Строка 1: Sr.No . | Закупочная Деятельность и Описание
Строка 2: 1 | ...
2025-04-21 23:02:48,977 - INFO - Операция: Секция 4 из файла ММ САП.docx
2025-04-21 23:02:48,978 - INFO - Детали: Раздел: Таблица 2, Превью: SAP MM TABLE DATA:
Таблица 2:

Строка 1: Sr.No . | T-Код и описание
Строка 2: 1 | ОКС15
Создать комп...
2025-04-21 23:02:48,978 - INFO - Операция: Успешно прочитан файл: ММ САП.docx
2025-04-21 23:02:48,978 - INFO - Детали: Извлечено 4 секций
2025-04-21 23:02:48,978 - INFO - Операция: Обработка файла
2025-04-21 23:02:48,978 - INFO - Детали: Тип файла: создание_заказа.txt
2025-04-21 23:02:48,978 - INFO - Операция: Чтение текстового файла: documents\создание_заказа.txt
2025-04-21 23:02:48,978 - INFO - Операция: Содержимое файла создание_заказа.txt
2025-04-21 23:02:48,979 - INFO - Детали: Размер: 1174 символов
2025-04-21 23:02:48,979 - INFO - Операция: Секция 1 из файла создание_заказа.txt
2025-04-21 23:02:48,979 - INFO - Детали: Раздел: Заголовок документа, Превью: Название документа: создание_заказа


2025-04-21 23:02:48,979 - INFO - Операция: Секция 2 из файла создание_заказа.txt
2025-04-21 23:02:48,979 - INFO - Детали: Раздел: # Инструкция по созданию заказа, Превью: # Инструкция по созданию заказа

## Шаги создания заказа в системе
2025-04-21 23:02:48,979 - INFO - Операция: Секция 3 из файла создание_заказа.txt
2025-04-21 23:02:48,979 - INFO - Детали: Раздел: 1. Войдите в личный кабинет, используя логин и пароль.
2. Нажмите на кнопку "Создать новый заказ" в верхнем меню.
3. Выберите товары из каталога, нажимая кнопку "Добавить в корзину".
4. После выбора всех товаров перейдите в корзину.
5. Проверьте состав заказа и общую сумму.
6. Выберите способ доставки из доступных вариантов:
   - Курьерская доставка
   - Самовывоз из пункта выдачи
   - Почтовая доставка
7. Укажите адрес доставки, если выбрана доставка курьером или почтой.
8. Выберите способ оплаты:
   - Банковской картой онлайн
   - При получении
   - Оплата "Улыбкой" (специальная программа лояльности)
9. Нажмите кнопку "Оформить заказ".
10. Вам придет подтверждение о создании заказа на email и SMS., Превью: 1. Войдите в личный кабинет, используя логин и пароль.
2. Нажмите на кнопку "Создать новый заказ" в ...
2025-04-21 23:02:48,980 - INFO - Операция: Секция 4 из файла создание_заказа.txt
2025-04-21 23:02:48,980 - INFO - Детали: Раздел: - Минимальная сумма заказа - 500 рублей.
- Срок доставки зависит от выбранного способа и региона.
- После оформления заказа его состав изменить нельзя.
- Вы можете отменить заказ до его отправки в службу доставки., Превью: - Минимальная сумма заказа - 500 рублей.
- Срок доставки зависит от выбранного способа и региона.
- ...
2025-04-21 23:02:48,980 - INFO - Операция: Успешное чтение TXT
2025-04-21 23:02:48,980 - INFO - Детали: Извлечено 4 секций
2025-04-21 23:02:48,980 - INFO - Операция: Успешно прочитан файл: создание_заказа.txt
2025-04-21 23:02:48,980 - INFO - Детали: Извлечено 4 секций
2025-04-21 23:02:48,980 - INFO - Операция: Статистика обработки
2025-04-21 23:02:48,980 - INFO - Детали: Обработано файлов: 6, Всего секций: 60
2025-04-21 23:02:48,981 - INFO - Операция: Создание документов LangChain
2025-04-21 23:02:48,981 - INFO - Детали: Преобразование 60 секций
2025-04-21 23:02:48,981 - INFO - Операция: Создание векторного хранилища
2025-04-21 23:02:48,981 - INFO - Детали: Начало
2025-04-21 23:02:48,981 - INFO - Операция: Создание векторного хранилища
2025-04-21 23:02:48,981 - INFO - Детали: Обработка 60 документов
2025-04-21 23:03:07,721 - INFO - Loading faiss with AVX512 support.
2025-04-21 23:03:07,721 - INFO - Could not load library with AVX512 support due to:
ModuleNotFoundError("No module named 'faiss.swigfaiss_avx512'")
2025-04-21 23:03:07,721 - INFO - Loading faiss with AVX2 support.
2025-04-21 23:03:07,752 - INFO - Successfully loaded faiss with AVX2 support.
2025-04-21 23:03:07,756 - INFO - Failed to load GPU Faiss: name 'GpuIndexIVFFlat' is not defined. Will not load constructor refs for GPU indexes.
2025-04-21 23:03:07,758 - INFO - Операция: Векторное хранилище создано
2025-04-21 23:03:07,758 - INFO - Детали: Успешно
2025-04-21 23:03:07,759 - INFO - Операция: Создание цепочки QA
2025-04-21 23:03:07,759 - INFO - Детали: Начало
2025-04-21 23:03:07,759 - INFO - Операция: Создание агента
2025-04-21 23:03:07,759 - INFO - Детали: Начало
2025-04-21 23:03:07,760 - INFO - Операция: Инициализация завершена
2025-04-21 23:03:07,761 - INFO - Детали: Успешно
2025-04-21 23:03:18,927 - INFO - Операция: Анализ запроса
2025-04-21 23:03:18,927 - INFO - Детали: Начало анализа
2025-04-21 23:03:18,927 - INFO - === Запрос пользователя ===
2025-04-21 23:03:18,928 - INFO - Требуется информация о SAP MM
2025-04-21 23:03:18,928 - INFO - === Ответ системы ===
2025-04-21 23:03:18,928 - INFO - 
2025-04-21 23:03:18,928 - INFO - =====================
2025-04-21 23:03:18,928 - INFO - Операция: Обработка запроса
2025-04-21 23:03:18,928 - INFO - Детали: Ключевые слова: 'о sap mm'
2025-04-21 23:03:18,928 - INFO - Операция: Определен SAP-запрос
2025-04-21 23:03:18,929 - INFO - Детали: Запуск специализированного поиска
2025-04-21 23:03:19,035 - INFO - Операция: Найдены SAP-документы
2025-04-21 23:03:19,036 - INFO - Детали: 10 результатов
2025-04-21 23:03:19,036 - INFO - Операция: Проверка документа
2025-04-21 23:03:19,036 - INFO - Детали: Файл: мм сап.docx, Раздел: документ sap mm
2025-04-21 23:03:19,036 - INFO - Операция: Найдено SAP MM совпадение
2025-04-21 23:03:19,036 - INFO - Детали: Файл: мм сап.docx, Раздел: документ sap mm, Превью: документ sap: мм сап

этот документ относится к системе sap и модулю mm (material management). sap m...
2025-04-21 23:03:19,036 - INFO - Операция: Проверка документа
2025-04-21 23:03:19,036 - INFO - Детали: Файл: документ microsoft word по заказу.docx, Раздел: заголовок документа
2025-04-21 23:03:19,036 - INFO - Операция: Проверка документа
2025-04-21 23:03:19,036 - INFO - Детали: Файл: документ microsoft word.docx, Раздел: заголовок документа
2025-04-21 23:03:19,037 - INFO - Операция: Проверка документа
2025-04-21 23:03:19,037 - INFO - Детали: Файл: создание_заказа.txt, Раздел: # инструкция по созданию заказа
2025-04-21 23:03:19,037 - INFO - Операция: Проверка документа
2025-04-21 23:03:19,037 - INFO - Детали: Файл: создание_заказа.txt, Раздел: заголовок документа
2025-04-21 23:03:19,038 - INFO - Операция: Проверка документа
2025-04-21 23:03:19,038 - INFO - Детали: Файл: мм сап.docx, Раздел: основной текст
2025-04-21 23:03:19,038 - INFO - Операция: Найдено SAP MM совпадение
2025-04-21 23:03:19,038 - INFO - Детали: Файл: мм сап.docx, Раздел: основной текст, Превью: sap mm content: sap mm - краткое руководство

предыдущая страница

далее

sap mm content: sap mm - о...
2025-04-21 23:03:19,038 - INFO - Операция: Проверка документа
2025-04-21 23:03:19,038 - INFO - Детали: Файл: инструкция_по_сборке_lego.pdf, Раздел: страница 35
2025-04-21 23:03:19,038 - INFO - Операция: Проверка документа
2025-04-21 23:03:19,038 - INFO - Детали: Файл: инструкция_по_сборке_lego.pdf, Раздел: страница 40
2025-04-21 23:03:19,038 - INFO - Операция: Проверка документа
2025-04-21 23:03:19,039 - INFO - Детали: Файл: мм сап.docx, Раздел: таблица 1
2025-04-21 23:03:19,039 - INFO - Операция: Найдено SAP MM совпадение
2025-04-21 23:03:19,039 - INFO - Детали: Файл: мм сап.docx, Раздел: таблица 1, Превью: sap mm table data:
таблица 1:

строка 1: sr.no . | закупочная деятельность и описание
строка 2: 1 | ...
2025-04-21 23:03:19,039 - INFO - Операция: Проверка документа
2025-04-21 23:03:19,039 - INFO - Детали: Файл: документ microsoft word по заказу.docx, Раздел: основной текст
2025-04-21 23:03:19,039 - INFO - Операция: Отфильтровано 3 SAP документов
2025-04-21 23:03:19,039 - INFO - Детали: Формирование прямого ответа на основе SAP документов
2025-04-21 23:03:29,919 - INFO - Операция: Получен ответ на SAP-запрос
2025-04-21 23:03:29,919 - INFO - Детали: Длина ответа: 5900 символов
2025-04-21 23:03:29,920 - INFO - === Запрос пользователя ===
2025-04-21 23:03:29,921 - INFO - Требуется информация о SAP MM
2025-04-21 23:03:29,921 - INFO - === Ответ системы ===
2025-04-21 23:03:29,921 - INFO - Информация найдена на странице 1 в разделе **"Основной текст"**:

SAP MM CONTENT: SAP MM - Процесс закупок

SAP MM CONTENT: Каждая организация приобретает материалы или услуги для удовлетворения своих бизнес-потребностей. Процесс покупки материалов и получения услуг от поставщиков или дилеров называется закупками. Этапы, необходимые для закупки материалов, составляют цикл закупок. Каждая организация выполняет несколько последовательных этапов для закупки материалов в нужном количестве по нужной цене.  

Информация найдена на странице 1 в разделе **"Основной текст"**:

SAP MM CONTENT: SAP MM - Запрос ценового предложения

Запрос ценового предложения — это форма приглашения, которая отправляется поставщикам с просьбой предоставить ценовое предложение с указанием цен и условий. В нем содержится информация о товарах или услугах, количестве, дате поставки и дате подачи заявки.

Информация найдена на странице 1 в разделе **"Основной текст"**:

SAP MM CONTENT: SAP MM - Общее соглашение

Выбор поставщика — важный процесс в цикле закупок. Поставщиков можно выбирать с помощью запроса котировок. После того как организация выберет поставщика, она заключает с ним соглашение о поставке определенных товаров на определенных условиях. Как правило, после достижения соглашения с поставщиком подписывается официальный контракт.

Информация найдена на странице 1 в разделе **"Основной текст"**:

SAP MM CONTENT: SAP MM - Порядок распределения квот

В зависимости от потребностей конкретный материал может быть закуплен у разных поставщиков. Общая потребность в материале распределяется между разными поставщиками, то есть каждому источнику поставок назначается квота. Это называется распределением квот.

Информация найдена на странице 1 в разделе **"Основной текст"**:

SAP MM CONTENT: SAP MM - Период публикации

Период публикации позволяет публиковать документы и вносить в них изменения только в течение определённого периода времени. Иногда вы можете столкнуться с ошибками, например, что публикация разрешена только в этот период времени для определённого кода компании. Это означает, что для определённого кода компании поддерживается период публикации, и публикация этого документа разрешена только в течение этого периода.

Информация найдена на странице 1 в разделе **"Основной текст"**:

SAP MM CONTENT: SAP MM - Типы заказов на поставку

Система SAP ERP была внедрена для того, чтобы закупки можно было осуществлять эффективно с точки зрения времени и затрат. Закупки могут осуществляться для различных видов товаров и услуг. Заказы на поставку могут создаваться для различных видов закупок.

Информация найдена на странице 1 в разделе **"Основной текст"**:

SAP MM CONTENT: SAP MM - Управление запасами

Процесс закупки начинается со сбора требований и заканчивается закупкой товаров у поставщиков. После того как товары закуплены у поставщика, их необходимо разместить в помещениях компании в правильном месте, чтобы их можно было использовать по мере необходимости. Управление запасами связано с размещением и обработкой запасов, полученных от поставщиков, в правильном месте в помещениях компании.

Информация найдена на странице 1 в разделе **"Основной текст"**:

SAP MM CONTENT: SAP MM - Проверка счета-фактуры

Каждая организация приобретает товары или услуги для удовлетворения своих бизнес-потребностей. После того как товары приобретены у поставщика и доставлены в помещение компании, нам необходимо оплатить поставщику приобретенные товары и услуги. Сумма к оплате вместе с подробной информацией о материалах предоставляется поставщиком в виде документа, который называется счетом-фактурой. Прежде чем оплачивать счет-фактуру, нам необходимо проверить его. Этот процесс проверки счета-фактуры перед оплатой называется проверкой счета-фактуры.

Информация найдена на странице 1 в разделе **"Основной текст"**:

SAP MM CONTENT: SAP MM - Управление сервисами

Помимо закупки товаров, организации иногда могут потребоваться какие-либо услуги. Такие услуги включают в себя небольшие работы по техническому обслуживанию, такие как замена света, покраска и уборка. Эти услуги предоставляются внешними подрядчиками, и, следовательно, весь процесс закупки услуг известен как управление услугами.

Информация найдена на странице 1 в разделе **"Основной текст"**:

SAP MM CONTENT: SAP MM - Оценка

Процесс закупок начинается с создания заказа на поставку и заканчивается проверкой счета-фактуры. Одной из важных составляющих всего процесса является оценка материалов. При создании заказов на поставку цена материалов является обязательным полем и определяется автоматически. Это происходит потому, что оценка материалов ведется в системе SAP в справочнике материалов. Оценка материалов представляет собой интеграцию между модулями MM и FI (финансовый учёт), поскольку она обновляет счета главной книги в финансовом учёте.

Информация найдена на странице 1 в разделе **"Основной текст"**:

SAP MM CONTENT: SAP MM - Определение учетной записи

В SAP MM процесс закупок включает в себя оплату товаров и услуг, которые организация должна выплатить поставщику. Оплаченные расходы должны быть отражены в организации на соответствующем счете в главной бухгалтерской книге (G/L). Невозможно каждый раз при закупке вспоминать и указывать правильный счет в главной бухгалтерской книге. Чтобы избежать этого неудобства, систему SAP можно настроить таким образом, чтобы она автоматически определяла правильный счет в главной бухгалтерской книге, на который нужно отнести расходы.

Информация найдена на странице 1 в разделе **"Основной текст"**:

SAP MM CONTENT: SAP MM - Конфигурация

SAP MM достаточно гибок, чтобы можно было изменять его конфигурации в фоновом режиме в соответствии с бизнес-требованиями организации. Конфигурации помогают вносить изменения в структуру. В этой главе описаны некоторые важные конфигурации в SAP MM.

Информация найдена на странице 1 в разделе **"Основной текст"**:
2025-04-21 23:03:29,921 - INFO - =====================
2025-04-21 23:04:35,638 - INFO - Операция: Анализ запроса
2025-04-21 23:04:35,638 - INFO - Детали: Начало анализа
2025-04-21 23:04:35,639 - INFO - === Запрос пользователя ===
2025-04-21 23:04:35,639 - INFO - Требуется информация что такое SAP MM?
2025-04-21 23:04:35,639 - INFO - === Ответ системы ===
2025-04-21 23:04:35,639 - INFO - 
2025-04-21 23:04:35,639 - INFO - =====================
2025-04-21 23:04:35,639 - INFO - Операция: Обработка запроса
2025-04-21 23:04:35,639 - INFO - Детали: Ключевые слова: 'что такое sap mm?'
2025-04-21 23:04:35,639 - INFO - Операция: Определен SAP-запрос
2025-04-21 23:04:35,639 - INFO - Детали: Запуск специализированного поиска
2025-04-21 23:04:35,704 - INFO - Операция: Найдены SAP-документы
2025-04-21 23:04:35,704 - INFO - Детали: 10 результатов
2025-04-21 23:04:35,704 - INFO - Операция: Проверка документа
2025-04-21 23:04:35,704 - INFO - Детали: Файл: мм сап.docx, Раздел: документ sap mm
2025-04-21 23:04:35,704 - INFO - Операция: Найдено SAP MM совпадение
2025-04-21 23:04:35,705 - INFO - Детали: Файл: мм сап.docx, Раздел: документ sap mm, Превью: документ sap: мм сап

этот документ относится к системе sap и модулю mm (material management). sap m...
2025-04-21 23:04:35,705 - INFO - Операция: Проверка документа
2025-04-21 23:04:35,705 - INFO - Детали: Файл: документ microsoft word по заказу.docx, Раздел: заголовок документа
2025-04-21 23:04:35,705 - INFO - Операция: Проверка документа
2025-04-21 23:04:35,705 - INFO - Детали: Файл: документ microsoft word.docx, Раздел: заголовок документа
2025-04-21 23:04:35,705 - INFO - Операция: Проверка документа
2025-04-21 23:04:35,705 - INFO - Детали: Файл: создание_заказа.txt, Раздел: # инструкция по созданию заказа
2025-04-21 23:04:35,705 - INFO - Операция: Проверка документа
2025-04-21 23:04:35,705 - INFO - Детали: Файл: создание_заказа.txt, Раздел: заголовок документа
2025-04-21 23:04:35,706 - INFO - Операция: Проверка документа
2025-04-21 23:04:35,706 - INFO - Детали: Файл: мм сап.docx, Раздел: основной текст
2025-04-21 23:04:35,706 - INFO - Операция: Найдено SAP MM совпадение
2025-04-21 23:04:35,706 - INFO - Детали: Файл: мм сап.docx, Раздел: основной текст, Превью: sap mm content: sap mm - краткое руководство

предыдущая страница

далее

sap mm content: sap mm - о...
2025-04-21 23:04:35,706 - INFO - Операция: Проверка документа
2025-04-21 23:04:35,706 - INFO - Детали: Файл: инструкция_по_сборке_lego.pdf, Раздел: страница 35
2025-04-21 23:04:35,707 - INFO - Операция: Проверка документа
2025-04-21 23:04:35,707 - INFO - Детали: Файл: инструкция_по_сборке_lego.pdf, Раздел: страница 40
2025-04-21 23:04:35,707 - INFO - Операция: Проверка документа
2025-04-21 23:04:35,707 - INFO - Детали: Файл: мм сап.docx, Раздел: таблица 1
2025-04-21 23:04:35,707 - INFO - Операция: Найдено SAP MM совпадение
2025-04-21 23:04:35,707 - INFO - Детали: Файл: мм сап.docx, Раздел: таблица 1, Превью: sap mm table data:
таблица 1:

строка 1: sr.no . | закупочная деятельность и описание
строка 2: 1 | ...
2025-04-21 23:04:35,707 - INFO - Операция: Проверка документа
2025-04-21 23:04:35,707 - INFO - Детали: Файл: документ microsoft word по заказу.docx, Раздел: основной текст
2025-04-21 23:04:35,707 - INFO - Операция: Отфильтровано 3 SAP документов
2025-04-21 23:04:35,707 - INFO - Детали: Формирование прямого ответа на основе SAP документов
2025-04-21 23:04:46,039 - INFO - Операция: Получен ответ на SAP-запрос
2025-04-21 23:04:46,039 - INFO - Детали: Длина ответа: 6103 символов
2025-04-21 23:04:46,041 - INFO - === Запрос пользователя ===
2025-04-21 23:04:46,041 - INFO - Требуется информация что такое SAP MM?
2025-04-21 23:04:46,041 - INFO - === Ответ системы ===
2025-04-21 23:04:46,041 - INFO - **Информация найдена на странице 1 в разделе Основной текст:**

SAP MM CONTENT: SAP MM - Процесс закупок

SAP MM CONTENT: Каждая организация приобретает материалы или услуги для удовлетворения своих бизнес-потребностей. Процесс покупки материалов и получения услуг от поставщиков или дилеров называется закупками. Этапы, необходимые для закупки материалов, составляют цикл закупок. Каждая организация выполняет несколько последовательных этапов для закупки материалов в нужном количестве по нужной цене. Важные этапы цикла закупок следующие:

Определение потребности

Создание заказа на покупку

Учет Поступления товара

Разноска счета-фактуры

**Информация найдена на странице 1 в разделе Основной текст:**

SAP MM CONTENT: SAP MM - Определение источника / Список

Объединенная информация о материале и поставщике хранится в записи, известной как запись информации о покупке. Но конкретный материал можно заказать у разных поставщиков через разные промежутки времени. Эта информация может храниться в списке, который называется списком источников. Ключевые моменты, на которые следует обратить внимание при составлении списка источников, следующие:

Список источников включает в себя перечень возможных источников поставок материала в течение определённого периода времени.

Список источников указывает период времени, в течение которого был заказан конкретный материал у определённого поставщика.

Список источников может быть скопирован с одного растения на другое растение.

Список источников может быть создан следующими двумя способами:

Автоматически

Вручную

**Информация найдена на странице 1 в разделе Основной текст:**

SAP MM CONTENT: SAP MM - Запрос ценового предложения

Выбор поставщика — важный этап в цикле закупок. После сбора требований мы начинаем искать возможных поставщиков, которые могут выполнить требования по наиболее выгодной цене. Таким образом, мы направляем поставщикам запрос на предоставление ценовых предложений с указанием стоимости материала, а также их условий. Этот запрос называется запросом ценовых предложений (RFQ). Ниже перечислены основные моменты, на которые следует обратить внимание при запросе ценовых предложений:

Запрос ценовых предложений — это форма приглашения, которая отправляется поставщикам с просьбой предоставить ценовое предложение с указанием цен и условий.

В нём содержится информация о товарах или услугах, количестве, дате поставки и дате подачи заявки.

SAP MM CONTENT: Коммерческое предложение — это ответ поставщика в ответ на запрос коммерческого предложения.

Запрос запроса может быть создан следующими двумя способами:

Вручную

Автоматически из заявки на покупку

**Информация найдена на странице 1 в разделе Основной текст:**

SAP MM CONTENT: SAP MM - Общее соглашение

Выбор поставщика — важный процесс в цикле закупок. Поставщиков можно выбирать с помощью запроса котировок. После того как организация выберет поставщика, она заключает с ним соглашение о поставке определенных товаров на определенных условиях. Как правило, после достижения соглашения с поставщиком подписывается официальный контракт. Таким образом, предварительное соглашение — это долгосрочное соглашение о закупке с поставщиком.  

Ключевыми моментами, на которые следует обратить внимание в отношении общего соглашения, являются следующие:

Рамочное соглашение — это долгосрочное соглашение о покупке с поставщиком, содержащее условия поставки материалов поставщиком.

Условия предварительного договора действительны в течение определённого периода времени и распространяются на определённое заранее установленное количество или стоимость.

Общее соглашение может быть следующих двух типов:

Контракт

Соглашение о Расписании

**Информация найдена на странице 1 в разделе Основной текст:**

SAP MM CONTENT: SAP MM - Период публикации

SAP MM CONTENT: Системы SAP ERP были разработаны таким образом, чтобы бизнес можно было вести эффективно. Такие документы, как заказ на поставку, запрос коммерческого предложения, получение товара, являются важными элементами бизнеса. Эти документы нуждаются в защите, т. е. если какой-либо из документов будет отправлен неправильно, это может повлиять на бизнес на разных уровнях. Чтобы защитить эти документы, мы используем концепцию, известную как период отправки.

Период публикации позволяет публиковать документы и вносить в них изменения только в течение определённого периода времени. Иногда вы можете столкнуться с ошибками, например, что публикация разрешена только в этот период времени для определённого кода компании. Это означает, что для определённого кода компании поддерживается период публикации, и публикация этого документа разрешена только в течение этого периода.  

**Информация найдена на странице 1 в разделе Основной текст:**

SAP MM CONTENT: SAP MM - Типы заказов на поставку

SAP MM CONTENT: Система SAP ERP была внедрена для того, чтобы закупки можно было осуществлять эффективно с точки зрения времени и затрат. Закупки могут осуществляться для различных видов товаров и услуг. Закупки начинаются с создания заказа на поставку, то есть официального документа, который предоставляется поставщикам и включает в себя список товаров и материалов, которые необходимо закупить. Соответственно, заказы на поставку могут создаваться для различных видов закупок.  

Тип закупки можно указать в поле, известном как категория товара.  

Для разных типов закупок существует четыре вида заказов на поставку:

Субподрядный Заказ на поставку

Консигнационный Заказ На покупку

Заказ На покупку Для Передачи Запасов

Заказ На покупку Услуги

**Информация найдена на странице 1 в разделе Основной текст:**

SAP MM CONTENT: SAP MM - Управление запасами

Процесс закупки начинается со сбора требований и заканчивается закупкой товаров у поставщиков. После того как товары закуплены у поставщика, их необходимо разместить в помещениях компании в правильном месте, чтобы их можно было использовать по мере необходимости. Управление запасами связано с размещением и обработкой запасов, полученных от поставщиков, в правильном месте в помещениях компании.  

Ниже перечислены моменты, на которые следует обратить
2025-04-21 23:04:46,042 - INFO - =====================
2025-04-21 23:05:14,139 - INFO - Операция: Анализ запроса
2025-04-21 23:05:14,140 - INFO - Детали: Начало анализа
2025-04-21 23:05:14,140 - INFO - === Запрос пользователя ===
2025-04-21 23:05:14,140 - INFO - Требуется информация до скольки лет я буду жить?
2025-04-21 23:05:14,140 - INFO - === Ответ системы ===
2025-04-21 23:05:14,141 - INFO - 
2025-04-21 23:05:14,141 - INFO - =====================
2025-04-21 23:05:14,141 - INFO - Операция: Обработка запроса
2025-04-21 23:05:14,141 - INFO - Детали: Ключевые слова: 'до скольки лет я буду жить?'
2025-04-21 23:05:14,141 - INFO - Операция: Определение типа запроса
2025-04-21 23:05:14,141 - INFO - Детали: Конкретный информационный запрос
2025-04-21 23:05:14,141 - INFO - Операция: Запуск QA цепочки
2025-04-21 23:05:14,142 - INFO - Детали: Начало обработки конкретного запроса
2025-04-21 23:05:14,206 - INFO - Операция: Найдено документов
2025-04-21 23:05:14,206 - INFO - Детали: 10 результатов
2025-04-21 23:05:14,206 - INFO - Операция: Документ 1
2025-04-21 23:05:14,206 - INFO - Детали: Источник: Лист Microsoft Excel.xlsx, Раздел: н/д, Превью: Заголовки таблицы: Вопрос | Ответ

Строка 1: Где находится Караганда? | Нужно спросить у Эмми
Строка...
2025-04-21 23:05:14,206 - INFO - Операция: Документ 2
2025-04-21 23:05:14,206 - INFO - Детали: Источник: Документ Microsoft Word.docx, Раздел: Основной текст, Превью: Сколько лет я буду жить? Так долго, как пожелаешь….

Как научиться говорить? Ответ: Шёпотом!

Как со...
2025-04-21 23:05:14,207 - INFO - Операция: Документ 3
2025-04-21 23:05:14,207 - INFO - Детали: Источник: Инструкция_по_сборке_LEGO.pdf, Раздел: Страница 30, Превью: 30


2025-04-21 23:05:14,207 - INFO - Операция: Документ 4
2025-04-21 23:05:14,207 - INFO - Детали: Источник: Инструкция_по_сборке_LEGO.pdf, Раздел: Страница 6, Превью: 1
 2
3
6


2025-04-21 23:05:14,207 - INFO - Операция: Документ 5
2025-04-21 23:05:14,207 - INFO - Детали: Источник: Инструкция_по_сборке_LEGO.pdf, Раздел: Страница 43, Превью: 43


2025-04-21 23:05:14,207 - INFO - Операция: Документ 6
2025-04-21 23:05:14,207 - INFO - Детали: Источник: Инструкция_по_сборке_LEGO.pdf, Раздел: Страница 32, Превью: 32


2025-04-21 23:05:14,207 - INFO - Операция: Документ 7
2025-04-21 23:05:14,207 - INFO - Детали: Источник: Инструкция_по_сборке_LEGO.pdf, Раздел: Страница 44, Превью: 44


2025-04-21 23:05:14,207 - INFO - Операция: Документ 8
2025-04-21 23:05:14,207 - INFO - Детали: Источник: Инструкция_по_сборке_LEGO.pdf, Раздел: Страница 5, Превью: 2 1
5


2025-04-21 23:05:14,208 - INFO - Операция: Документ 9
2025-04-21 23:05:14,208 - INFO - Детали: Источник: Инструкция_по_сборке_LEGO.pdf, Раздел: Страница 10, Превью: 1x
3
10


2025-04-21 23:05:14,208 - INFO - Операция: Документ 10
2025-04-21 23:05:14,208 - INFO - Детали: Источник: Инструкция_по_сборке_LEGO.pdf, Раздел: Страница 4, Превью: 1
1
4


2025-04-21 23:05:14,517 - INFO - Операция: Ответ QA получен
2025-04-21 23:05:14,517 - INFO - Детали: Длина ответа: 21 символов
2025-04-21 23:05:14,518 - INFO - === Запрос пользователя ===
2025-04-21 23:05:14,518 - INFO - Требуется информация до скольки лет я буду жить?
2025-04-21 23:05:14,518 - INFO - === Ответ системы ===
2025-04-21 23:05:14,518 - INFO - Информация не найдена
2025-04-21 23:05:14,518 - INFO - =====================
2025-04-21 23:05:48,549 - INFO - Операция: Анализ запроса
2025-04-21 23:05:48,549 - INFO - Детали: Начало анализа
2025-04-21 23:05:48,549 - INFO - === Запрос пользователя ===
2025-04-21 23:05:48,550 - INFO - Требуется информация Как научиться говорить?
2025-04-21 23:05:48,550 - INFO - === Ответ системы ===
2025-04-21 23:05:48,550 - INFO - 
2025-04-21 23:05:48,550 - INFO - =====================
2025-04-21 23:05:48,550 - INFO - Операция: Обработка запроса
2025-04-21 23:05:48,550 - INFO - Детали: Ключевые слова: 'как научиться говорить?'
2025-04-21 23:05:48,550 - INFO - Операция: Определение типа запроса
2025-04-21 23:05:48,550 - INFO - Детали: Конкретный информационный запрос
2025-04-21 23:05:48,550 - INFO - Операция: Запуск QA цепочки
2025-04-21 23:05:48,550 - INFO - Детали: Начало обработки конкретного запроса
2025-04-21 23:05:48,608 - INFO - Операция: Найдено документов
2025-04-21 23:05:48,608 - INFO - Детали: 10 результатов
2025-04-21 23:05:48,608 - INFO - Операция: Документ 1
2025-04-21 23:05:48,609 - INFO - Детали: Источник: Документ Microsoft Word.docx, Раздел: Основной текст, Превью: Сколько лет я буду жить? Так долго, как пожелаешь….

Как научиться говорить? Ответ: Шёпотом!

Как со...
2025-04-21 23:05:48,609 - INFO - Операция: Документ 2
2025-04-21 23:05:48,609 - INFO - Детали: Источник: Лист Microsoft Excel.xlsx, Раздел: н/д, Превью: Заголовки таблицы: Вопрос | Ответ

Строка 1: Где находится Караганда? | Нужно спросить у Эмми
Строка...
2025-04-21 23:05:48,609 - INFO - Операция: Документ 3
2025-04-21 23:05:48,609 - INFO - Детали: Источник: Документ Microsoft Word.docx, Раздел: Заголовок документа, Превью: Название документа: Документ Microsoft Word


2025-04-21 23:05:48,609 - INFO - Операция: Документ 4
2025-04-21 23:05:48,609 - INFO - Детали: Источник: создание_заказа.txt, Раздел: Заголовок документа, Превью: Название документа: создание_заказа


2025-04-21 23:05:48,609 - INFO - Операция: Документ 5
2025-04-21 23:05:48,610 - INFO - Детали: Источник: Документ Microsoft Word по заказу.docx, Раздел: Заголовок документа, Превью: Название документа: Документ Microsoft Word по заказу


2025-04-21 23:05:48,610 - INFO - Операция: Документ 6
2025-04-21 23:05:48,610 - INFO - Детали: Источник: создание_заказа.txt, Раздел: # Инструкция по созданию заказа, Превью: # Инструкция по созданию заказа

## Шаги создания заказа в системе
2025-04-21 23:05:48,610 - INFO - Операция: Документ 7
2025-04-21 23:05:48,610 - INFO - Детали: Источник: ММ САП.docx, Раздел: Документ SAP MM, Превью: ДОКУМЕНТ SAP: ММ САП

Этот документ относится к системе SAP и модулю MM (Material Management). SAP M...
2025-04-21 23:05:48,610 - INFO - Операция: Документ 8
2025-04-21 23:05:48,610 - INFO - Детали: Источник: Инструкция_по_сборке_LEGO.pdf, Раздел: Страница 3, Превью: LEGO® Builder


2025-04-21 23:05:48,610 - INFO - Операция: Документ 9
2025-04-21 23:05:48,610 - INFO - Детали: Источник: Документ Microsoft Word по заказу.docx, Раздел: Основной текст, Превью: Чтобы создать заказ на доставку требуется использовать транзакцию me21n.
Чтобы изменить заказ на дос...
2025-04-21 23:05:48,611 - INFO - Операция: Документ 10
2025-04-21 23:05:48,611 - INFO - Детали: Источник: Инструкция_по_сборке_LEGO.pdf, Раздел: Страница 8, Превью: 1x
 1x
1
8


2025-04-21 23:05:49,801 - INFO - Операция: Ответ QA получен
2025-04-21 23:05:49,802 - INFO - Детали: Длина ответа: 22 символов
2025-04-21 23:05:49,802 - INFO - === Запрос пользователя ===
2025-04-21 23:05:49,802 - INFO - Требуется информация Как научиться говорить?
2025-04-21 23:05:49,803 - INFO - === Ответ системы ===
2025-04-21 23:05:49,803 - INFO - Информация не найдена.
2025-04-21 23:05:49,803 - INFO - =====================
2025-04-21 23:17:48,616 - INFO - Load pretrained SentenceTransformer: sberbank-ai/sbert_large_nlu_ru
2025-04-21 23:17:52,233 - INFO - Операция: Начало чтения документов из директории: documents
2025-04-21 23:17:52,234 - INFO - Операция: Обработка файла
2025-04-21 23:17:52,234 - INFO - Детали: Тип файла: Документ Microsoft Word по заказу.docx
2025-04-21 23:17:52,234 - INFO - Операция: Чтение Word файла
2025-04-21 23:17:52,234 - INFO - Детали: Обработка файла: documents\Документ Microsoft Word по заказу.docx
2025-04-21 23:17:52,238 - INFO - Операция: Успешное чтение Word
2025-04-21 23:17:52,238 - INFO - Детали: Извлечено 2 секций
2025-04-21 23:17:52,238 - INFO - Операция: Секция 1 из файла Документ Microsoft Word по заказу.docx
2025-04-21 23:17:52,238 - INFO - Детали: Раздел: Заголовок документа, Превью: Название документа: Документ Microsoft Word по заказу


2025-04-21 23:17:52,238 - INFO - Операция: Секция 2 из файла Документ Microsoft Word по заказу.docx
2025-04-21 23:17:52,238 - INFO - Детали: Раздел: Основной текст, Превью: Чтобы создать заказ на доставку требуется использовать транзакцию me21n.
Чтобы изменить заказ на дос...
2025-04-21 23:17:52,239 - INFO - Операция: Успешно прочитан файл: Документ Microsoft Word по заказу.docx
2025-04-21 23:17:52,239 - INFO - Детали: Извлечено 2 секций
2025-04-21 23:17:52,239 - INFO - Операция: Обработка файла
2025-04-21 23:17:52,239 - INFO - Детали: Тип файла: Документ Microsoft Word.docx
2025-04-21 23:17:52,239 - INFO - Операция: Чтение Word файла
2025-04-21 23:17:52,239 - INFO - Детали: Обработка файла: documents\Документ Microsoft Word.docx
2025-04-21 23:17:52,241 - INFO - Операция: Успешное чтение Word
2025-04-21 23:17:52,241 - INFO - Детали: Извлечено 2 секций
2025-04-21 23:17:52,241 - INFO - Операция: Секция 1 из файла Документ Microsoft Word.docx
2025-04-21 23:17:52,241 - INFO - Детали: Раздел: Заголовок документа, Превью: Название документа: Документ Microsoft Word


2025-04-21 23:17:52,241 - INFO - Операция: Секция 2 из файла Документ Microsoft Word.docx
2025-04-21 23:17:52,242 - INFO - Детали: Раздел: Основной текст, Превью: Сколько лет я буду жить? Так долго, как пожелаешь….

Как научиться говорить? Ответ: Шёпотом!

Как со...
2025-04-21 23:17:52,242 - INFO - Операция: Успешно прочитан файл: Документ Microsoft Word.docx
2025-04-21 23:17:52,242 - INFO - Детали: Извлечено 2 секций
2025-04-21 23:17:52,242 - INFO - Операция: Обработка файла
2025-04-21 23:17:52,242 - INFO - Детали: Тип файла: Инструкция_по_сборке_LEGO.pdf
2025-04-21 23:17:52,242 - INFO - Операция: Чтение PDF файла
2025-04-21 23:17:52,242 - INFO - Детали: Обработка файла: documents\Инструкция_по_сборке_LEGO.pdf
2025-04-21 23:17:52,260 - INFO - Операция: Анализ PDF
2025-04-21 23:17:52,260 - INFO - Детали: Файл содержит 48 страниц
2025-04-21 23:17:53,100 - INFO - Операция: Успешное чтение PDF
2025-04-21 23:17:53,100 - INFO - Детали: Извлечено 47 секций
2025-04-21 23:17:53,100 - INFO - Операция: Успешно прочитан файл: Инструкция_по_сборке_LEGO.pdf
2025-04-21 23:17:53,100 - INFO - Детали: Извлечено 47 секций
2025-04-21 23:17:53,100 - INFO - Операция: Обработка файла
2025-04-21 23:17:53,100 - INFO - Детали: Тип файла: Лист Microsoft Excel.xlsx
2025-04-21 23:17:53,100 - INFO - Операция: Чтение Excel файла
2025-04-21 23:17:53,100 - INFO - Детали: Обработка файла: documents\Лист Microsoft Excel.xlsx
2025-04-21 23:17:53,211 - INFO - Операция: Успешное чтение Excel
2025-04-21 23:17:53,211 - INFO - Детали: Извлечено 1 секций
2025-04-21 23:17:53,211 - INFO - Операция: Успешно прочитан файл: Лист Microsoft Excel.xlsx
2025-04-21 23:17:53,211 - INFO - Детали: Извлечено 1 секций
2025-04-21 23:17:53,211 - INFO - Операция: Обработка файла
2025-04-21 23:17:53,211 - INFO - Детали: Тип файла: ММ САП.docx
2025-04-21 23:17:53,211 - INFO - Операция: Чтение Word файла
2025-04-21 23:17:53,212 - INFO - Детали: Обработка файла: documents\ММ САП.docx
2025-04-21 23:17:53,650 - INFO - Операция: Успешное чтение Word
2025-04-21 23:17:53,650 - INFO - Детали: Извлечено 4 секций
2025-04-21 23:17:53,651 - INFO - Операция: Секция 1 из файла ММ САП.docx
2025-04-21 23:17:53,651 - INFO - Детали: Раздел: Документ SAP MM, Превью: ДОКУМЕНТ SAP: ММ САП

Этот документ относится к системе SAP и модулю MM (Material Management). SAP M...
2025-04-21 23:17:53,651 - INFO - Операция: Секция 2 из файла ММ САП.docx
2025-04-21 23:17:53,651 - INFO - Детали: Раздел: Основной текст, Превью: SAP MM CONTENT: SAP MM - Краткое руководство

Предыдущая страница

Далее

SAP MM CONTENT: SAP MM - О...
2025-04-21 23:17:53,651 - INFO - Операция: Секция 3 из файла ММ САП.docx
2025-04-21 23:17:53,651 - INFO - Детали: Раздел: Таблица 1, Превью: SAP MM TABLE DATA:
Таблица 1:

Строка 1: Sr.No . | Закупочная Деятельность и Описание
Строка 2: 1 | ...
2025-04-21 23:17:53,651 - INFO - Операция: Секция 4 из файла ММ САП.docx
2025-04-21 23:17:53,651 - INFO - Детали: Раздел: Таблица 2, Превью: SAP MM TABLE DATA:
Таблица 2:

Строка 1: Sr.No . | T-Код и описание
Строка 2: 1 | ОКС15
Создать комп...
2025-04-21 23:17:53,652 - INFO - Операция: Успешно прочитан файл: ММ САП.docx
2025-04-21 23:17:53,652 - INFO - Детали: Извлечено 4 секций
2025-04-21 23:17:53,652 - INFO - Операция: Обработка файла
2025-04-21 23:17:53,652 - INFO - Детали: Тип файла: создание_заказа.txt
2025-04-21 23:17:53,652 - INFO - Операция: Чтение текстового файла: documents\создание_заказа.txt
2025-04-21 23:17:53,652 - INFO - Операция: Содержимое файла создание_заказа.txt
2025-04-21 23:17:53,653 - INFO - Детали: Размер: 1174 символов
2025-04-21 23:17:53,653 - INFO - Операция: Секция 1 из файла создание_заказа.txt
2025-04-21 23:17:53,653 - INFO - Детали: Раздел: Заголовок документа, Превью: Название документа: создание_заказа


2025-04-21 23:17:53,653 - INFO - Операция: Секция 2 из файла создание_заказа.txt
2025-04-21 23:17:53,653 - INFO - Детали: Раздел: # Инструкция по созданию заказа, Превью: # Инструкция по созданию заказа

## Шаги создания заказа в системе
2025-04-21 23:17:53,653 - INFO - Операция: Секция 3 из файла создание_заказа.txt
2025-04-21 23:17:53,653 - INFO - Детали: Раздел: 1. Войдите в личный кабинет, используя логин и пароль.
2. Нажмите на кнопку "Создать новый заказ" в верхнем меню.
3. Выберите товары из каталога, нажимая кнопку "Добавить в корзину".
4. После выбора всех товаров перейдите в корзину.
5. Проверьте состав заказа и общую сумму.
6. Выберите способ доставки из доступных вариантов:
   - Курьерская доставка
   - Самовывоз из пункта выдачи
   - Почтовая доставка
7. Укажите адрес доставки, если выбрана доставка курьером или почтой.
8. Выберите способ оплаты:
   - Банковской картой онлайн
   - При получении
   - Оплата "Улыбкой" (специальная программа лояльности)
9. Нажмите кнопку "Оформить заказ".
10. Вам придет подтверждение о создании заказа на email и SMS., Превью: 1. Войдите в личный кабинет, используя логин и пароль.
2. Нажмите на кнопку "Создать новый заказ" в ...
2025-04-21 23:17:53,654 - INFO - Операция: Секция 4 из файла создание_заказа.txt
2025-04-21 23:17:53,654 - INFO - Детали: Раздел: - Минимальная сумма заказа - 500 рублей.
- Срок доставки зависит от выбранного способа и региона.
- После оформления заказа его состав изменить нельзя.
- Вы можете отменить заказ до его отправки в службу доставки., Превью: - Минимальная сумма заказа - 500 рублей.
- Срок доставки зависит от выбранного способа и региона.
- ...
2025-04-21 23:17:53,654 - INFO - Операция: Успешное чтение TXT
2025-04-21 23:17:53,654 - INFO - Детали: Извлечено 4 секций
2025-04-21 23:17:53,654 - INFO - Операция: Успешно прочитан файл: создание_заказа.txt
2025-04-21 23:17:53,654 - INFO - Детали: Извлечено 4 секций
2025-04-21 23:17:53,654 - INFO - Операция: Статистика обработки
2025-04-21 23:17:53,654 - INFO - Детали: Обработано файлов: 6, Всего секций: 60
2025-04-21 23:17:53,654 - INFO - Операция: Создание документов LangChain
2025-04-21 23:17:53,654 - INFO - Детали: Преобразование 60 секций
2025-04-21 23:17:53,655 - INFO - Операция: Создание векторного хранилища
2025-04-21 23:17:53,655 - INFO - Детали: Начало
2025-04-21 23:17:53,655 - INFO - Операция: Создание векторного хранилища
2025-04-21 23:17:53,655 - INFO - Детали: Обработка 60 документов
2025-04-21 23:18:12,055 - INFO - Loading faiss with AVX512 support.
2025-04-21 23:18:12,055 - INFO - Could not load library with AVX512 support due to:
ModuleNotFoundError("No module named 'faiss.swigfaiss_avx512'")
2025-04-21 23:18:12,055 - INFO - Loading faiss with AVX2 support.
2025-04-21 23:18:12,087 - INFO - Successfully loaded faiss with AVX2 support.
2025-04-21 23:18:12,090 - INFO - Failed to load GPU Faiss: name 'GpuIndexIVFFlat' is not defined. Will not load constructor refs for GPU indexes.
2025-04-21 23:18:12,093 - INFO - Операция: Векторное хранилище создано
2025-04-21 23:18:12,093 - INFO - Детали: Успешно
2025-04-21 23:18:12,093 - INFO - Операция: Создание цепочки QA
2025-04-21 23:18:12,093 - INFO - Детали: Начало
2025-04-21 23:18:12,093 - INFO - Операция: Создание агента
2025-04-21 23:18:12,094 - INFO - Детали: Начало
2025-04-21 23:18:12,095 - INFO - Операция: Инициализация завершена
2025-04-21 23:18:12,095 - INFO - Детали: Успешно
2025-04-21 23:20:36,519 - INFO - Load pretrained SentenceTransformer: sberbank-ai/sbert_large_nlu_ru
2025-04-21 23:20:40,413 - INFO - Операция: Начало чтения документов из директории: documents
2025-04-21 23:20:40,414 - INFO - Операция: Обработка файла
2025-04-21 23:20:40,414 - INFO - Детали: Тип файла: Документ Microsoft Word по заказу.docx
2025-04-21 23:20:40,414 - INFO - Операция: Чтение Word файла
2025-04-21 23:20:40,414 - INFO - Детали: Обработка файла: documents\Документ Microsoft Word по заказу.docx
2025-04-21 23:20:40,418 - INFO - Операция: Успешное чтение Word
2025-04-21 23:20:40,418 - INFO - Детали: Извлечено 2 секций
2025-04-21 23:20:40,418 - INFO - Операция: Секция 1 из файла Документ Microsoft Word по заказу.docx
2025-04-21 23:20:40,418 - INFO - Детали: Раздел: Заголовок документа, Превью: Название документа: Документ Microsoft Word по заказу


2025-04-21 23:20:40,418 - INFO - Операция: Секция 2 из файла Документ Microsoft Word по заказу.docx
2025-04-21 23:20:40,419 - INFO - Детали: Раздел: Основной текст, Превью: Чтобы создать заказ на доставку требуется использовать транзакцию me21n.
Чтобы изменить заказ на дос...
2025-04-21 23:20:40,419 - INFO - Операция: Успешно прочитан файл: Документ Microsoft Word по заказу.docx
2025-04-21 23:20:40,419 - INFO - Детали: Извлечено 2 секций
2025-04-21 23:20:40,419 - INFO - Операция: Обработка файла
2025-04-21 23:20:40,419 - INFO - Детали: Тип файла: Документ Microsoft Word.docx
2025-04-21 23:20:40,419 - INFO - Операция: Чтение Word файла
2025-04-21 23:20:40,419 - INFO - Детали: Обработка файла: documents\Документ Microsoft Word.docx
2025-04-21 23:20:40,421 - INFO - Операция: Успешное чтение Word
2025-04-21 23:20:40,421 - INFO - Детали: Извлечено 2 секций
2025-04-21 23:20:40,421 - INFO - Операция: Секция 1 из файла Документ Microsoft Word.docx
2025-04-21 23:20:40,422 - INFO - Детали: Раздел: Заголовок документа, Превью: Название документа: Документ Microsoft Word


2025-04-21 23:20:40,422 - INFO - Операция: Секция 2 из файла Документ Microsoft Word.docx
2025-04-21 23:20:40,422 - INFO - Детали: Раздел: Основной текст, Превью: Сколько лет я буду жить? Так долго, как пожелаешь….

Как научиться говорить? Ответ: Шёпотом!

Как со...
2025-04-21 23:20:40,422 - INFO - Операция: Успешно прочитан файл: Документ Microsoft Word.docx
2025-04-21 23:20:40,422 - INFO - Детали: Извлечено 2 секций
2025-04-21 23:20:40,422 - INFO - Операция: Обработка файла
2025-04-21 23:20:40,422 - INFO - Детали: Тип файла: Инструкция_по_сборке_LEGO.pdf
2025-04-21 23:20:40,422 - INFO - Операция: Чтение PDF файла
2025-04-21 23:20:40,422 - INFO - Детали: Обработка файла: documents\Инструкция_по_сборке_LEGO.pdf
2025-04-21 23:20:40,439 - INFO - Операция: Анализ PDF
2025-04-21 23:20:40,439 - INFO - Детали: Файл содержит 48 страниц
2025-04-21 23:20:41,270 - INFO - Операция: Успешное чтение PDF
2025-04-21 23:20:41,270 - INFO - Детали: Извлечено 47 секций
2025-04-21 23:20:41,271 - INFO - Операция: Успешно прочитан файл: Инструкция_по_сборке_LEGO.pdf
2025-04-21 23:20:41,271 - INFO - Детали: Извлечено 47 секций
2025-04-21 23:20:41,271 - INFO - Операция: Обработка файла
2025-04-21 23:20:41,271 - INFO - Детали: Тип файла: Лист Microsoft Excel.xlsx
2025-04-21 23:20:41,271 - INFO - Операция: Чтение Excel файла
2025-04-21 23:20:41,271 - INFO - Детали: Обработка файла: documents\Лист Microsoft Excel.xlsx
2025-04-21 23:20:41,375 - INFO - Операция: Успешное чтение Excel
2025-04-21 23:20:41,375 - INFO - Детали: Извлечено 1 секций
2025-04-21 23:20:41,375 - INFO - Операция: Успешно прочитан файл: Лист Microsoft Excel.xlsx
2025-04-21 23:20:41,375 - INFO - Детали: Извлечено 1 секций
2025-04-21 23:20:41,375 - INFO - Операция: Обработка файла
2025-04-21 23:20:41,375 - INFO - Детали: Тип файла: ММ САП.docx
2025-04-21 23:20:41,375 - INFO - Операция: Чтение Word файла
2025-04-21 23:20:41,376 - INFO - Детали: Обработка файла: documents\ММ САП.docx
2025-04-21 23:20:41,857 - INFO - Операция: Успешное чтение Word
2025-04-21 23:20:41,857 - INFO - Детали: Извлечено 4 секций
2025-04-21 23:20:41,857 - INFO - Операция: Секция 1 из файла ММ САП.docx
2025-04-21 23:20:41,857 - INFO - Детали: Раздел: Документ SAP MM, Превью: ДОКУМЕНТ SAP: ММ САП

Этот документ относится к системе SAP и модулю MM (Material Management). SAP M...
2025-04-21 23:20:41,857 - INFO - Операция: Секция 2 из файла ММ САП.docx
2025-04-21 23:20:41,857 - INFO - Детали: Раздел: Основной текст, Превью: SAP MM CONTENT: SAP MM - Краткое руководство

Предыдущая страница

Далее

SAP MM CONTENT: SAP MM - О...
2025-04-21 23:20:41,858 - INFO - Операция: Секция 3 из файла ММ САП.docx
2025-04-21 23:20:41,858 - INFO - Детали: Раздел: Таблица 1, Превью: SAP MM TABLE DATA:
Таблица 1:

Строка 1: Sr.No . | Закупочная Деятельность и Описание
Строка 2: 1 | ...
2025-04-21 23:20:41,858 - INFO - Операция: Секция 4 из файла ММ САП.docx
2025-04-21 23:20:41,858 - INFO - Детали: Раздел: Таблица 2, Превью: SAP MM TABLE DATA:
Таблица 2:

Строка 1: Sr.No . | T-Код и описание
Строка 2: 1 | ОКС15
Создать комп...
2025-04-21 23:20:41,858 - INFO - Операция: Успешно прочитан файл: ММ САП.docx
2025-04-21 23:20:41,858 - INFO - Детали: Извлечено 4 секций
2025-04-21 23:20:41,858 - INFO - Операция: Обработка файла
2025-04-21 23:20:41,858 - INFO - Детали: Тип файла: создание_заказа.txt
2025-04-21 23:20:41,858 - INFO - Операция: Чтение текстового файла: documents\создание_заказа.txt
2025-04-21 23:20:41,859 - INFO - Операция: Содержимое файла создание_заказа.txt
2025-04-21 23:20:41,859 - INFO - Детали: Размер: 1174 символов
2025-04-21 23:20:41,859 - INFO - Операция: Секция 1 из файла создание_заказа.txt
2025-04-21 23:20:41,859 - INFO - Детали: Раздел: Заголовок документа, Превью: Название документа: создание_заказа


2025-04-21 23:20:41,859 - INFO - Операция: Секция 2 из файла создание_заказа.txt
2025-04-21 23:20:41,859 - INFO - Детали: Раздел: # Инструкция по созданию заказа, Превью: # Инструкция по созданию заказа

## Шаги создания заказа в системе
2025-04-21 23:20:41,859 - INFO - Операция: Секция 3 из файла создание_заказа.txt
2025-04-21 23:20:41,859 - INFO - Детали: Раздел: 1. Войдите в личный кабинет, используя логин и пароль.
2. Нажмите на кнопку "Создать новый заказ" в верхнем меню.
3. Выберите товары из каталога, нажимая кнопку "Добавить в корзину".
4. После выбора всех товаров перейдите в корзину.
5. Проверьте состав заказа и общую сумму.
6. Выберите способ доставки из доступных вариантов:
   - Курьерская доставка
   - Самовывоз из пункта выдачи
   - Почтовая доставка
7. Укажите адрес доставки, если выбрана доставка курьером или почтой.
8. Выберите способ оплаты:
   - Банковской картой онлайн
   - При получении
   - Оплата "Улыбкой" (специальная программа лояльности)
9. Нажмите кнопку "Оформить заказ".
10. Вам придет подтверждение о создании заказа на email и SMS., Превью: 1. Войдите в личный кабинет, используя логин и пароль.
2. Нажмите на кнопку "Создать новый заказ" в ...
2025-04-21 23:20:41,859 - INFO - Операция: Секция 4 из файла создание_заказа.txt
2025-04-21 23:20:41,860 - INFO - Детали: Раздел: - Минимальная сумма заказа - 500 рублей.
- Срок доставки зависит от выбранного способа и региона.
- После оформления заказа его состав изменить нельзя.
- Вы можете отменить заказ до его отправки в службу доставки., Превью: - Минимальная сумма заказа - 500 рублей.
- Срок доставки зависит от выбранного способа и региона.
- ...
2025-04-21 23:20:41,860 - INFO - Операция: Успешное чтение TXT
2025-04-21 23:20:41,860 - INFO - Детали: Извлечено 4 секций
2025-04-21 23:20:41,860 - INFO - Операция: Успешно прочитан файл: создание_заказа.txt
2025-04-21 23:20:41,860 - INFO - Детали: Извлечено 4 секций
2025-04-21 23:20:41,860 - INFO - Операция: Статистика обработки
2025-04-21 23:20:41,860 - INFO - Детали: Обработано файлов: 6, Всего секций: 60
2025-04-21 23:20:41,860 - INFO - Операция: Создание документов LangChain
2025-04-21 23:20:41,860 - INFO - Детали: Преобразование 60 секций
2025-04-21 23:20:41,861 - INFO - Операция: Создание векторного хранилища
2025-04-21 23:20:41,861 - INFO - Детали: Начало
2025-04-21 23:20:41,861 - INFO - Операция: Создание векторного хранилища
2025-04-21 23:20:41,861 - INFO - Детали: Обработка 60 документов
2025-04-21 23:21:00,032 - INFO - Loading faiss with AVX512 support.
2025-04-21 23:21:00,032 - INFO - Could not load library with AVX512 support due to:
ModuleNotFoundError("No module named 'faiss.swigfaiss_avx512'")
2025-04-21 23:21:00,032 - INFO - Loading faiss with AVX2 support.
2025-04-21 23:21:00,063 - INFO - Successfully loaded faiss with AVX2 support.
2025-04-21 23:21:00,066 - INFO - Failed to load GPU Faiss: name 'GpuIndexIVFFlat' is not defined. Will not load constructor refs for GPU indexes.
2025-04-21 23:21:00,069 - INFO - Операция: Векторное хранилище создано
2025-04-21 23:21:00,069 - INFO - Детали: Успешно
2025-04-21 23:21:00,070 - INFO - Операция: Создание цепочки QA
2025-04-21 23:21:00,070 - INFO - Детали: Начало
2025-04-21 23:21:00,070 - INFO - Операция: Создание агента
2025-04-21 23:21:00,070 - INFO - Детали: Начало
2025-04-21 23:21:00,072 - INFO - Операция: Инициализация завершена
2025-04-21 23:21:00,072 - INFO - Детали: Успешно
2025-04-21 23:22:27,215 - INFO - Load pretrained SentenceTransformer: sberbank-ai/sbert_large_nlu_ru
2025-04-21 23:22:30,536 - INFO - Операция: Начало чтения документов из директории: documents
2025-04-21 23:22:30,536 - INFO - Операция: Обработка файла
2025-04-21 23:22:30,536 - INFO - Детали: Тип файла: Документ Microsoft Word по заказу.docx
2025-04-21 23:22:30,536 - INFO - Операция: Чтение Word файла
2025-04-21 23:22:30,536 - INFO - Детали: Обработка файла: documents\Документ Microsoft Word по заказу.docx
2025-04-21 23:22:30,540 - INFO - Операция: Успешное чтение Word
2025-04-21 23:22:30,540 - INFO - Детали: Извлечено 2 секций
2025-04-21 23:22:30,541 - INFO - Операция: Секция 1 из файла Документ Microsoft Word по заказу.docx
2025-04-21 23:22:30,541 - INFO - Детали: Раздел: Заголовок документа, Превью: Название документа: Документ Microsoft Word по заказу


2025-04-21 23:22:30,541 - INFO - Операция: Секция 2 из файла Документ Microsoft Word по заказу.docx
2025-04-21 23:22:30,541 - INFO - Детали: Раздел: Основной текст, Превью: Чтобы создать заказ на доставку требуется использовать транзакцию me21n.
Чтобы изменить заказ на дос...
2025-04-21 23:22:30,541 - INFO - Операция: Успешно прочитан файл: Документ Microsoft Word по заказу.docx
2025-04-21 23:22:30,541 - INFO - Детали: Извлечено 2 секций
2025-04-21 23:22:30,541 - INFO - Операция: Обработка файла
2025-04-21 23:22:30,541 - INFO - Детали: Тип файла: Документ Microsoft Word.docx
2025-04-21 23:22:30,542 - INFO - Операция: Чтение Word файла
2025-04-21 23:22:30,542 - INFO - Детали: Обработка файла: documents\Документ Microsoft Word.docx
2025-04-21 23:22:30,544 - INFO - Операция: Успешное чтение Word
2025-04-21 23:22:30,544 - INFO - Детали: Извлечено 2 секций
2025-04-21 23:22:30,544 - INFO - Операция: Секция 1 из файла Документ Microsoft Word.docx
2025-04-21 23:22:30,544 - INFO - Детали: Раздел: Заголовок документа, Превью: Название документа: Документ Microsoft Word


2025-04-21 23:22:30,544 - INFO - Операция: Секция 2 из файла Документ Microsoft Word.docx
2025-04-21 23:22:30,544 - INFO - Детали: Раздел: Основной текст, Превью: Сколько лет я буду жить? Так долго, как пожелаешь….

Как научиться говорить? Ответ: Шёпотом!

Как со...
2025-04-21 23:22:30,544 - INFO - Операция: Успешно прочитан файл: Документ Microsoft Word.docx
2025-04-21 23:22:30,544 - INFO - Детали: Извлечено 2 секций
2025-04-21 23:22:30,545 - INFO - Операция: Обработка файла
2025-04-21 23:22:30,545 - INFO - Детали: Тип файла: Инструкция_по_сборке_LEGO.pdf
2025-04-21 23:22:30,545 - INFO - Операция: Чтение PDF файла
2025-04-21 23:22:30,545 - INFO - Детали: Обработка файла: documents\Инструкция_по_сборке_LEGO.pdf
2025-04-21 23:22:30,563 - INFO - Операция: Анализ PDF
2025-04-21 23:22:30,563 - INFO - Детали: Файл содержит 48 страниц
2025-04-21 23:22:31,410 - INFO - Операция: Успешное чтение PDF
2025-04-21 23:22:31,410 - INFO - Детали: Извлечено 47 секций
2025-04-21 23:22:31,410 - INFO - Операция: Успешно прочитан файл: Инструкция_по_сборке_LEGO.pdf
2025-04-21 23:22:31,410 - INFO - Детали: Извлечено 47 секций
2025-04-21 23:22:31,411 - INFO - Операция: Обработка файла
2025-04-21 23:22:31,411 - INFO - Детали: Тип файла: Лист Microsoft Excel.xlsx
2025-04-21 23:22:31,411 - INFO - Операция: Чтение Excel файла
2025-04-21 23:22:31,411 - INFO - Детали: Обработка файла: documents\Лист Microsoft Excel.xlsx
2025-04-21 23:22:31,520 - INFO - Операция: Успешное чтение Excel
2025-04-21 23:22:31,520 - INFO - Детали: Извлечено 1 секций
2025-04-21 23:22:31,520 - INFO - Операция: Успешно прочитан файл: Лист Microsoft Excel.xlsx
2025-04-21 23:22:31,520 - INFO - Детали: Извлечено 1 секций
2025-04-21 23:22:31,520 - INFO - Операция: Обработка файла
2025-04-21 23:22:31,520 - INFO - Детали: Тип файла: ММ САП.docx
2025-04-21 23:22:31,520 - INFO - Операция: Чтение Word файла
2025-04-21 23:22:31,521 - INFO - Детали: Обработка файла: documents\ММ САП.docx
2025-04-21 23:22:31,947 - INFO - Операция: Успешное чтение Word
2025-04-21 23:22:31,947 - INFO - Детали: Извлечено 4 секций
2025-04-21 23:22:31,947 - INFO - Операция: Секция 1 из файла ММ САП.docx
2025-04-21 23:22:31,948 - INFO - Детали: Раздел: Документ SAP MM, Превью: ДОКУМЕНТ SAP: ММ САП

Этот документ относится к системе SAP и модулю MM (Material Management). SAP M...
2025-04-21 23:22:31,948 - INFO - Операция: Секция 2 из файла ММ САП.docx
2025-04-21 23:22:31,948 - INFO - Детали: Раздел: Основной текст, Превью: SAP MM CONTENT: SAP MM - Краткое руководство

Предыдущая страница

Далее

SAP MM CONTENT: SAP MM - О...
2025-04-21 23:22:31,948 - INFO - Операция: Секция 3 из файла ММ САП.docx
2025-04-21 23:22:31,948 - INFO - Детали: Раздел: Таблица 1, Превью: SAP MM TABLE DATA:
Таблица 1:

Строка 1: Sr.No . | Закупочная Деятельность и Описание
Строка 2: 1 | ...
2025-04-21 23:22:31,948 - INFO - Операция: Секция 4 из файла ММ САП.docx
2025-04-21 23:22:31,948 - INFO - Детали: Раздел: Таблица 2, Превью: SAP MM TABLE DATA:
Таблица 2:

Строка 1: Sr.No . | T-Код и описание
Строка 2: 1 | ОКС15
Создать комп...
2025-04-21 23:22:31,949 - INFO - Операция: Успешно прочитан файл: ММ САП.docx
2025-04-21 23:22:31,949 - INFO - Детали: Извлечено 4 секций
2025-04-21 23:22:31,949 - INFO - Операция: Обработка файла
2025-04-21 23:22:31,949 - INFO - Детали: Тип файла: создание_заказа.txt
2025-04-21 23:22:31,949 - INFO - Операция: Чтение текстового файла: documents\создание_заказа.txt
2025-04-21 23:22:31,949 - INFO - Операция: Содержимое файла создание_заказа.txt
2025-04-21 23:22:31,949 - INFO - Детали: Размер: 1174 символов
2025-04-21 23:22:31,950 - INFO - Операция: Секция 1 из файла создание_заказа.txt
2025-04-21 23:22:31,950 - INFO - Детали: Раздел: Заголовок документа, Превью: Название документа: создание_заказа


2025-04-21 23:22:31,950 - INFO - Операция: Секция 2 из файла создание_заказа.txt
2025-04-21 23:22:31,950 - INFO - Детали: Раздел: # Инструкция по созданию заказа, Превью: # Инструкция по созданию заказа

## Шаги создания заказа в системе
2025-04-21 23:22:31,950 - INFO - Операция: Секция 3 из файла создание_заказа.txt
2025-04-21 23:22:31,950 - INFO - Детали: Раздел: 1. Войдите в личный кабинет, используя логин и пароль.
2. Нажмите на кнопку "Создать новый заказ" в верхнем меню.
3. Выберите товары из каталога, нажимая кнопку "Добавить в корзину".
4. После выбора всех товаров перейдите в корзину.
5. Проверьте состав заказа и общую сумму.
6. Выберите способ доставки из доступных вариантов:
   - Курьерская доставка
   - Самовывоз из пункта выдачи
   - Почтовая доставка
7. Укажите адрес доставки, если выбрана доставка курьером или почтой.
8. Выберите способ оплаты:
   - Банковской картой онлайн
   - При получении
   - Оплата "Улыбкой" (специальная программа лояльности)
9. Нажмите кнопку "Оформить заказ".
10. Вам придет подтверждение о создании заказа на email и SMS., Превью: 1. Войдите в личный кабинет, используя логин и пароль.
2. Нажмите на кнопку "Создать новый заказ" в ...
2025-04-21 23:22:31,950 - INFO - Операция: Секция 4 из файла создание_заказа.txt
2025-04-21 23:22:31,951 - INFO - Детали: Раздел: - Минимальная сумма заказа - 500 рублей.
- Срок доставки зависит от выбранного способа и региона.
- После оформления заказа его состав изменить нельзя.
- Вы можете отменить заказ до его отправки в службу доставки., Превью: - Минимальная сумма заказа - 500 рублей.
- Срок доставки зависит от выбранного способа и региона.
- ...
2025-04-21 23:22:31,951 - INFO - Операция: Успешное чтение TXT
2025-04-21 23:22:31,951 - INFO - Детали: Извлечено 4 секций
2025-04-21 23:22:31,951 - INFO - Операция: Успешно прочитан файл: создание_заказа.txt
2025-04-21 23:22:31,951 - INFO - Детали: Извлечено 4 секций
2025-04-21 23:22:31,951 - INFO - Операция: Статистика обработки
2025-04-21 23:22:31,951 - INFO - Детали: Обработано файлов: 6, Всего секций: 60
2025-04-21 23:22:31,951 - INFO - Операция: Создание документов LangChain
2025-04-21 23:22:31,952 - INFO - Детали: Преобразование 60 секций
2025-04-21 23:22:31,952 - INFO - Операция: Создание векторного хранилища
2025-04-21 23:22:31,952 - INFO - Детали: Начало
2025-04-21 23:22:31,952 - INFO - Операция: Создание векторного хранилища
2025-04-21 23:22:31,952 - INFO - Детали: Обработка 60 документов
2025-04-21 23:22:50,371 - INFO - Loading faiss with AVX512 support.
2025-04-21 23:22:50,372 - INFO - Could not load library with AVX512 support due to:
ModuleNotFoundError("No module named 'faiss.swigfaiss_avx512'")
2025-04-21 23:22:50,372 - INFO - Loading faiss with AVX2 support.
2025-04-21 23:22:50,400 - INFO - Successfully loaded faiss with AVX2 support.
2025-04-21 23:22:50,404 - INFO - Failed to load GPU Faiss: name 'GpuIndexIVFFlat' is not defined. Will not load constructor refs for GPU indexes.
2025-04-21 23:22:50,406 - INFO - Операция: Векторное хранилище создано
2025-04-21 23:22:50,406 - INFO - Детали: Успешно
2025-04-21 23:22:50,406 - INFO - Операция: Создание цепочки QA
2025-04-21 23:22:50,406 - INFO - Детали: Начало
2025-04-21 23:22:50,407 - INFO - Операция: Создание агента
2025-04-21 23:22:50,407 - INFO - Детали: Начало
2025-04-21 23:22:50,408 - INFO - Операция: Инициализация завершена
2025-04-21 23:22:50,409 - INFO - Детали: Успешно
2025-04-21 23:24:44,535 - INFO - Load pretrained SentenceTransformer: sberbank-ai/sbert_large_nlu_ru
2025-04-21 23:24:48,581 - INFO - Операция: Начало чтения документов из директории: documents
2025-04-21 23:24:48,582 - INFO - Операция: Обработка файла
2025-04-21 23:24:48,582 - INFO - Детали: Тип файла: Документ Microsoft Word по заказу.docx
2025-04-21 23:24:48,582 - INFO - Операция: Чтение Word файла
2025-04-21 23:24:48,582 - INFO - Детали: Обработка файла: documents\Документ Microsoft Word по заказу.docx
2025-04-21 23:24:48,586 - INFO - Операция: Успешное чтение Word
2025-04-21 23:24:48,586 - INFO - Детали: Извлечено 2 секций
2025-04-21 23:24:48,586 - INFO - Операция: Секция 1 из файла Документ Microsoft Word по заказу.docx
2025-04-21 23:24:48,586 - INFO - Детали: Раздел: Заголовок документа, Превью: Название документа: Документ Microsoft Word по заказу


2025-04-21 23:24:48,586 - INFO - Операция: Секция 2 из файла Документ Microsoft Word по заказу.docx
2025-04-21 23:24:48,586 - INFO - Детали: Раздел: Основной текст, Превью: Чтобы создать заказ на доставку требуется использовать транзакцию me21n.
Чтобы изменить заказ на дос...
2025-04-21 23:24:48,587 - INFO - Операция: Успешно прочитан файл: Документ Microsoft Word по заказу.docx
2025-04-21 23:24:48,587 - INFO - Детали: Извлечено 2 секций
2025-04-21 23:24:48,587 - INFO - Операция: Обработка файла
2025-04-21 23:24:48,587 - INFO - Детали: Тип файла: Документ Microsoft Word.docx
2025-04-21 23:24:48,587 - INFO - Операция: Чтение Word файла
2025-04-21 23:24:48,587 - INFO - Детали: Обработка файла: documents\Документ Microsoft Word.docx
2025-04-21 23:24:48,589 - INFO - Операция: Успешное чтение Word
2025-04-21 23:24:48,589 - INFO - Детали: Извлечено 2 секций
2025-04-21 23:24:48,590 - INFO - Операция: Секция 1 из файла Документ Microsoft Word.docx
2025-04-21 23:24:48,590 - INFO - Детали: Раздел: Заголовок документа, Превью: Название документа: Документ Microsoft Word


2025-04-21 23:24:48,590 - INFO - Операция: Секция 2 из файла Документ Microsoft Word.docx
2025-04-21 23:24:48,590 - INFO - Детали: Раздел: Основной текст, Превью: Сколько лет я буду жить? Так долго, как пожелаешь….

Как научиться говорить? Ответ: Шёпотом!

Как со...
2025-04-21 23:24:48,590 - INFO - Операция: Успешно прочитан файл: Документ Microsoft Word.docx
2025-04-21 23:24:48,590 - INFO - Детали: Извлечено 2 секций
2025-04-21 23:24:48,590 - INFO - Операция: Обработка файла
2025-04-21 23:24:48,590 - INFO - Детали: Тип файла: Инструкция_по_сборке_LEGO.pdf
2025-04-21 23:24:48,590 - INFO - Операция: Чтение PDF файла
2025-04-21 23:24:48,590 - INFO - Детали: Обработка файла: documents\Инструкция_по_сборке_LEGO.pdf
2025-04-21 23:24:48,610 - INFO - Операция: Анализ PDF
2025-04-21 23:24:48,611 - INFO - Детали: Файл содержит 48 страниц
2025-04-21 23:24:49,445 - INFO - Операция: Успешное чтение PDF
2025-04-21 23:24:49,445 - INFO - Детали: Извлечено 47 секций
2025-04-21 23:24:49,446 - INFO - Операция: Успешно прочитан файл: Инструкция_по_сборке_LEGO.pdf
2025-04-21 23:24:49,446 - INFO - Детали: Извлечено 47 секций
2025-04-21 23:24:49,446 - INFO - Операция: Обработка файла
2025-04-21 23:24:49,446 - INFO - Детали: Тип файла: Лист Microsoft Excel.xlsx
2025-04-21 23:24:49,446 - INFO - Операция: Чтение Excel файла
2025-04-21 23:24:49,446 - INFO - Детали: Обработка файла: documents\Лист Microsoft Excel.xlsx
2025-04-21 23:24:49,552 - INFO - Операция: Успешное чтение Excel
2025-04-21 23:24:49,552 - INFO - Детали: Извлечено 1 секций
2025-04-21 23:24:49,552 - INFO - Операция: Успешно прочитан файл: Лист Microsoft Excel.xlsx
2025-04-21 23:24:49,552 - INFO - Детали: Извлечено 1 секций
2025-04-21 23:24:49,553 - INFO - Операция: Обработка файла
2025-04-21 23:24:49,553 - INFO - Детали: Тип файла: ММ САП.docx
2025-04-21 23:24:49,553 - INFO - Операция: Чтение Word файла
2025-04-21 23:24:49,553 - INFO - Детали: Обработка файла: documents\ММ САП.docx
2025-04-21 23:24:49,981 - INFO - Операция: Успешное чтение Word
2025-04-21 23:24:49,981 - INFO - Детали: Извлечено 4 секций
2025-04-21 23:24:49,982 - INFO - Операция: Секция 1 из файла ММ САП.docx
2025-04-21 23:24:49,982 - INFO - Детали: Раздел: Документ SAP MM, Превью: ДОКУМЕНТ SAP: ММ САП

Этот документ относится к системе SAP и модулю MM (Material Management). SAP M...
2025-04-21 23:24:49,982 - INFO - Операция: Секция 2 из файла ММ САП.docx
2025-04-21 23:24:49,982 - INFO - Детали: Раздел: Основной текст, Превью: SAP MM CONTENT: SAP MM - Краткое руководство

Предыдущая страница

Далее

SAP MM CONTENT: SAP MM - О...
2025-04-21 23:24:49,982 - INFO - Операция: Секция 3 из файла ММ САП.docx
2025-04-21 23:24:49,982 - INFO - Детали: Раздел: Таблица 1, Превью: SAP MM TABLE DATA:
Таблица 1:

Строка 1: Sr.No . | Закупочная Деятельность и Описание
Строка 2: 1 | ...
2025-04-21 23:24:49,982 - INFO - Операция: Секция 4 из файла ММ САП.docx
2025-04-21 23:24:49,982 - INFO - Детали: Раздел: Таблица 2, Превью: SAP MM TABLE DATA:
Таблица 2:

Строка 1: Sr.No . | T-Код и описание
Строка 2: 1 | ОКС15
Создать комп...
2025-04-21 23:24:49,982 - INFO - Операция: Успешно прочитан файл: ММ САП.docx
2025-04-21 23:24:49,983 - INFO - Детали: Извлечено 4 секций
2025-04-21 23:24:49,983 - INFO - Операция: Обработка файла
2025-04-21 23:24:49,983 - INFO - Детали: Тип файла: создание_заказа.txt
2025-04-21 23:24:49,983 - INFO - Операция: Чтение текстового файла: documents\создание_заказа.txt
2025-04-21 23:24:49,983 - INFO - Операция: Содержимое файла создание_заказа.txt
2025-04-21 23:24:49,983 - INFO - Детали: Размер: 1174 символов
2025-04-21 23:24:49,983 - INFO - Операция: Секция 1 из файла создание_заказа.txt
2025-04-21 23:24:49,983 - INFO - Детали: Раздел: Заголовок документа, Превью: Название документа: создание_заказа


2025-04-21 23:24:49,984 - INFO - Операция: Секция 2 из файла создание_заказа.txt
2025-04-21 23:24:49,984 - INFO - Детали: Раздел: # Инструкция по созданию заказа, Превью: # Инструкция по созданию заказа

## Шаги создания заказа в системе
2025-04-21 23:24:49,984 - INFO - Операция: Секция 3 из файла создание_заказа.txt
2025-04-21 23:24:49,984 - INFO - Детали: Раздел: 1. Войдите в личный кабинет, используя логин и пароль.
2. Нажмите на кнопку "Создать новый заказ" в верхнем меню.
3. Выберите товары из каталога, нажимая кнопку "Добавить в корзину".
4. После выбора всех товаров перейдите в корзину.
5. Проверьте состав заказа и общую сумму.
6. Выберите способ доставки из доступных вариантов:
   - Курьерская доставка
   - Самовывоз из пункта выдачи
   - Почтовая доставка
7. Укажите адрес доставки, если выбрана доставка курьером или почтой.
8. Выберите способ оплаты:
   - Банковской картой онлайн
   - При получении
   - Оплата "Улыбкой" (специальная программа лояльности)
9. Нажмите кнопку "Оформить заказ".
10. Вам придет подтверждение о создании заказа на email и SMS., Превью: 1. Войдите в личный кабинет, используя логин и пароль.
2. Нажмите на кнопку "Создать новый заказ" в ...
2025-04-21 23:24:49,984 - INFO - Операция: Секция 4 из файла создание_заказа.txt
2025-04-21 23:24:49,984 - INFO - Детали: Раздел: - Минимальная сумма заказа - 500 рублей.
- Срок доставки зависит от выбранного способа и региона.
- После оформления заказа его состав изменить нельзя.
- Вы можете отменить заказ до его отправки в службу доставки., Превью: - Минимальная сумма заказа - 500 рублей.
- Срок доставки зависит от выбранного способа и региона.
- ...
2025-04-21 23:24:49,984 - INFO - Операция: Успешное чтение TXT
2025-04-21 23:24:49,984 - INFO - Детали: Извлечено 4 секций
2025-04-21 23:24:49,985 - INFO - Операция: Успешно прочитан файл: создание_заказа.txt
2025-04-21 23:24:49,985 - INFO - Детали: Извлечено 4 секций
2025-04-21 23:24:49,985 - INFO - Операция: Статистика обработки
2025-04-21 23:24:49,985 - INFO - Детали: Обработано файлов: 6, Всего секций: 60
2025-04-21 23:24:49,985 - INFO - Операция: Создание документов LangChain
2025-04-21 23:24:49,985 - INFO - Детали: Преобразование 60 секций
2025-04-21 23:24:49,985 - INFO - Операция: Создание векторного хранилища
2025-04-21 23:24:49,985 - INFO - Детали: Начало
2025-04-21 23:24:49,985 - INFO - Операция: Создание векторного хранилища
2025-04-21 23:24:49,985 - INFO - Детали: Обработка 60 документов
2025-04-21 23:25:08,608 - INFO - Loading faiss with AVX512 support.
2025-04-21 23:25:08,609 - INFO - Could not load library with AVX512 support due to:
ModuleNotFoundError("No module named 'faiss.swigfaiss_avx512'")
2025-04-21 23:25:08,609 - INFO - Loading faiss with AVX2 support.
2025-04-21 23:25:08,620 - INFO - Successfully loaded faiss with AVX2 support.
2025-04-21 23:25:08,623 - INFO - Failed to load GPU Faiss: name 'GpuIndexIVFFlat' is not defined. Will not load constructor refs for GPU indexes.
2025-04-21 23:25:08,627 - INFO - Операция: Векторное хранилище создано
2025-04-21 23:25:08,627 - INFO - Детали: Успешно
2025-04-21 23:25:08,627 - INFO - Операция: Создание цепочки QA
2025-04-21 23:25:08,627 - INFO - Детали: Начало
2025-04-21 23:25:08,628 - INFO - Операция: Создание агента
2025-04-21 23:25:08,628 - INFO - Детали: Начало
2025-04-21 23:25:08,629 - INFO - Операция: Инициализация завершена
2025-04-21 23:25:08,630 - INFO - Детали: Успешно
2025-04-21 23:25:08,664 - INFO - [31m[1mWARNING: This is a development server. Do not use it in a production deployment. Use a production WSGI server instead.[0m
 * Running on http://127.0.0.1:5000
2025-04-21 23:25:08,664 - INFO - [33mPress CTRL+C to quit[0m
2025-04-21 23:25:08,665 - INFO -  * Restarting with stat
2025-04-21 23:25:12,679 - INFO - Load pretrained SentenceTransformer: sberbank-ai/sbert_large_nlu_ru
2025-04-21 23:25:16,122 - INFO - Операция: Начало чтения документов из директории: documents
2025-04-21 23:25:16,122 - INFO - Операция: Обработка файла
2025-04-21 23:25:16,122 - INFO - Детали: Тип файла: Документ Microsoft Word по заказу.docx
2025-04-21 23:25:16,122 - INFO - Операция: Чтение Word файла
2025-04-21 23:25:16,122 - INFO - Детали: Обработка файла: documents\Документ Microsoft Word по заказу.docx
2025-04-21 23:25:16,126 - INFO - Операция: Успешное чтение Word
2025-04-21 23:25:16,126 - INFO - Детали: Извлечено 2 секций
2025-04-21 23:25:16,127 - INFO - Операция: Секция 1 из файла Документ Microsoft Word по заказу.docx
2025-04-21 23:25:16,127 - INFO - Детали: Раздел: Заголовок документа, Превью: Название документа: Документ Microsoft Word по заказу


2025-04-21 23:25:16,127 - INFO - Операция: Секция 2 из файла Документ Microsoft Word по заказу.docx
2025-04-21 23:25:16,127 - INFO - Детали: Раздел: Основной текст, Превью: Чтобы создать заказ на доставку требуется использовать транзакцию me21n.
Чтобы изменить заказ на дос...
2025-04-21 23:25:16,127 - INFO - Операция: Успешно прочитан файл: Документ Microsoft Word по заказу.docx
2025-04-21 23:25:16,128 - INFO - Детали: Извлечено 2 секций
2025-04-21 23:25:16,128 - INFO - Операция: Обработка файла
2025-04-21 23:25:16,128 - INFO - Детали: Тип файла: Документ Microsoft Word.docx
2025-04-21 23:25:16,128 - INFO - Операция: Чтение Word файла
2025-04-21 23:25:16,128 - INFO - Детали: Обработка файла: documents\Документ Microsoft Word.docx
2025-04-21 23:25:16,130 - INFO - Операция: Успешное чтение Word
2025-04-21 23:25:16,130 - INFO - Детали: Извлечено 2 секций
2025-04-21 23:25:16,130 - INFO - Операция: Секция 1 из файла Документ Microsoft Word.docx
2025-04-21 23:25:16,130 - INFO - Детали: Раздел: Заголовок документа, Превью: Название документа: Документ Microsoft Word


2025-04-21 23:25:16,131 - INFO - Операция: Секция 2 из файла Документ Microsoft Word.docx
2025-04-21 23:25:16,131 - INFO - Детали: Раздел: Основной текст, Превью: Сколько лет я буду жить? Так долго, как пожелаешь….

Как научиться говорить? Ответ: Шёпотом!

Как со...
2025-04-21 23:25:16,131 - INFO - Операция: Успешно прочитан файл: Документ Microsoft Word.docx
2025-04-21 23:25:16,131 - INFO - Детали: Извлечено 2 секций
2025-04-21 23:25:16,131 - INFO - Операция: Обработка файла
2025-04-21 23:25:16,131 - INFO - Детали: Тип файла: Инструкция_по_сборке_LEGO.pdf
2025-04-21 23:25:16,131 - INFO - Операция: Чтение PDF файла
2025-04-21 23:25:16,131 - INFO - Детали: Обработка файла: documents\Инструкция_по_сборке_LEGO.pdf
2025-04-21 23:25:16,150 - INFO - Операция: Анализ PDF
2025-04-21 23:25:16,151 - INFO - Детали: Файл содержит 48 страниц
2025-04-21 23:25:16,998 - INFO - Операция: Успешное чтение PDF
2025-04-21 23:25:16,999 - INFO - Детали: Извлечено 47 секций
2025-04-21 23:25:16,999 - INFO - Операция: Успешно прочитан файл: Инструкция_по_сборке_LEGO.pdf
2025-04-21 23:25:16,999 - INFO - Детали: Извлечено 47 секций
2025-04-21 23:25:16,999 - INFO - Операция: Обработка файла
2025-04-21 23:25:16,999 - INFO - Детали: Тип файла: Лист Microsoft Excel.xlsx
2025-04-21 23:25:16,999 - INFO - Операция: Чтение Excel файла
2025-04-21 23:25:16,999 - INFO - Детали: Обработка файла: documents\Лист Microsoft Excel.xlsx
2025-04-21 23:25:17,105 - INFO - Операция: Успешное чтение Excel
2025-04-21 23:25:17,105 - INFO - Детали: Извлечено 1 секций
2025-04-21 23:25:17,105 - INFO - Операция: Успешно прочитан файл: Лист Microsoft Excel.xlsx
2025-04-21 23:25:17,105 - INFO - Детали: Извлечено 1 секций
2025-04-21 23:25:17,105 - INFO - Операция: Обработка файла
2025-04-21 23:25:17,105 - INFO - Детали: Тип файла: ММ САП.docx
2025-04-21 23:25:17,105 - INFO - Операция: Чтение Word файла
2025-04-21 23:25:17,105 - INFO - Детали: Обработка файла: documents\ММ САП.docx
2025-04-21 23:25:17,534 - INFO - Операция: Успешное чтение Word
2025-04-21 23:25:17,535 - INFO - Детали: Извлечено 4 секций
2025-04-21 23:25:17,535 - INFO - Операция: Секция 1 из файла ММ САП.docx
2025-04-21 23:25:17,535 - INFO - Детали: Раздел: Документ SAP MM, Превью: ДОКУМЕНТ SAP: ММ САП

Этот документ относится к системе SAP и модулю MM (Material Management). SAP M...
2025-04-21 23:25:17,535 - INFO - Операция: Секция 2 из файла ММ САП.docx
2025-04-21 23:25:17,535 - INFO - Детали: Раздел: Основной текст, Превью: SAP MM CONTENT: SAP MM - Краткое руководство

Предыдущая страница

Далее

SAP MM CONTENT: SAP MM - О...
2025-04-21 23:25:17,535 - INFO - Операция: Секция 3 из файла ММ САП.docx
2025-04-21 23:25:17,535 - INFO - Детали: Раздел: Таблица 1, Превью: SAP MM TABLE DATA:
Таблица 1:

Строка 1: Sr.No . | Закупочная Деятельность и Описание
Строка 2: 1 | ...
2025-04-21 23:25:17,536 - INFO - Операция: Секция 4 из файла ММ САП.docx
2025-04-21 23:25:17,536 - INFO - Детали: Раздел: Таблица 2, Превью: SAP MM TABLE DATA:
Таблица 2:

Строка 1: Sr.No . | T-Код и описание
Строка 2: 1 | ОКС15
Создать комп...
2025-04-21 23:25:17,536 - INFO - Операция: Успешно прочитан файл: ММ САП.docx
2025-04-21 23:25:17,536 - INFO - Детали: Извлечено 4 секций
2025-04-21 23:25:17,536 - INFO - Операция: Обработка файла
2025-04-21 23:25:17,536 - INFO - Детали: Тип файла: создание_заказа.txt
2025-04-21 23:25:17,536 - INFO - Операция: Чтение текстового файла: documents\создание_заказа.txt
2025-04-21 23:25:17,536 - INFO - Операция: Содержимое файла создание_заказа.txt
2025-04-21 23:25:17,536 - INFO - Детали: Размер: 1174 символов
2025-04-21 23:25:17,537 - INFO - Операция: Секция 1 из файла создание_заказа.txt
2025-04-21 23:25:17,537 - INFO - Детали: Раздел: Заголовок документа, Превью: Название документа: создание_заказа


2025-04-21 23:25:17,537 - INFO - Операция: Секция 2 из файла создание_заказа.txt
2025-04-21 23:25:17,537 - INFO - Детали: Раздел: # Инструкция по созданию заказа, Превью: # Инструкция по созданию заказа

## Шаги создания заказа в системе
2025-04-21 23:25:17,537 - INFO - Операция: Секция 3 из файла создание_заказа.txt
2025-04-21 23:25:17,537 - INFO - Детали: Раздел: 1. Войдите в личный кабинет, используя логин и пароль.
2. Нажмите на кнопку "Создать новый заказ" в верхнем меню.
3. Выберите товары из каталога, нажимая кнопку "Добавить в корзину".
4. После выбора всех товаров перейдите в корзину.
5. Проверьте состав заказа и общую сумму.
6. Выберите способ доставки из доступных вариантов:
   - Курьерская доставка
   - Самовывоз из пункта выдачи
   - Почтовая доставка
7. Укажите адрес доставки, если выбрана доставка курьером или почтой.
8. Выберите способ оплаты:
   - Банковской картой онлайн
   - При получении
   - Оплата "Улыбкой" (специальная программа лояльности)
9. Нажмите кнопку "Оформить заказ".
10. Вам придет подтверждение о создании заказа на email и SMS., Превью: 1. Войдите в личный кабинет, используя логин и пароль.
2. Нажмите на кнопку "Создать новый заказ" в ...
2025-04-21 23:25:17,537 - INFO - Операция: Секция 4 из файла создание_заказа.txt
2025-04-21 23:25:17,538 - INFO - Детали: Раздел: - Минимальная сумма заказа - 500 рублей.
- Срок доставки зависит от выбранного способа и региона.
- После оформления заказа его состав изменить нельзя.
- Вы можете отменить заказ до его отправки в службу доставки., Превью: - Минимальная сумма заказа - 500 рублей.
- Срок доставки зависит от выбранного способа и региона.
- ...
2025-04-21 23:25:17,538 - INFO - Операция: Успешное чтение TXT
2025-04-21 23:25:17,538 - INFO - Детали: Извлечено 4 секций
2025-04-21 23:25:17,538 - INFO - Операция: Успешно прочитан файл: создание_заказа.txt
2025-04-21 23:25:17,538 - INFO - Детали: Извлечено 4 секций
2025-04-21 23:25:17,538 - INFO - Операция: Статистика обработки
2025-04-21 23:25:17,538 - INFO - Детали: Обработано файлов: 6, Всего секций: 60
2025-04-21 23:25:17,538 - INFO - Операция: Создание документов LangChain
2025-04-21 23:25:17,539 - INFO - Детали: Преобразование 60 секций
2025-04-21 23:25:17,539 - INFO - Операция: Создание векторного хранилища
2025-04-21 23:25:17,539 - INFO - Детали: Начало
2025-04-21 23:25:17,539 - INFO - Операция: Создание векторного хранилища
2025-04-21 23:25:17,539 - INFO - Детали: Обработка 60 документов
2025-04-21 23:25:37,487 - INFO - Loading faiss with AVX512 support.
2025-04-21 23:25:37,488 - INFO - Could not load library with AVX512 support due to:
ModuleNotFoundError("No module named 'faiss.swigfaiss_avx512'")
2025-04-21 23:25:37,488 - INFO - Loading faiss with AVX2 support.
2025-04-21 23:25:37,500 - INFO - Successfully loaded faiss with AVX2 support.
2025-04-21 23:25:37,503 - INFO - Failed to load GPU Faiss: name 'GpuIndexIVFFlat' is not defined. Will not load constructor refs for GPU indexes.
2025-04-21 23:25:37,506 - INFO - Операция: Векторное хранилище создано
2025-04-21 23:25:37,506 - INFO - Детали: Успешно
2025-04-21 23:25:37,506 - INFO - Операция: Создание цепочки QA
2025-04-21 23:25:37,506 - INFO - Детали: Начало
2025-04-21 23:25:37,507 - INFO - Операция: Создание агента
2025-04-21 23:25:37,507 - INFO - Детали: Начало
2025-04-21 23:25:37,508 - INFO - Операция: Инициализация завершена
2025-04-21 23:25:37,508 - INFO - Детали: Успешно
2025-04-21 23:25:37,514 - WARNING -  * Debugger is active!
2025-04-21 23:25:37,515 - INFO -  * Debugger PIN: 127-184-279
2025-04-21 23:25:37,589 - INFO - 127.0.0.1 - - [21/Apr/2025 23:25:37] "GET / HTTP/1.1" 200 -
2025-04-21 23:25:37,595 - INFO - 127.0.0.1 - - [21/Apr/2025 23:25:37] "GET /static/css/style.css HTTP/1.1" 200 -
2025-04-21 23:25:37,595 - INFO - 127.0.0.1 - - [21/Apr/2025 23:25:37] "GET /static/js/app.js HTTP/1.1" 200 -
2025-04-21 23:25:37,701 - INFO - 127.0.0.1 - - [21/Apr/2025 23:25:37] "[33mGET /favicon.ico HTTP/1.1[0m" 404 -
2025-04-21 23:27:07,108 - INFO - Операция: Анализ запроса
2025-04-21 23:27:07,108 - INFO - Детали: Начало анализа
2025-04-21 23:27:07,109 - INFO - === Запрос пользователя ===
2025-04-21 23:27:07,109 - INFO - Требуется информация что такое sap mm?
2025-04-21 23:27:07,110 - INFO - === Ответ системы ===
2025-04-21 23:27:07,110 - INFO - 
2025-04-21 23:27:07,110 - INFO - =====================
2025-04-21 23:27:07,110 - INFO - Операция: Обработка запроса
2025-04-21 23:27:07,110 - INFO - Детали: Ключевые слова: 'что такое sap mm?'
2025-04-21 23:27:07,110 - INFO - Операция: Определен SAP-запрос
2025-04-21 23:27:07,110 - INFO - Детали: Запуск специализированного поиска
2025-04-21 23:27:07,183 - INFO - Операция: Найдены SAP-документы
2025-04-21 23:27:07,183 - INFO - Детали: 10 результатов
2025-04-21 23:27:07,183 - INFO - Операция: Проверка документа
2025-04-21 23:27:07,183 - INFO - Детали: Файл: мм сап.docx, Раздел: документ sap mm
2025-04-21 23:27:07,183 - INFO - Операция: Найдено SAP MM совпадение
2025-04-21 23:27:07,183 - INFO - Детали: Файл: мм сап.docx, Раздел: документ sap mm, Превью: документ sap: мм сап

этот документ относится к системе sap и модулю mm (material management). sap m...
2025-04-21 23:27:07,184 - INFO - Операция: Проверка документа
2025-04-21 23:27:07,184 - INFO - Детали: Файл: документ microsoft word по заказу.docx, Раздел: заголовок документа
2025-04-21 23:27:07,184 - INFO - Операция: Проверка документа
2025-04-21 23:27:07,184 - INFO - Детали: Файл: документ microsoft word.docx, Раздел: заголовок документа
2025-04-21 23:27:07,184 - INFO - Операция: Проверка документа
2025-04-21 23:27:07,184 - INFO - Детали: Файл: создание_заказа.txt, Раздел: # инструкция по созданию заказа
2025-04-21 23:27:07,184 - INFO - Операция: Проверка документа
2025-04-21 23:27:07,184 - INFO - Детали: Файл: создание_заказа.txt, Раздел: заголовок документа
2025-04-21 23:27:07,185 - INFO - Операция: Проверка документа
2025-04-21 23:27:07,185 - INFO - Детали: Файл: мм сап.docx, Раздел: основной текст
2025-04-21 23:27:07,185 - INFO - Операция: Найдено SAP MM совпадение
2025-04-21 23:27:07,186 - INFO - Детали: Файл: мм сап.docx, Раздел: основной текст, Превью: sap mm content: sap mm - краткое руководство

предыдущая страница

далее

sap mm content: sap mm - о...
2025-04-21 23:27:07,186 - INFO - Операция: Проверка документа
2025-04-21 23:27:07,186 - INFO - Детали: Файл: инструкция_по_сборке_lego.pdf, Раздел: страница 35
2025-04-21 23:27:07,186 - INFO - Операция: Проверка документа
2025-04-21 23:27:07,186 - INFO - Детали: Файл: инструкция_по_сборке_lego.pdf, Раздел: страница 40
2025-04-21 23:27:07,186 - INFO - Операция: Проверка документа
2025-04-21 23:27:07,186 - INFO - Детали: Файл: мм сап.docx, Раздел: таблица 1
2025-04-21 23:27:07,186 - INFO - Операция: Найдено SAP MM совпадение
2025-04-21 23:27:07,186 - INFO - Детали: Файл: мм сап.docx, Раздел: таблица 1, Превью: sap mm table data:
таблица 1:

строка 1: sr.no . | закупочная деятельность и описание
строка 2: 1 | ...
2025-04-21 23:27:07,186 - INFO - Операция: Проверка документа
2025-04-21 23:27:07,186 - INFO - Детали: Файл: документ microsoft word по заказу.docx, Раздел: основной текст
2025-04-21 23:27:07,187 - INFO - Операция: Отфильтровано 3 SAP документов
2025-04-21 23:27:07,187 - INFO - Детали: Формирование прямого ответа на основе SAP документов
2025-04-21 23:27:11,994 - INFO - Операция: Получен ответ на SAP-запрос
2025-04-21 23:27:11,994 - INFO - Детали: Длина ответа: 2288 символов
2025-04-21 23:27:11,995 - INFO - === Запрос пользователя ===
2025-04-21 23:27:11,995 - INFO - Требуется информация что такое sap mm?
2025-04-21 23:27:11,996 - INFO - === Ответ системы ===
2025-04-21 23:27:11,996 - INFO - Информация найдена на странице 1 в разделе **Основной текст**:

SAP MM CONTENT: SAP MM - Процесс закупок

Каждая организация приобретает материалы или услуги для удовлетворения своих бизнес-потребностей. Процесс покупки материалов и получения услуг от поставщиков или дилеров называется закупками. Этапы, необходимые для закупки материалов, составляют цикл закупок. Каждая организация выполняет несколько последовательных этапов для закупки материалов в нужном количестве по нужной цене. Важные этапы цикла закупок следующие:

1. **Определение потребности**
   Это первый этап в цикле закупок. Это логическая последовательность действий, в ходе которой определяется, какие материалы или услуги требуются компании и какой поставщик может удовлетворить эти потребности. Составляется список требований, который затем утверждается вышестоящим руководством организации. После утверждения составляется официальный список, который называется заказом на поставку и проходит ещё один уровень утверждения, после чего отправляется поставщику.

2. **Создание заказа на покупку**
   Заказ на поставку — это официальное и окончательное подтверждение требований, которое отправляется поставщику для поставки материалов или услуг. В заказе на поставку содержится важная информация, такая как название материала с указанием завода-изготовителя, сведения о покупающей организации с кодом компании, название поставщика и дата поставки. Заказ на поставку можно создать, выполнив следующие действия:

3. **Учет Поступления товара**
   После обработки заказа на поставку поставщик доставляет товар заказчику, и этот процесс называется получением товара. На этом этапе заказчик получает товар и проверяет его состояние и качество. После проверки соответствия товара заранее установленным требованиям оформляется накладная на получение товара.

4. **Разноска счета-фактуры**
   Счёт-фактура поступает от поставщика после получения товара, а затем проверяется заказчиком. На этом этапе поставщик (продавец) получает оплату от компании, и осуществляется сверка счёта-фактуры и заказа. Счёт-фактуру можно выставить, выполнив следующие действия:

5. **Проверка счета-фактуры / Оплата Поставщику**
   На этом этапе компания выплачивает поставщику (продавцу) деньги, а также сверяет счёт-фактуру и платёжное поручение.
2025-04-21 23:27:11,996 - INFO - =====================
2025-04-21 23:27:11,997 - INFO - 127.0.0.1 - - [21/Apr/2025 23:27:11] "POST /analyze HTTP/1.1" 200 -
2025-04-21 23:31:27,491 - INFO -  * Detected change in 'c:\\Users\\NOVA\\OneDrive\\Рабочий стол\\AI-агент\\pet-project\\app.py', reloading
2025-04-21 23:31:28,105 - INFO -  * Restarting with stat
2025-04-21 23:31:32,250 - INFO - Load pretrained SentenceTransformer: sberbank-ai/sbert_large_nlu_ru
2025-04-21 23:31:35,813 - INFO - Операция: Начало чтения документов из директории: documents
2025-04-21 23:31:35,813 - INFO - Операция: Обработка файла
2025-04-21 23:31:35,814 - INFO - Детали: Тип файла: Документ Microsoft Word по заказу.docx
2025-04-21 23:31:35,814 - INFO - Операция: Чтение Word файла
2025-04-21 23:31:35,814 - INFO - Детали: Обработка файла: documents\Документ Microsoft Word по заказу.docx
2025-04-21 23:31:35,818 - INFO - Операция: Успешное чтение Word
2025-04-21 23:31:35,818 - INFO - Детали: Извлечено 2 секций
2025-04-21 23:31:35,818 - INFO - Операция: Секция 1 из файла Документ Microsoft Word по заказу.docx
2025-04-21 23:31:35,818 - INFO - Детали: Раздел: Заголовок документа, Превью: Название документа: Документ Microsoft Word по заказу


2025-04-21 23:31:35,819 - INFO - Операция: Секция 2 из файла Документ Microsoft Word по заказу.docx
2025-04-21 23:31:35,819 - INFO - Детали: Раздел: Основной текст, Превью: Чтобы создать заказ на доставку требуется использовать транзакцию me21n.
Чтобы изменить заказ на дос...
2025-04-21 23:31:35,819 - INFO - Операция: Успешно прочитан файл: Документ Microsoft Word по заказу.docx
2025-04-21 23:31:35,819 - INFO - Детали: Извлечено 2 секций
2025-04-21 23:31:35,819 - INFO - Операция: Обработка файла
2025-04-21 23:31:35,819 - INFO - Детали: Тип файла: Документ Microsoft Word.docx
2025-04-21 23:31:35,819 - INFO - Операция: Чтение Word файла
2025-04-21 23:31:35,819 - INFO - Детали: Обработка файла: documents\Документ Microsoft Word.docx
2025-04-21 23:31:35,821 - INFO - Операция: Успешное чтение Word
2025-04-21 23:31:35,821 - INFO - Детали: Извлечено 2 секций
2025-04-21 23:31:35,822 - INFO - Операция: Секция 1 из файла Документ Microsoft Word.docx
2025-04-21 23:31:35,822 - INFO - Детали: Раздел: Заголовок документа, Превью: Название документа: Документ Microsoft Word


2025-04-21 23:31:35,822 - INFO - Операция: Секция 2 из файла Документ Microsoft Word.docx
2025-04-21 23:31:35,822 - INFO - Детали: Раздел: Основной текст, Превью: Сколько лет я буду жить? Так долго, как пожелаешь….

Как научиться говорить? Ответ: Шёпотом!

Как со...
2025-04-21 23:31:35,822 - INFO - Операция: Успешно прочитан файл: Документ Microsoft Word.docx
2025-04-21 23:31:35,822 - INFO - Детали: Извлечено 2 секций
2025-04-21 23:31:35,822 - INFO - Операция: Обработка файла
2025-04-21 23:31:35,822 - INFO - Детали: Тип файла: Инструкция_по_сборке_LEGO.pdf
2025-04-21 23:31:35,822 - INFO - Операция: Чтение PDF файла
2025-04-21 23:31:35,823 - INFO - Детали: Обработка файла: documents\Инструкция_по_сборке_LEGO.pdf
2025-04-21 23:31:35,841 - INFO - Операция: Анализ PDF
2025-04-21 23:31:35,842 - INFO - Детали: Файл содержит 48 страниц
2025-04-21 23:31:36,680 - INFO - Операция: Успешное чтение PDF
2025-04-21 23:31:36,680 - INFO - Детали: Извлечено 47 секций
2025-04-21 23:31:36,680 - INFO - Операция: Успешно прочитан файл: Инструкция_по_сборке_LEGO.pdf
2025-04-21 23:31:36,680 - INFO - Детали: Извлечено 47 секций
2025-04-21 23:31:36,681 - INFO - Операция: Обработка файла
2025-04-21 23:31:36,681 - INFO - Детали: Тип файла: Лист Microsoft Excel.xlsx
2025-04-21 23:31:36,681 - INFO - Операция: Чтение Excel файла
2025-04-21 23:31:36,681 - INFO - Детали: Обработка файла: documents\Лист Microsoft Excel.xlsx
2025-04-21 23:31:36,786 - INFO - Операция: Успешное чтение Excel
2025-04-21 23:31:36,786 - INFO - Детали: Извлечено 1 секций
2025-04-21 23:31:36,787 - INFO - Операция: Успешно прочитан файл: Лист Microsoft Excel.xlsx
2025-04-21 23:31:36,787 - INFO - Детали: Извлечено 1 секций
2025-04-21 23:31:36,787 - INFO - Операция: Обработка файла
2025-04-21 23:31:36,787 - INFO - Детали: Тип файла: ММ САП.docx
2025-04-21 23:31:36,787 - INFO - Операция: Чтение Word файла
2025-04-21 23:31:36,787 - INFO - Детали: Обработка файла: documents\ММ САП.docx
2025-04-21 23:31:37,223 - INFO - Операция: Успешное чтение Word
2025-04-21 23:31:37,223 - INFO - Детали: Извлечено 4 секций
2025-04-21 23:31:37,224 - INFO - Операция: Секция 1 из файла ММ САП.docx
2025-04-21 23:31:37,224 - INFO - Детали: Раздел: Документ SAP MM, Превью: ДОКУМЕНТ SAP: ММ САП

Этот документ относится к системе SAP и модулю MM (Material Management). SAP M...
2025-04-21 23:31:37,224 - INFO - Операция: Секция 2 из файла ММ САП.docx
2025-04-21 23:31:37,224 - INFO - Детали: Раздел: Основной текст, Превью: SAP MM CONTENT: SAP MM - Краткое руководство

Предыдущая страница

Далее

SAP MM CONTENT: SAP MM - О...
2025-04-21 23:31:37,224 - INFO - Операция: Секция 3 из файла ММ САП.docx
2025-04-21 23:31:37,224 - INFO - Детали: Раздел: Таблица 1, Превью: SAP MM TABLE DATA:
Таблица 1:

Строка 1: Sr.No . | Закупочная Деятельность и Описание
Строка 2: 1 | ...
2025-04-21 23:31:37,224 - INFO - Операция: Секция 4 из файла ММ САП.docx
2025-04-21 23:31:37,224 - INFO - Детали: Раздел: Таблица 2, Превью: SAP MM TABLE DATA:
Таблица 2:

Строка 1: Sr.No . | T-Код и описание
Строка 2: 1 | ОКС15
Создать комп...
2025-04-21 23:31:37,224 - INFO - Операция: Успешно прочитан файл: ММ САП.docx
2025-04-21 23:31:37,224 - INFO - Детали: Извлечено 4 секций
2025-04-21 23:31:37,225 - INFO - Операция: Обработка файла
2025-04-21 23:31:37,225 - INFO - Детали: Тип файла: создание_заказа.txt
2025-04-21 23:31:37,225 - INFO - Операция: Чтение текстового файла: documents\создание_заказа.txt
2025-04-21 23:31:37,225 - INFO - Операция: Содержимое файла создание_заказа.txt
2025-04-21 23:31:37,225 - INFO - Детали: Размер: 1174 символов
2025-04-21 23:31:37,225 - INFO - Операция: Секция 1 из файла создание_заказа.txt
2025-04-21 23:31:37,225 - INFO - Детали: Раздел: Заголовок документа, Превью: Название документа: создание_заказа


2025-04-21 23:31:37,226 - INFO - Операция: Секция 2 из файла создание_заказа.txt
2025-04-21 23:31:37,226 - INFO - Детали: Раздел: # Инструкция по созданию заказа, Превью: # Инструкция по созданию заказа

## Шаги создания заказа в системе
2025-04-21 23:31:37,226 - INFO - Операция: Секция 3 из файла создание_заказа.txt
2025-04-21 23:31:37,226 - INFO - Детали: Раздел: 1. Войдите в личный кабинет, используя логин и пароль.
2. Нажмите на кнопку "Создать новый заказ" в верхнем меню.
3. Выберите товары из каталога, нажимая кнопку "Добавить в корзину".
4. После выбора всех товаров перейдите в корзину.
5. Проверьте состав заказа и общую сумму.
6. Выберите способ доставки из доступных вариантов:
   - Курьерская доставка
   - Самовывоз из пункта выдачи
   - Почтовая доставка
7. Укажите адрес доставки, если выбрана доставка курьером или почтой.
8. Выберите способ оплаты:
   - Банковской картой онлайн
   - При получении
   - Оплата "Улыбкой" (специальная программа лояльности)
9. Нажмите кнопку "Оформить заказ".
10. Вам придет подтверждение о создании заказа на email и SMS., Превью: 1. Войдите в личный кабинет, используя логин и пароль.
2. Нажмите на кнопку "Создать новый заказ" в ...
2025-04-21 23:31:37,226 - INFO - Операция: Секция 4 из файла создание_заказа.txt
2025-04-21 23:31:37,226 - INFO - Детали: Раздел: - Минимальная сумма заказа - 500 рублей.
- Срок доставки зависит от выбранного способа и региона.
- После оформления заказа его состав изменить нельзя.
- Вы можете отменить заказ до его отправки в службу доставки., Превью: - Минимальная сумма заказа - 500 рублей.
- Срок доставки зависит от выбранного способа и региона.
- ...
2025-04-21 23:31:37,226 - INFO - Операция: Успешное чтение TXT
2025-04-21 23:31:37,226 - INFO - Детали: Извлечено 4 секций
2025-04-21 23:31:37,227 - INFO - Операция: Успешно прочитан файл: создание_заказа.txt
2025-04-21 23:31:37,227 - INFO - Детали: Извлечено 4 секций
2025-04-21 23:31:37,227 - INFO - Операция: Статистика обработки
2025-04-21 23:31:37,227 - INFO - Детали: Обработано файлов: 6, Всего секций: 60
2025-04-21 23:31:37,227 - INFO - Операция: Создание документов LangChain
2025-04-21 23:31:37,227 - INFO - Детали: Преобразование 60 секций
2025-04-21 23:31:37,227 - INFO - Операция: Создание векторного хранилища
2025-04-21 23:31:37,227 - INFO - Детали: Начало
2025-04-21 23:31:37,228 - INFO - Операция: Создание векторного хранилища
2025-04-21 23:31:37,228 - INFO - Детали: Обработка 60 документов
2025-04-21 23:31:55,854 - INFO - Loading faiss with AVX512 support.
2025-04-21 23:31:55,854 - INFO - Could not load library with AVX512 support due to:
ModuleNotFoundError("No module named 'faiss.swigfaiss_avx512'")
2025-04-21 23:31:55,854 - INFO - Loading faiss with AVX2 support.
2025-04-21 23:31:55,867 - INFO - Successfully loaded faiss with AVX2 support.
2025-04-21 23:31:55,871 - INFO - Failed to load GPU Faiss: name 'GpuIndexIVFFlat' is not defined. Will not load constructor refs for GPU indexes.
2025-04-21 23:31:55,874 - INFO - Операция: Векторное хранилище создано
2025-04-21 23:31:55,875 - INFO - Детали: Успешно
2025-04-21 23:31:55,875 - INFO - Операция: Создание цепочки QA
2025-04-21 23:31:55,875 - INFO - Детали: Начало
2025-04-21 23:31:55,875 - INFO - Операция: Создание агента
2025-04-21 23:31:55,875 - INFO - Детали: Начало
2025-04-21 23:31:55,877 - INFO - Операция: Инициализация завершена
2025-04-21 23:31:55,877 - INFO - Детали: Успешно
2025-04-21 23:31:55,881 - WARNING -  * Debugger is active!
2025-04-21 23:31:55,883 - INFO -  * Debugger PIN: 127-184-279
2025-04-21 23:32:04,374 - INFO -  * Detected change in 'c:\\Users\\NOVA\\OneDrive\\Рабочий стол\\AI-агент\\pet-project\\app.py', reloading
2025-04-21 23:32:04,995 - INFO -  * Restarting with stat
2025-04-21 23:32:08,994 - INFO - Load pretrained SentenceTransformer: sberbank-ai/sbert_large_nlu_ru
2025-04-21 23:32:12,575 - INFO - Операция: Начало чтения документов из директории: documents
2025-04-21 23:32:12,575 - INFO - Операция: Обработка файла
2025-04-21 23:32:12,575 - INFO - Детали: Тип файла: Документ Microsoft Word по заказу.docx
2025-04-21 23:32:12,576 - INFO - Операция: Чтение Word файла
2025-04-21 23:32:12,576 - INFO - Детали: Обработка файла: documents\Документ Microsoft Word по заказу.docx
2025-04-21 23:32:12,580 - INFO - Операция: Успешное чтение Word
2025-04-21 23:32:12,580 - INFO - Детали: Извлечено 2 секций
2025-04-21 23:32:12,580 - INFO - Операция: Секция 1 из файла Документ Microsoft Word по заказу.docx
2025-04-21 23:32:12,580 - INFO - Детали: Раздел: Заголовок документа, Превью: Название документа: Документ Microsoft Word по заказу


2025-04-21 23:32:12,580 - INFO - Операция: Секция 2 из файла Документ Microsoft Word по заказу.docx
2025-04-21 23:32:12,581 - INFO - Детали: Раздел: Основной текст, Превью: Чтобы создать заказ на доставку требуется использовать транзакцию me21n.
Чтобы изменить заказ на дос...
2025-04-21 23:32:12,581 - INFO - Операция: Успешно прочитан файл: Документ Microsoft Word по заказу.docx
2025-04-21 23:32:12,581 - INFO - Детали: Извлечено 2 секций
2025-04-21 23:32:12,581 - INFO - Операция: Обработка файла
2025-04-21 23:32:12,581 - INFO - Детали: Тип файла: Документ Microsoft Word.docx
2025-04-21 23:32:12,581 - INFO - Операция: Чтение Word файла
2025-04-21 23:32:12,581 - INFO - Детали: Обработка файла: documents\Документ Microsoft Word.docx
2025-04-21 23:32:12,583 - INFO - Операция: Успешное чтение Word
2025-04-21 23:32:12,583 - INFO - Детали: Извлечено 2 секций
2025-04-21 23:32:12,583 - INFO - Операция: Секция 1 из файла Документ Microsoft Word.docx
2025-04-21 23:32:12,583 - INFO - Детали: Раздел: Заголовок документа, Превью: Название документа: Документ Microsoft Word


2025-04-21 23:32:12,583 - INFO - Операция: Секция 2 из файла Документ Microsoft Word.docx
2025-04-21 23:32:12,584 - INFO - Детали: Раздел: Основной текст, Превью: Сколько лет я буду жить? Так долго, как пожелаешь….

Как научиться говорить? Ответ: Шёпотом!

Как со...
2025-04-21 23:32:12,584 - INFO - Операция: Успешно прочитан файл: Документ Microsoft Word.docx
2025-04-21 23:32:12,584 - INFO - Детали: Извлечено 2 секций
2025-04-21 23:32:12,584 - INFO - Операция: Обработка файла
2025-04-21 23:32:12,584 - INFO - Детали: Тип файла: Инструкция_по_сборке_LEGO.pdf
2025-04-21 23:32:12,584 - INFO - Операция: Чтение PDF файла
2025-04-21 23:32:12,584 - INFO - Детали: Обработка файла: documents\Инструкция_по_сборке_LEGO.pdf
2025-04-21 23:32:12,605 - INFO - Операция: Анализ PDF
2025-04-21 23:32:12,605 - INFO - Детали: Файл содержит 48 страниц
2025-04-21 23:32:13,439 - INFO - Операция: Успешное чтение PDF
2025-04-21 23:32:13,440 - INFO - Детали: Извлечено 47 секций
2025-04-21 23:32:13,440 - INFO - Операция: Успешно прочитан файл: Инструкция_по_сборке_LEGO.pdf
2025-04-21 23:32:13,440 - INFO - Детали: Извлечено 47 секций
2025-04-21 23:32:13,440 - INFO - Операция: Обработка файла
2025-04-21 23:32:13,440 - INFO - Детали: Тип файла: Лист Microsoft Excel.xlsx
2025-04-21 23:32:13,440 - INFO - Операция: Чтение Excel файла
2025-04-21 23:32:13,440 - INFO - Детали: Обработка файла: documents\Лист Microsoft Excel.xlsx
2025-04-21 23:32:13,545 - INFO - Операция: Успешное чтение Excel
2025-04-21 23:32:13,545 - INFO - Детали: Извлечено 1 секций
2025-04-21 23:32:13,545 - INFO - Операция: Успешно прочитан файл: Лист Microsoft Excel.xlsx
2025-04-21 23:32:13,545 - INFO - Детали: Извлечено 1 секций
2025-04-21 23:32:13,545 - INFO - Операция: Обработка файла
2025-04-21 23:32:13,545 - INFO - Детали: Тип файла: ММ САП.docx
2025-04-21 23:32:13,545 - INFO - Операция: Чтение Word файла
2025-04-21 23:32:13,546 - INFO - Детали: Обработка файла: documents\ММ САП.docx
2025-04-21 23:32:13,970 - INFO - Операция: Успешное чтение Word
2025-04-21 23:32:13,970 - INFO - Детали: Извлечено 4 секций
2025-04-21 23:32:13,970 - INFO - Операция: Секция 1 из файла ММ САП.docx
2025-04-21 23:32:13,971 - INFO - Детали: Раздел: Документ SAP MM, Превью: ДОКУМЕНТ SAP: ММ САП

Этот документ относится к системе SAP и модулю MM (Material Management). SAP M...
2025-04-21 23:32:13,971 - INFO - Операция: Секция 2 из файла ММ САП.docx
2025-04-21 23:32:13,971 - INFO - Детали: Раздел: Основной текст, Превью: SAP MM CONTENT: SAP MM - Краткое руководство

Предыдущая страница

Далее

SAP MM CONTENT: SAP MM - О...
2025-04-21 23:32:13,971 - INFO - Операция: Секция 3 из файла ММ САП.docx
2025-04-21 23:32:13,972 - INFO - Детали: Раздел: Таблица 1, Превью: SAP MM TABLE DATA:
Таблица 1:

Строка 1: Sr.No . | Закупочная Деятельность и Описание
Строка 2: 1 | ...
2025-04-21 23:32:13,972 - INFO - Операция: Секция 4 из файла ММ САП.docx
2025-04-21 23:32:13,972 - INFO - Детали: Раздел: Таблица 2, Превью: SAP MM TABLE DATA:
Таблица 2:

Строка 1: Sr.No . | T-Код и описание
Строка 2: 1 | ОКС15
Создать комп...
2025-04-21 23:32:13,972 - INFO - Операция: Успешно прочитан файл: ММ САП.docx
2025-04-21 23:32:13,972 - INFO - Детали: Извлечено 4 секций
2025-04-21 23:32:13,972 - INFO - Операция: Обработка файла
2025-04-21 23:32:13,972 - INFO - Детали: Тип файла: создание_заказа.txt
2025-04-21 23:32:13,972 - INFO - Операция: Чтение текстового файла: documents\создание_заказа.txt
2025-04-21 23:32:13,973 - INFO - Операция: Содержимое файла создание_заказа.txt
2025-04-21 23:32:13,973 - INFO - Детали: Размер: 1174 символов
2025-04-21 23:32:13,973 - INFO - Операция: Секция 1 из файла создание_заказа.txt
2025-04-21 23:32:13,973 - INFO - Детали: Раздел: Заголовок документа, Превью: Название документа: создание_заказа


2025-04-21 23:32:13,973 - INFO - Операция: Секция 2 из файла создание_заказа.txt
2025-04-21 23:32:13,973 - INFO - Детали: Раздел: # Инструкция по созданию заказа, Превью: # Инструкция по созданию заказа

## Шаги создания заказа в системе
2025-04-21 23:32:13,973 - INFO - Операция: Секция 3 из файла создание_заказа.txt
2025-04-21 23:32:13,974 - INFO - Детали: Раздел: 1. Войдите в личный кабинет, используя логин и пароль.
2. Нажмите на кнопку "Создать новый заказ" в верхнем меню.
3. Выберите товары из каталога, нажимая кнопку "Добавить в корзину".
4. После выбора всех товаров перейдите в корзину.
5. Проверьте состав заказа и общую сумму.
6. Выберите способ доставки из доступных вариантов:
   - Курьерская доставка
   - Самовывоз из пункта выдачи
   - Почтовая доставка
7. Укажите адрес доставки, если выбрана доставка курьером или почтой.
8. Выберите способ оплаты:
   - Банковской картой онлайн
   - При получении
   - Оплата "Улыбкой" (специальная программа лояльности)
9. Нажмите кнопку "Оформить заказ".
10. Вам придет подтверждение о создании заказа на email и SMS., Превью: 1. Войдите в личный кабинет, используя логин и пароль.
2. Нажмите на кнопку "Создать новый заказ" в ...
2025-04-21 23:32:13,974 - INFO - Операция: Секция 4 из файла создание_заказа.txt
2025-04-21 23:32:13,974 - INFO - Детали: Раздел: - Минимальная сумма заказа - 500 рублей.
- Срок доставки зависит от выбранного способа и региона.
- После оформления заказа его состав изменить нельзя.
- Вы можете отменить заказ до его отправки в службу доставки., Превью: - Минимальная сумма заказа - 500 рублей.
- Срок доставки зависит от выбранного способа и региона.
- ...
2025-04-21 23:32:13,974 - INFO - Операция: Успешное чтение TXT
2025-04-21 23:32:13,974 - INFO - Детали: Извлечено 4 секций
2025-04-21 23:32:13,974 - INFO - Операция: Успешно прочитан файл: создание_заказа.txt
2025-04-21 23:32:13,974 - INFO - Детали: Извлечено 4 секций
2025-04-21 23:32:13,974 - INFO - Операция: Статистика обработки
2025-04-21 23:32:13,974 - INFO - Детали: Обработано файлов: 6, Всего секций: 60
2025-04-21 23:32:13,974 - INFO - Операция: Создание документов LangChain
2025-04-21 23:32:13,974 - INFO - Детали: Преобразование 60 секций
2025-04-21 23:32:13,975 - INFO - Операция: Создание векторного хранилища
2025-04-21 23:32:13,975 - INFO - Детали: Начало
2025-04-21 23:32:13,975 - INFO - Операция: Создание векторного хранилища
2025-04-21 23:32:13,975 - INFO - Детали: Обработка 60 документов
2025-04-21 23:32:33,592 - INFO - Loading faiss with AVX512 support.
2025-04-21 23:32:33,593 - INFO - Could not load library with AVX512 support due to:
ModuleNotFoundError("No module named 'faiss.swigfaiss_avx512'")
2025-04-21 23:32:33,593 - INFO - Loading faiss with AVX2 support.
2025-04-21 23:32:33,604 - INFO - Successfully loaded faiss with AVX2 support.
2025-04-21 23:32:33,608 - INFO - Failed to load GPU Faiss: name 'GpuIndexIVFFlat' is not defined. Will not load constructor refs for GPU indexes.
2025-04-21 23:32:33,612 - INFO - Операция: Векторное хранилище создано
2025-04-21 23:32:33,612 - INFO - Детали: Успешно
2025-04-21 23:32:33,612 - INFO - Операция: Создание цепочки QA
2025-04-21 23:32:33,612 - INFO - Детали: Начало
2025-04-21 23:32:33,613 - INFO - Операция: Создание агента
2025-04-21 23:32:33,613 - INFO - Детали: Начало
2025-04-21 23:32:33,614 - INFO - Операция: Инициализация завершена
2025-04-21 23:32:33,614 - INFO - Детали: Успешно
2025-04-21 23:32:33,619 - WARNING -  * Debugger is active!
2025-04-21 23:32:33,621 - INFO -  * Debugger PIN: 127-184-279
2025-04-21 23:32:33,678 - INFO - 127.0.0.1 - - [21/Apr/2025 23:32:33] "GET / HTTP/1.1" 200 -
2025-04-21 23:32:50,501 - INFO -  * Detected change in 'c:\\Users\\NOVA\\OneDrive\\Рабочий стол\\AI-агент\\pet-project\\app.py', reloading
2025-04-21 23:32:51,113 - INFO -  * Restarting with stat
2025-04-21 23:32:59,744 - INFO - Load pretrained SentenceTransformer: sberbank-ai/sbert_large_nlu_ru
2025-04-21 23:33:03,295 - INFO - Операция: Начало чтения документов из директории: documents
2025-04-21 23:33:03,295 - INFO - Операция: Обработка файла
2025-04-21 23:33:03,295 - INFO - Детали: Тип файла: Документ Microsoft Word по заказу.docx
2025-04-21 23:33:03,295 - INFO - Операция: Чтение Word файла
2025-04-21 23:33:03,295 - INFO - Детали: Обработка файла: documents\Документ Microsoft Word по заказу.docx
2025-04-21 23:33:03,299 - INFO - Операция: Успешное чтение Word
2025-04-21 23:33:03,299 - INFO - Детали: Извлечено 2 секций
2025-04-21 23:33:03,299 - INFO - Операция: Секция 1 из файла Документ Microsoft Word по заказу.docx
2025-04-21 23:33:03,299 - INFO - Детали: Раздел: Заголовок документа, Превью: Название документа: Документ Microsoft Word по заказу


2025-04-21 23:33:03,299 - INFO - Операция: Секция 2 из файла Документ Microsoft Word по заказу.docx
2025-04-21 23:33:03,300 - INFO - Детали: Раздел: Основной текст, Превью: Чтобы создать заказ на доставку требуется использовать транзакцию me21n.
Чтобы изменить заказ на дос...
2025-04-21 23:33:03,300 - INFO - Операция: Успешно прочитан файл: Документ Microsoft Word по заказу.docx
2025-04-21 23:33:03,300 - INFO - Детали: Извлечено 2 секций
2025-04-21 23:33:03,300 - INFO - Операция: Обработка файла
2025-04-21 23:33:03,300 - INFO - Детали: Тип файла: Документ Microsoft Word.docx
2025-04-21 23:33:03,300 - INFO - Операция: Чтение Word файла
2025-04-21 23:33:03,300 - INFO - Детали: Обработка файла: documents\Документ Microsoft Word.docx
2025-04-21 23:33:03,302 - INFO - Операция: Успешное чтение Word
2025-04-21 23:33:03,302 - INFO - Детали: Извлечено 2 секций
2025-04-21 23:33:03,302 - INFO - Операция: Секция 1 из файла Документ Microsoft Word.docx
2025-04-21 23:33:03,302 - INFO - Детали: Раздел: Заголовок документа, Превью: Название документа: Документ Microsoft Word


2025-04-21 23:33:03,303 - INFO - Операция: Секция 2 из файла Документ Microsoft Word.docx
2025-04-21 23:33:03,303 - INFO - Детали: Раздел: Основной текст, Превью: Сколько лет я буду жить? Так долго, как пожелаешь….

Как научиться говорить? Ответ: Шёпотом!

Как со...
2025-04-21 23:33:03,303 - INFO - Операция: Успешно прочитан файл: Документ Microsoft Word.docx
2025-04-21 23:33:03,303 - INFO - Детали: Извлечено 2 секций
2025-04-21 23:33:03,303 - INFO - Операция: Обработка файла
2025-04-21 23:33:03,303 - INFO - Детали: Тип файла: Инструкция_по_сборке_LEGO.pdf
2025-04-21 23:33:03,303 - INFO - Операция: Чтение PDF файла
2025-04-21 23:33:03,303 - INFO - Детали: Обработка файла: documents\Инструкция_по_сборке_LEGO.pdf
2025-04-21 23:33:03,323 - INFO - Операция: Анализ PDF
2025-04-21 23:33:03,323 - INFO - Детали: Файл содержит 48 страниц
2025-04-21 23:33:04,145 - INFO - Операция: Успешное чтение PDF
2025-04-21 23:33:04,145 - INFO - Детали: Извлечено 47 секций
2025-04-21 23:33:04,145 - INFO - Операция: Успешно прочитан файл: Инструкция_по_сборке_LEGO.pdf
2025-04-21 23:33:04,145 - INFO - Детали: Извлечено 47 секций
2025-04-21 23:33:04,145 - INFO - Операция: Обработка файла
2025-04-21 23:33:04,146 - INFO - Детали: Тип файла: Лист Microsoft Excel.xlsx
2025-04-21 23:33:04,146 - INFO - Операция: Чтение Excel файла
2025-04-21 23:33:04,146 - INFO - Детали: Обработка файла: documents\Лист Microsoft Excel.xlsx
2025-04-21 23:33:04,247 - INFO - Операция: Успешное чтение Excel
2025-04-21 23:33:04,247 - INFO - Детали: Извлечено 1 секций
2025-04-21 23:33:04,247 - INFO - Операция: Успешно прочитан файл: Лист Microsoft Excel.xlsx
2025-04-21 23:33:04,248 - INFO - Детали: Извлечено 1 секций
2025-04-21 23:33:04,248 - INFO - Операция: Обработка файла
2025-04-21 23:33:04,248 - INFO - Детали: Тип файла: ММ САП.docx
2025-04-21 23:33:04,248 - INFO - Операция: Чтение Word файла
2025-04-21 23:33:04,248 - INFO - Детали: Обработка файла: documents\ММ САП.docx
2025-04-21 23:33:04,679 - INFO - Операция: Успешное чтение Word
2025-04-21 23:33:04,679 - INFO - Детали: Извлечено 4 секций
2025-04-21 23:33:04,679 - INFO - Операция: Секция 1 из файла ММ САП.docx
2025-04-21 23:33:04,680 - INFO - Детали: Раздел: Документ SAP MM, Превью: ДОКУМЕНТ SAP: ММ САП

Этот документ относится к системе SAP и модулю MM (Material Management). SAP M...
2025-04-21 23:33:04,680 - INFO - Операция: Секция 2 из файла ММ САП.docx
2025-04-21 23:33:04,680 - INFO - Детали: Раздел: Основной текст, Превью: SAP MM CONTENT: SAP MM - Краткое руководство

Предыдущая страница

Далее

SAP MM CONTENT: SAP MM - О...
2025-04-21 23:33:04,680 - INFO - Операция: Секция 3 из файла ММ САП.docx
2025-04-21 23:33:04,680 - INFO - Детали: Раздел: Таблица 1, Превью: SAP MM TABLE DATA:
Таблица 1:

Строка 1: Sr.No . | Закупочная Деятельность и Описание
Строка 2: 1 | ...
2025-04-21 23:33:04,680 - INFO - Операция: Секция 4 из файла ММ САП.docx
2025-04-21 23:33:04,680 - INFO - Детали: Раздел: Таблица 2, Превью: SAP MM TABLE DATA:
Таблица 2:

Строка 1: Sr.No . | T-Код и описание
Строка 2: 1 | ОКС15
Создать комп...
2025-04-21 23:33:04,680 - INFO - Операция: Успешно прочитан файл: ММ САП.docx
2025-04-21 23:33:04,681 - INFO - Детали: Извлечено 4 секций
2025-04-21 23:33:04,681 - INFO - Операция: Обработка файла
2025-04-21 23:33:04,681 - INFO - Детали: Тип файла: создание_заказа.txt
2025-04-21 23:33:04,681 - INFO - Операция: Чтение текстового файла: documents\создание_заказа.txt
2025-04-21 23:33:04,681 - INFO - Операция: Содержимое файла создание_заказа.txt
2025-04-21 23:33:04,681 - INFO - Детали: Размер: 1174 символов
2025-04-21 23:33:04,682 - INFO - Операция: Секция 1 из файла создание_заказа.txt
2025-04-21 23:33:04,682 - INFO - Детали: Раздел: Заголовок документа, Превью: Название документа: создание_заказа


2025-04-21 23:33:04,682 - INFO - Операция: Секция 2 из файла создание_заказа.txt
2025-04-21 23:33:04,682 - INFO - Детали: Раздел: # Инструкция по созданию заказа, Превью: # Инструкция по созданию заказа

## Шаги создания заказа в системе
2025-04-21 23:33:04,682 - INFO - Операция: Секция 3 из файла создание_заказа.txt
2025-04-21 23:33:04,682 - INFO - Детали: Раздел: 1. Войдите в личный кабинет, используя логин и пароль.
2. Нажмите на кнопку "Создать новый заказ" в верхнем меню.
3. Выберите товары из каталога, нажимая кнопку "Добавить в корзину".
4. После выбора всех товаров перейдите в корзину.
5. Проверьте состав заказа и общую сумму.
6. Выберите способ доставки из доступных вариантов:
   - Курьерская доставка
   - Самовывоз из пункта выдачи
   - Почтовая доставка
7. Укажите адрес доставки, если выбрана доставка курьером или почтой.
8. Выберите способ оплаты:
   - Банковской картой онлайн
   - При получении
   - Оплата "Улыбкой" (специальная программа лояльности)
9. Нажмите кнопку "Оформить заказ".
10. Вам придет подтверждение о создании заказа на email и SMS., Превью: 1. Войдите в личный кабинет, используя логин и пароль.
2. Нажмите на кнопку "Создать новый заказ" в ...
2025-04-21 23:33:04,682 - INFO - Операция: Секция 4 из файла создание_заказа.txt
2025-04-21 23:33:04,682 - INFO - Детали: Раздел: - Минимальная сумма заказа - 500 рублей.
- Срок доставки зависит от выбранного способа и региона.
- После оформления заказа его состав изменить нельзя.
- Вы можете отменить заказ до его отправки в службу доставки., Превью: - Минимальная сумма заказа - 500 рублей.
- Срок доставки зависит от выбранного способа и региона.
- ...
2025-04-21 23:33:04,682 - INFO - Операция: Успешное чтение TXT
2025-04-21 23:33:04,682 - INFO - Детали: Извлечено 4 секций
2025-04-21 23:33:04,683 - INFO - Операция: Успешно прочитан файл: создание_заказа.txt
2025-04-21 23:33:04,683 - INFO - Детали: Извлечено 4 секций
2025-04-21 23:33:04,683 - INFO - Операция: Статистика обработки
2025-04-21 23:33:04,683 - INFO - Детали: Обработано файлов: 6, Всего секций: 60
2025-04-21 23:33:04,683 - INFO - Операция: Создание документов LangChain
2025-04-21 23:33:04,683 - INFO - Детали: Преобразование 60 секций
2025-04-21 23:33:04,683 - INFO - Операция: Создание векторного хранилища
2025-04-21 23:33:04,683 - INFO - Детали: Начало
2025-04-21 23:33:04,683 - INFO - Операция: Создание векторного хранилища
2025-04-21 23:33:04,683 - INFO - Детали: Обработка 60 документов
2025-04-21 23:33:22,879 - INFO - Loading faiss with AVX512 support.
2025-04-21 23:33:22,879 - INFO - Could not load library with AVX512 support due to:
ModuleNotFoundError("No module named 'faiss.swigfaiss_avx512'")
2025-04-21 23:33:22,879 - INFO - Loading faiss with AVX2 support.
2025-04-21 23:33:22,890 - INFO - Successfully loaded faiss with AVX2 support.
2025-04-21 23:33:22,893 - INFO - Failed to load GPU Faiss: name 'GpuIndexIVFFlat' is not defined. Will not load constructor refs for GPU indexes.
2025-04-21 23:33:22,896 - INFO - Операция: Векторное хранилище создано
2025-04-21 23:33:22,896 - INFO - Детали: Успешно
2025-04-21 23:33:22,897 - INFO - Операция: Создание цепочки QA
2025-04-21 23:33:22,897 - INFO - Детали: Начало
2025-04-21 23:33:22,897 - INFO - Операция: Создание агента
2025-04-21 23:33:22,897 - INFO - Детали: Начало
2025-04-21 23:33:22,898 - INFO - Операция: Инициализация завершена
2025-04-21 23:33:22,899 - INFO - Детали: Успешно
2025-04-21 23:33:22,906 - INFO - [31m[1mWARNING: This is a development server. Do not use it in a production deployment. Use a production WSGI server instead.[0m
 * Running on all addresses (0.0.0.0)
 * Running on http://127.0.0.1:5000
 * Running on http://192.168.1.110:5000
2025-04-21 23:33:22,906 - INFO - [33mPress CTRL+C to quit[0m
2025-04-21 23:33:22,907 - INFO -  * Restarting with stat
2025-04-21 23:33:26,929 - INFO - Load pretrained SentenceTransformer: sberbank-ai/sbert_large_nlu_ru
2025-04-21 23:33:30,471 - INFO - Операция: Начало чтения документов из директории: documents
2025-04-21 23:33:30,472 - INFO - Операция: Обработка файла
2025-04-21 23:33:30,472 - INFO - Детали: Тип файла: Документ Microsoft Word по заказу.docx
2025-04-21 23:33:30,472 - INFO - Операция: Чтение Word файла
2025-04-21 23:33:30,472 - INFO - Детали: Обработка файла: documents\Документ Microsoft Word по заказу.docx
2025-04-21 23:33:30,476 - INFO - Операция: Успешное чтение Word
2025-04-21 23:33:30,476 - INFO - Детали: Извлечено 2 секций
2025-04-21 23:33:30,477 - INFO - Операция: Секция 1 из файла Документ Microsoft Word по заказу.docx
2025-04-21 23:33:30,477 - INFO - Детали: Раздел: Заголовок документа, Превью: Название документа: Документ Microsoft Word по заказу


2025-04-21 23:33:30,477 - INFO - Операция: Секция 2 из файла Документ Microsoft Word по заказу.docx
2025-04-21 23:33:30,477 - INFO - Детали: Раздел: Основной текст, Превью: Чтобы создать заказ на доставку требуется использовать транзакцию me21n.
Чтобы изменить заказ на дос...
2025-04-21 23:33:30,477 - INFO - Операция: Успешно прочитан файл: Документ Microsoft Word по заказу.docx
2025-04-21 23:33:30,477 - INFO - Детали: Извлечено 2 секций
2025-04-21 23:33:30,477 - INFO - Операция: Обработка файла
2025-04-21 23:33:30,478 - INFO - Детали: Тип файла: Документ Microsoft Word.docx
2025-04-21 23:33:30,478 - INFO - Операция: Чтение Word файла
2025-04-21 23:33:30,478 - INFO - Детали: Обработка файла: documents\Документ Microsoft Word.docx
2025-04-21 23:33:30,480 - INFO - Операция: Успешное чтение Word
2025-04-21 23:33:30,480 - INFO - Детали: Извлечено 2 секций
2025-04-21 23:33:30,480 - INFO - Операция: Секция 1 из файла Документ Microsoft Word.docx
2025-04-21 23:33:30,480 - INFO - Детали: Раздел: Заголовок документа, Превью: Название документа: Документ Microsoft Word


2025-04-21 23:33:30,480 - INFO - Операция: Секция 2 из файла Документ Microsoft Word.docx
2025-04-21 23:33:30,481 - INFO - Детали: Раздел: Основной текст, Превью: Сколько лет я буду жить? Так долго, как пожелаешь….

Как научиться говорить? Ответ: Шёпотом!

Как со...
2025-04-21 23:33:30,481 - INFO - Операция: Успешно прочитан файл: Документ Microsoft Word.docx
2025-04-21 23:33:30,481 - INFO - Детали: Извлечено 2 секций
2025-04-21 23:33:30,481 - INFO - Операция: Обработка файла
2025-04-21 23:33:30,481 - INFO - Детали: Тип файла: Инструкция_по_сборке_LEGO.pdf
2025-04-21 23:33:30,481 - INFO - Операция: Чтение PDF файла
2025-04-21 23:33:30,481 - INFO - Детали: Обработка файла: documents\Инструкция_по_сборке_LEGO.pdf
2025-04-21 23:33:30,505 - INFO - Операция: Анализ PDF
2025-04-21 23:33:30,506 - INFO - Детали: Файл содержит 48 страниц
2025-04-21 23:33:31,388 - INFO - Операция: Успешное чтение PDF
2025-04-21 23:33:31,388 - INFO - Детали: Извлечено 47 секций
2025-04-21 23:33:31,389 - INFO - Операция: Успешно прочитан файл: Инструкция_по_сборке_LEGO.pdf
2025-04-21 23:33:31,389 - INFO - Детали: Извлечено 47 секций
2025-04-21 23:33:31,389 - INFO - Операция: Обработка файла
2025-04-21 23:33:31,389 - INFO - Детали: Тип файла: Лист Microsoft Excel.xlsx
2025-04-21 23:33:31,389 - INFO - Операция: Чтение Excel файла
2025-04-21 23:33:31,390 - INFO - Детали: Обработка файла: documents\Лист Microsoft Excel.xlsx
2025-04-21 23:33:31,500 - INFO - Операция: Успешное чтение Excel
2025-04-21 23:33:31,500 - INFO - Детали: Извлечено 1 секций
2025-04-21 23:33:31,500 - INFO - Операция: Успешно прочитан файл: Лист Microsoft Excel.xlsx
2025-04-21 23:33:31,501 - INFO - Детали: Извлечено 1 секций
2025-04-21 23:33:31,501 - INFO - Операция: Обработка файла
2025-04-21 23:33:31,501 - INFO - Детали: Тип файла: ММ САП.docx
2025-04-21 23:33:31,501 - INFO - Операция: Чтение Word файла
2025-04-21 23:33:31,501 - INFO - Детали: Обработка файла: documents\ММ САП.docx
2025-04-21 23:33:31,948 - INFO - Операция: Успешное чтение Word
2025-04-21 23:33:31,948 - INFO - Детали: Извлечено 4 секций
2025-04-21 23:33:31,949 - INFO - Операция: Секция 1 из файла ММ САП.docx
2025-04-21 23:33:31,949 - INFO - Детали: Раздел: Документ SAP MM, Превью: ДОКУМЕНТ SAP: ММ САП

Этот документ относится к системе SAP и модулю MM (Material Management). SAP M...
2025-04-21 23:33:31,949 - INFO - Операция: Секция 2 из файла ММ САП.docx
2025-04-21 23:33:31,949 - INFO - Детали: Раздел: Основной текст, Превью: SAP MM CONTENT: SAP MM - Краткое руководство

Предыдущая страница

Далее

SAP MM CONTENT: SAP MM - О...
2025-04-21 23:33:31,949 - INFO - Операция: Секция 3 из файла ММ САП.docx
2025-04-21 23:33:31,949 - INFO - Детали: Раздел: Таблица 1, Превью: SAP MM TABLE DATA:
Таблица 1:

Строка 1: Sr.No . | Закупочная Деятельность и Описание
Строка 2: 1 | ...
2025-04-21 23:33:31,949 - INFO - Операция: Секция 4 из файла ММ САП.docx
2025-04-21 23:33:31,950 - INFO - Детали: Раздел: Таблица 2, Превью: SAP MM TABLE DATA:
Таблица 2:

Строка 1: Sr.No . | T-Код и описание
Строка 2: 1 | ОКС15
Создать комп...
2025-04-21 23:33:31,950 - INFO - Операция: Успешно прочитан файл: ММ САП.docx
2025-04-21 23:33:31,950 - INFO - Детали: Извлечено 4 секций
2025-04-21 23:33:31,950 - INFO - Операция: Обработка файла
2025-04-21 23:33:31,950 - INFO - Детали: Тип файла: создание_заказа.txt
2025-04-21 23:33:31,950 - INFO - Операция: Чтение текстового файла: documents\создание_заказа.txt
2025-04-21 23:33:31,951 - INFO - Операция: Содержимое файла создание_заказа.txt
2025-04-21 23:33:31,951 - INFO - Детали: Размер: 1174 символов
2025-04-21 23:33:31,951 - INFO - Операция: Секция 1 из файла создание_заказа.txt
2025-04-21 23:33:31,951 - INFO - Детали: Раздел: Заголовок документа, Превью: Название документа: создание_заказа


2025-04-21 23:33:31,951 - INFO - Операция: Секция 2 из файла создание_заказа.txt
2025-04-21 23:33:31,951 - INFO - Детали: Раздел: # Инструкция по созданию заказа, Превью: # Инструкция по созданию заказа

## Шаги создания заказа в системе
2025-04-21 23:33:31,952 - INFO - Операция: Секция 3 из файла создание_заказа.txt
2025-04-21 23:33:31,952 - INFO - Детали: Раздел: 1. Войдите в личный кабинет, используя логин и пароль.
2. Нажмите на кнопку "Создать новый заказ" в верхнем меню.
3. Выберите товары из каталога, нажимая кнопку "Добавить в корзину".
4. После выбора всех товаров перейдите в корзину.
5. Проверьте состав заказа и общую сумму.
6. Выберите способ доставки из доступных вариантов:
   - Курьерская доставка
   - Самовывоз из пункта выдачи
   - Почтовая доставка
7. Укажите адрес доставки, если выбрана доставка курьером или почтой.
8. Выберите способ оплаты:
   - Банковской картой онлайн
   - При получении
   - Оплата "Улыбкой" (специальная программа лояльности)
9. Нажмите кнопку "Оформить заказ".
10. Вам придет подтверждение о создании заказа на email и SMS., Превью: 1. Войдите в личный кабинет, используя логин и пароль.
2. Нажмите на кнопку "Создать новый заказ" в ...
2025-04-21 23:33:31,952 - INFO - Операция: Секция 4 из файла создание_заказа.txt
2025-04-21 23:33:31,952 - INFO - Детали: Раздел: - Минимальная сумма заказа - 500 рублей.
- Срок доставки зависит от выбранного способа и региона.
- После оформления заказа его состав изменить нельзя.
- Вы можете отменить заказ до его отправки в службу доставки., Превью: - Минимальная сумма заказа - 500 рублей.
- Срок доставки зависит от выбранного способа и региона.
- ...
2025-04-21 23:33:31,952 - INFO - Операция: Успешное чтение TXT
2025-04-21 23:33:31,952 - INFO - Детали: Извлечено 4 секций
2025-04-21 23:33:31,952 - INFO - Операция: Успешно прочитан файл: создание_заказа.txt
2025-04-21 23:33:31,952 - INFO - Детали: Извлечено 4 секций
2025-04-21 23:33:31,953 - INFO - Операция: Статистика обработки
2025-04-21 23:33:31,953 - INFO - Детали: Обработано файлов: 6, Всего секций: 60
2025-04-21 23:33:31,953 - INFO - Операция: Создание документов LangChain
2025-04-21 23:33:31,953 - INFO - Детали: Преобразование 60 секций
2025-04-21 23:33:31,953 - INFO - Операция: Создание векторного хранилища
2025-04-21 23:33:31,953 - INFO - Детали: Начало
2025-04-21 23:33:31,953 - INFO - Операция: Создание векторного хранилища
2025-04-21 23:33:31,953 - INFO - Детали: Обработка 60 документов
2025-04-21 23:33:51,961 - INFO - Loading faiss with AVX512 support.
2025-04-21 23:33:51,962 - INFO - Could not load library with AVX512 support due to:
ModuleNotFoundError("No module named 'faiss.swigfaiss_avx512'")
2025-04-21 23:33:51,962 - INFO - Loading faiss with AVX2 support.
2025-04-21 23:33:51,974 - INFO - Successfully loaded faiss with AVX2 support.
2025-04-21 23:33:51,978 - INFO - Failed to load GPU Faiss: name 'GpuIndexIVFFlat' is not defined. Will not load constructor refs for GPU indexes.
2025-04-21 23:33:51,981 - INFO - Операция: Векторное хранилище создано
2025-04-21 23:33:51,981 - INFO - Детали: Успешно
2025-04-21 23:33:51,981 - INFO - Операция: Создание цепочки QA
2025-04-21 23:33:51,981 - INFO - Детали: Начало
2025-04-21 23:33:51,982 - INFO - Операция: Создание агента
2025-04-21 23:33:51,982 - INFO - Детали: Начало
2025-04-21 23:33:51,983 - INFO - Операция: Инициализация завершена
2025-04-21 23:33:51,983 - INFO - Детали: Успешно
2025-04-21 23:33:51,988 - WARNING -  * Debugger is active!
2025-04-21 23:33:51,990 - INFO -  * Debugger PIN: 127-184-279
2025-04-21 23:33:52,057 - INFO - 127.0.0.1 - - [21/Apr/2025 23:33:52] "GET / HTTP/1.1" 200 -
2025-04-21 23:33:52,063 - INFO - 127.0.0.1 - - [21/Apr/2025 23:33:52] "[36mGET /static/css/style.css HTTP/1.1[0m" 304 -
2025-04-21 23:33:52,064 - INFO - 127.0.0.1 - - [21/Apr/2025 23:33:52] "GET /static/js/app.js HTTP/1.1" 200 -
2025-04-21 23:34:06,719 - INFO - 192.168.1.110 - - [21/Apr/2025 23:34:06] "GET / HTTP/1.1" 200 -
2025-04-21 23:34:06,744 - INFO - 192.168.1.110 - - [21/Apr/2025 23:34:06] "GET /static/css/style.css HTTP/1.1" 200 -
2025-04-21 23:34:06,745 - INFO - 192.168.1.110 - - [21/Apr/2025 23:34:06] "GET /static/js/app.js HTTP/1.1" 200 -
2025-04-21 23:34:06,869 - INFO - 192.168.1.110 - - [21/Apr/2025 23:34:06] "[33mGET /favicon.ico HTTP/1.1[0m" 404 -
2025-04-21 23:34:31,844 - INFO - Операция: Анализ запроса
2025-04-21 23:34:31,844 - INFO - Детали: Начало анализа
2025-04-21 23:34:31,845 - INFO - === Запрос пользователя ===
2025-04-21 23:34:31,845 - INFO - Требуется информация что такое sap mm?
2025-04-21 23:34:31,845 - INFO - === Ответ системы ===
2025-04-21 23:34:31,845 - INFO - 
2025-04-21 23:34:31,845 - INFO - =====================
2025-04-21 23:34:31,845 - INFO - Операция: Обработка запроса
2025-04-21 23:34:31,846 - INFO - Детали: Ключевые слова: 'что такое sap mm?'
2025-04-21 23:34:31,846 - INFO - Операция: Определен SAP-запрос
2025-04-21 23:34:31,846 - INFO - Детали: Запуск специализированного поиска
2025-04-21 23:34:31,922 - INFO - Операция: Найдены SAP-документы
2025-04-21 23:34:31,922 - INFO - Детали: 10 результатов
2025-04-21 23:34:31,922 - INFO - Операция: Проверка документа
2025-04-21 23:34:31,923 - INFO - Детали: Файл: мм сап.docx, Раздел: документ sap mm
2025-04-21 23:34:31,923 - INFO - Операция: Найдено SAP MM совпадение
2025-04-21 23:34:31,923 - INFO - Детали: Файл: мм сап.docx, Раздел: документ sap mm, Превью: документ sap: мм сап

этот документ относится к системе sap и модулю mm (material management). sap m...
2025-04-21 23:34:31,923 - INFO - Операция: Проверка документа
2025-04-21 23:34:31,923 - INFO - Детали: Файл: документ microsoft word по заказу.docx, Раздел: заголовок документа
2025-04-21 23:34:31,923 - INFO - Операция: Проверка документа
2025-04-21 23:34:31,923 - INFO - Детали: Файл: документ microsoft word.docx, Раздел: заголовок документа
2025-04-21 23:34:31,923 - INFO - Операция: Проверка документа
2025-04-21 23:34:31,924 - INFO - Детали: Файл: создание_заказа.txt, Раздел: # инструкция по созданию заказа
2025-04-21 23:34:31,924 - INFO - Операция: Проверка документа
2025-04-21 23:34:31,924 - INFO - Детали: Файл: создание_заказа.txt, Раздел: заголовок документа
2025-04-21 23:34:31,925 - INFO - Операция: Проверка документа
2025-04-21 23:34:31,925 - INFO - Детали: Файл: мм сап.docx, Раздел: основной текст
2025-04-21 23:34:31,925 - INFO - Операция: Найдено SAP MM совпадение
2025-04-21 23:34:31,925 - INFO - Детали: Файл: мм сап.docx, Раздел: основной текст, Превью: sap mm content: sap mm - краткое руководство

предыдущая страница

далее

sap mm content: sap mm - о...
2025-04-21 23:34:31,925 - INFO - Операция: Проверка документа
2025-04-21 23:34:31,925 - INFO - Детали: Файл: инструкция_по_сборке_lego.pdf, Раздел: страница 35
2025-04-21 23:34:31,925 - INFO - Операция: Проверка документа
2025-04-21 23:34:31,925 - INFO - Детали: Файл: инструкция_по_сборке_lego.pdf, Раздел: страница 40
2025-04-21 23:34:31,925 - INFO - Операция: Проверка документа
2025-04-21 23:34:31,926 - INFO - Детали: Файл: мм сап.docx, Раздел: таблица 1
2025-04-21 23:34:31,926 - INFO - Операция: Найдено SAP MM совпадение
2025-04-21 23:34:31,926 - INFO - Детали: Файл: мм сап.docx, Раздел: таблица 1, Превью: sap mm table data:
таблица 1:

строка 1: sr.no . | закупочная деятельность и описание
строка 2: 1 | ...
2025-04-21 23:34:31,926 - INFO - Операция: Проверка документа
2025-04-21 23:34:31,926 - INFO - Детали: Файл: документ microsoft word по заказу.docx, Раздел: основной текст
2025-04-21 23:34:31,926 - INFO - Операция: Отфильтровано 3 SAP документов
2025-04-21 23:34:31,926 - INFO - Детали: Формирование прямого ответа на основе SAP документов
2025-04-21 23:34:38,437 - INFO - Операция: Получен ответ на SAP-запрос
2025-04-21 23:34:38,437 - INFO - Детали: Длина ответа: 3741 символов
2025-04-21 23:34:38,438 - INFO - === Запрос пользователя ===
2025-04-21 23:34:38,439 - INFO - Требуется информация что такое sap mm?
2025-04-21 23:34:38,439 - INFO - === Ответ системы ===
2025-04-21 23:34:38,439 - INFO - **Информация найдена на странице 1 в разделе Основной текст:**

SAP MM CONTENT: SAP MM - Процесс закупок

SAP MM CONTENT: Каждая организация приобретает материалы или услуги для удовлетворения своих бизнес-потребностей. Процесс покупки материалов и получения услуг от поставщиков или дилеров называется закупками. Этапы, необходимые для закупки материалов, составляют цикл закупок. Каждая организация выполняет несколько последовательных этапов для закупки материалов в нужном количестве по нужной цене. Важные этапы цикла закупок следующие:

Определение потребности

Создание заказа на покупку

Учет Поступления товара

Разноска счета-фактуры

**Информация найдена на странице 1 в разделе Основной текст:**

SAP MM CONTENT: SAP MM - Определение источника / Список

Объединенная информация о материале и поставщике хранится в записи, известной как запись информации о покупке. Но конкретный материал можно заказать у разных поставщиков через разные промежутки времени. Эта информация может храниться в списке, который называется списком источников. Ключевые моменты, на которые следует обратить внимание при составлении списка источников, следующие:

Список источников включает в себя перечень возможных источников поставок материала в течение определённого периода времени.

Список источников указывает период времени, в течение которого был заказан конкретный материал у определённого поставщика.

Список источников может быть скопирован с одного растения на другое растение.

Список источников может быть создан следующими двумя способами:

Автоматически

Вручную

**Информация найдена на странице 1 в разделе Основной текст:**

SAP MM CONTENT: SAP MM - Период публикации

SAP MM CONTENT: Системы SAP ERP были разработаны таким образом, чтобы бизнес можно было вести эффективно. Такие документы, как заказ на поставку, запрос коммерческого предложения, получение товара, являются важными элементами бизнеса. Эти документы нуждаются в защите, т. е. если какой-либо из документов будет отправлен неправильно, это может повлиять на бизнес на разных уровнях. Чтобы защитить эти документы, мы используем концепцию, известную как **период публикации**.

Период публикации позволяет публиковать документы и вносить в них изменения только в течение определённого периода времени. Иногда вы можете столкнуться с ошибками, например, что публикация разрешена только в этот период времени для определённого кода компании. Это означает, что для определённого кода компании поддерживается период публикации, и публикация этого документа разрешена только в течение этого периода.  

**Информация найдена на странице 1 в разделе Основной текст:**

SAP MM CONTENT: SAP MM - Типы заказов на поставку

SAP MM CONTENT: Система SAP ERP была внедрена для того, чтобы закупки можно было осуществлять эффективно с точки зрения времени и затрат. Закупки могут осуществляться для различных видов товаров и услуг. Закупки начинаются с создания заказа на поставку, то есть официального документа, который предоставляется поставщикам и включает в себя список товаров и материалов, которые необходимо закупить. Соответственно, заказы на поставку могут создаваться для различных видов закупок.  

**Информация найдена на странице 1 в разделе Основной текст:**

SAP MM CONTENT: SAP MM - Управление запасами

Процесс закупки начинается со сбора требований и заканчивается закупкой товаров у поставщиков. После того как товары закуплены у поставщика, их необходимо разместить в помещениях компании в правильном месте, чтобы их можно было использовать по мере необходимости. Управление запасами связано с размещением и обработкой запасов, полученных от поставщиков, в правильном месте в помещениях компании.  

**Информация найдена на странице 1 в разделе Основной текст:**
2025-04-21 23:34:38,439 - INFO - =====================
2025-04-21 23:34:38,853 - INFO - 127.0.0.1 - - [21/Apr/2025 23:34:38] "POST /analyze HTTP/1.1" 200 -
2025-04-21 23:40:49,230 - INFO -  * Detected change in 'c:\\Users\\NOVA\\OneDrive\\Рабочий стол\\AI-агент\\pet-project\\app.py', reloading
2025-04-21 23:40:49,806 - INFO -  * Restarting with stat
2025-04-21 23:40:53,872 - INFO - Load pretrained SentenceTransformer: sberbank-ai/sbert_large_nlu_ru
2025-04-21 23:40:58,470 - INFO - Операция: Начало чтения документов из директории: documents
2025-04-21 23:40:58,470 - INFO - Операция: Обработка файла
2025-04-21 23:40:58,470 - INFO - Детали: Тип файла: Документ Microsoft Word по заказу.docx
2025-04-21 23:40:58,470 - INFO - Операция: Чтение Word файла
2025-04-21 23:40:58,471 - INFO - Детали: Обработка файла: documents\Документ Microsoft Word по заказу.docx
2025-04-21 23:40:58,475 - INFO - Операция: Успешное чтение Word
2025-04-21 23:40:58,475 - INFO - Детали: Извлечено 2 секций
2025-04-21 23:40:58,475 - INFO - Операция: Секция 1 из файла Документ Microsoft Word по заказу.docx
2025-04-21 23:40:58,475 - INFO - Детали: Раздел: Заголовок документа, Превью: Название документа: Документ Microsoft Word по заказу


2025-04-21 23:40:58,476 - INFO - Операция: Секция 2 из файла Документ Microsoft Word по заказу.docx
2025-04-21 23:40:58,476 - INFO - Детали: Раздел: Основной текст, Превью: Чтобы создать заказ на доставку требуется использовать транзакцию me21n.
Чтобы изменить заказ на дос...
2025-04-21 23:40:58,476 - INFO - Операция: Успешно прочитан файл: Документ Microsoft Word по заказу.docx
2025-04-21 23:40:58,476 - INFO - Детали: Извлечено 2 секций
2025-04-21 23:40:58,476 - INFO - Операция: Обработка файла
2025-04-21 23:40:58,476 - INFO - Детали: Тип файла: Документ Microsoft Word.docx
2025-04-21 23:40:58,476 - INFO - Операция: Чтение Word файла
2025-04-21 23:40:58,477 - INFO - Детали: Обработка файла: documents\Документ Microsoft Word.docx
2025-04-21 23:40:58,479 - INFO - Операция: Успешное чтение Word
2025-04-21 23:40:58,479 - INFO - Детали: Извлечено 2 секций
2025-04-21 23:40:58,479 - INFO - Операция: Секция 1 из файла Документ Microsoft Word.docx
2025-04-21 23:40:58,479 - INFO - Детали: Раздел: Заголовок документа, Превью: Название документа: Документ Microsoft Word


2025-04-21 23:40:58,479 - INFO - Операция: Секция 2 из файла Документ Microsoft Word.docx
2025-04-21 23:40:58,479 - INFO - Детали: Раздел: Основной текст, Превью: Сколько лет я буду жить? Так долго, как пожелаешь….

Как научиться говорить? Ответ: Шёпотом!

Как со...
2025-04-21 23:40:58,479 - INFO - Операция: Успешно прочитан файл: Документ Microsoft Word.docx
2025-04-21 23:40:58,479 - INFO - Детали: Извлечено 2 секций
2025-04-21 23:40:58,480 - INFO - Операция: Обработка файла
2025-04-21 23:40:58,480 - INFO - Детали: Тип файла: Инструкция_по_сборке_LEGO.pdf
2025-04-21 23:40:58,480 - INFO - Операция: Чтение PDF файла
2025-04-21 23:40:58,480 - INFO - Детали: Обработка файла: documents\Инструкция_по_сборке_LEGO.pdf
2025-04-21 23:40:58,499 - INFO - Операция: Анализ PDF
2025-04-21 23:40:58,499 - INFO - Детали: Файл содержит 48 страниц
2025-04-21 23:40:59,423 - INFO - Операция: Успешное чтение PDF
2025-04-21 23:40:59,424 - INFO - Детали: Извлечено 47 секций
2025-04-21 23:40:59,424 - INFO - Операция: Успешно прочитан файл: Инструкция_по_сборке_LEGO.pdf
2025-04-21 23:40:59,424 - INFO - Детали: Извлечено 47 секций
2025-04-21 23:40:59,424 - INFO - Операция: Обработка файла
2025-04-21 23:40:59,424 - INFO - Детали: Тип файла: Лист Microsoft Excel.xlsx
2025-04-21 23:40:59,424 - INFO - Операция: Чтение Excel файла
2025-04-21 23:40:59,424 - INFO - Детали: Обработка файла: documents\Лист Microsoft Excel.xlsx
2025-04-21 23:40:59,530 - INFO - Операция: Успешное чтение Excel
2025-04-21 23:40:59,530 - INFO - Детали: Извлечено 1 секций
2025-04-21 23:40:59,531 - INFO - Операция: Успешно прочитан файл: Лист Microsoft Excel.xlsx
2025-04-21 23:40:59,531 - INFO - Детали: Извлечено 1 секций
2025-04-21 23:40:59,531 - INFO - Операция: Обработка файла
2025-04-21 23:40:59,531 - INFO - Детали: Тип файла: ММ САП.docx
2025-04-21 23:40:59,531 - INFO - Операция: Чтение Word файла
2025-04-21 23:40:59,531 - INFO - Детали: Обработка файла: documents\ММ САП.docx
2025-04-21 23:40:59,980 - INFO - Операция: Успешное чтение Word
2025-04-21 23:40:59,980 - INFO - Детали: Извлечено 4 секций
2025-04-21 23:40:59,981 - INFO - Операция: Секция 1 из файла ММ САП.docx
2025-04-21 23:40:59,981 - INFO - Детали: Раздел: Документ SAP MM, Превью: ДОКУМЕНТ SAP: ММ САП

Этот документ относится к системе SAP и модулю MM (Material Management). SAP M...
2025-04-21 23:40:59,981 - INFO - Операция: Секция 2 из файла ММ САП.docx
2025-04-21 23:40:59,981 - INFO - Детали: Раздел: Основной текст, Превью: SAP MM CONTENT: SAP MM - Краткое руководство

Предыдущая страница

Далее

SAP MM CONTENT: SAP MM - О...
2025-04-21 23:40:59,981 - INFO - Операция: Секция 3 из файла ММ САП.docx
2025-04-21 23:40:59,981 - INFO - Детали: Раздел: Таблица 1, Превью: SAP MM TABLE DATA:
Таблица 1:

Строка 1: Sr.No . | Закупочная Деятельность и Описание
Строка 2: 1 | ...
2025-04-21 23:40:59,981 - INFO - Операция: Секция 4 из файла ММ САП.docx
2025-04-21 23:40:59,982 - INFO - Детали: Раздел: Таблица 2, Превью: SAP MM TABLE DATA:
Таблица 2:

Строка 1: Sr.No . | T-Код и описание
Строка 2: 1 | ОКС15
Создать комп...
2025-04-21 23:40:59,982 - INFO - Операция: Успешно прочитан файл: ММ САП.docx
2025-04-21 23:40:59,982 - INFO - Детали: Извлечено 4 секций
2025-04-21 23:40:59,982 - INFO - Операция: Обработка файла
2025-04-21 23:40:59,982 - INFO - Детали: Тип файла: создание_заказа.txt
2025-04-21 23:40:59,982 - INFO - Операция: Чтение текстового файла: documents\создание_заказа.txt
2025-04-21 23:40:59,983 - INFO - Операция: Содержимое файла создание_заказа.txt
2025-04-21 23:40:59,983 - INFO - Детали: Размер: 1174 символов
2025-04-21 23:40:59,983 - INFO - Операция: Секция 1 из файла создание_заказа.txt
2025-04-21 23:40:59,983 - INFO - Детали: Раздел: Заголовок документа, Превью: Название документа: создание_заказа


2025-04-21 23:40:59,983 - INFO - Операция: Секция 2 из файла создание_заказа.txt
2025-04-21 23:40:59,983 - INFO - Детали: Раздел: # Инструкция по созданию заказа, Превью: # Инструкция по созданию заказа

## Шаги создания заказа в системе
2025-04-21 23:40:59,983 - INFO - Операция: Секция 3 из файла создание_заказа.txt
2025-04-21 23:40:59,984 - INFO - Детали: Раздел: 1. Войдите в личный кабинет, используя логин и пароль.
2. Нажмите на кнопку "Создать новый заказ" в верхнем меню.
3. Выберите товары из каталога, нажимая кнопку "Добавить в корзину".
4. После выбора всех товаров перейдите в корзину.
5. Проверьте состав заказа и общую сумму.
6. Выберите способ доставки из доступных вариантов:
   - Курьерская доставка
   - Самовывоз из пункта выдачи
   - Почтовая доставка
7. Укажите адрес доставки, если выбрана доставка курьером или почтой.
8. Выберите способ оплаты:
   - Банковской картой онлайн
   - При получении
   - Оплата "Улыбкой" (специальная программа лояльности)
9. Нажмите кнопку "Оформить заказ".
10. Вам придет подтверждение о создании заказа на email и SMS., Превью: 1. Войдите в личный кабинет, используя логин и пароль.
2. Нажмите на кнопку "Создать новый заказ" в ...
2025-04-21 23:40:59,984 - INFO - Операция: Секция 4 из файла создание_заказа.txt
2025-04-21 23:40:59,984 - INFO - Детали: Раздел: - Минимальная сумма заказа - 500 рублей.
- Срок доставки зависит от выбранного способа и региона.
- После оформления заказа его состав изменить нельзя.
- Вы можете отменить заказ до его отправки в службу доставки., Превью: - Минимальная сумма заказа - 500 рублей.
- Срок доставки зависит от выбранного способа и региона.
- ...
2025-04-21 23:40:59,984 - INFO - Операция: Успешное чтение TXT
2025-04-21 23:40:59,984 - INFO - Детали: Извлечено 4 секций
2025-04-21 23:40:59,984 - INFO - Операция: Успешно прочитан файл: создание_заказа.txt
2025-04-21 23:40:59,984 - INFO - Детали: Извлечено 4 секций
2025-04-21 23:40:59,984 - INFO - Операция: Статистика обработки
2025-04-21 23:40:59,984 - INFO - Детали: Обработано файлов: 6, Всего секций: 60
2025-04-21 23:40:59,984 - INFO - Операция: Создание документов LangChain
2025-04-21 23:40:59,984 - INFO - Детали: Преобразование 60 секций
2025-04-21 23:40:59,985 - INFO - Операция: Создание векторного хранилища
2025-04-21 23:40:59,985 - INFO - Детали: Начало
2025-04-21 23:40:59,985 - INFO - Операция: Создание векторного хранилища
2025-04-21 23:40:59,985 - INFO - Детали: Обработка 60 документов
2025-04-21 23:41:19,143 - INFO - Loading faiss with AVX512 support.
2025-04-21 23:41:19,143 - INFO - Could not load library with AVX512 support due to:
ModuleNotFoundError("No module named 'faiss.swigfaiss_avx512'")
2025-04-21 23:41:19,143 - INFO - Loading faiss with AVX2 support.
2025-04-21 23:41:19,154 - INFO - Successfully loaded faiss with AVX2 support.
2025-04-21 23:41:19,157 - INFO - Failed to load GPU Faiss: name 'GpuIndexIVFFlat' is not defined. Will not load constructor refs for GPU indexes.
2025-04-21 23:41:19,160 - INFO - Операция: Векторное хранилище создано
2025-04-21 23:41:19,161 - INFO - Детали: Успешно
2025-04-21 23:41:19,161 - INFO - Операция: Создание цепочки QA
2025-04-21 23:41:19,161 - INFO - Детали: Начало
2025-04-21 23:41:19,161 - INFO - Операция: Создание агента
2025-04-21 23:41:19,161 - INFO - Детали: Начало
2025-04-21 23:41:19,163 - INFO - Операция: Инициализация завершена
2025-04-21 23:41:19,163 - INFO - Детали: Успешно
2025-04-21 23:41:19,168 - WARNING -  * Debugger is active!
2025-04-21 23:41:19,169 - INFO -  * Debugger PIN: 127-184-279
2025-04-21 23:41:47,548 - INFO -  * Detected change in 'c:\\Users\\NOVA\\OneDrive\\Рабочий стол\\AI-агент\\pet-project\\app.py', reloading
2025-04-21 23:41:48,202 - INFO -  * Restarting with stat
2025-04-21 23:41:52,250 - INFO - Load pretrained SentenceTransformer: sberbank-ai/sbert_large_nlu_ru
2025-04-21 23:41:55,777 - INFO - Операция: Начало чтения документов из директории: documents
2025-04-21 23:41:55,777 - INFO - Операция: Обработка файла
2025-04-21 23:41:55,777 - INFO - Детали: Тип файла: Документ Microsoft Word по заказу.docx
2025-04-21 23:41:55,778 - INFO - Операция: Чтение Word файла
2025-04-21 23:41:55,778 - INFO - Детали: Обработка файла: documents\Документ Microsoft Word по заказу.docx
2025-04-21 23:41:55,782 - INFO - Операция: Успешное чтение Word
2025-04-21 23:41:55,782 - INFO - Детали: Извлечено 2 секций
2025-04-21 23:41:55,782 - INFO - Операция: Секция 1 из файла Документ Microsoft Word по заказу.docx
2025-04-21 23:41:55,782 - INFO - Детали: Раздел: Заголовок документа, Превью: Название документа: Документ Microsoft Word по заказу


2025-04-21 23:41:55,783 - INFO - Операция: Секция 2 из файла Документ Microsoft Word по заказу.docx
2025-04-21 23:41:55,783 - INFO - Детали: Раздел: Основной текст, Превью: Чтобы создать заказ на доставку требуется использовать транзакцию me21n.
Чтобы изменить заказ на дос...
2025-04-21 23:41:55,783 - INFO - Операция: Успешно прочитан файл: Документ Microsoft Word по заказу.docx
2025-04-21 23:41:55,783 - INFO - Детали: Извлечено 2 секций
2025-04-21 23:41:55,783 - INFO - Операция: Обработка файла
2025-04-21 23:41:55,783 - INFO - Детали: Тип файла: Документ Microsoft Word.docx
2025-04-21 23:41:55,783 - INFO - Операция: Чтение Word файла
2025-04-21 23:41:55,783 - INFO - Детали: Обработка файла: documents\Документ Microsoft Word.docx
2025-04-21 23:41:55,785 - INFO - Операция: Успешное чтение Word
2025-04-21 23:41:55,785 - INFO - Детали: Извлечено 2 секций
2025-04-21 23:41:55,785 - INFO - Операция: Секция 1 из файла Документ Microsoft Word.docx
2025-04-21 23:41:55,785 - INFO - Детали: Раздел: Заголовок документа, Превью: Название документа: Документ Microsoft Word


2025-04-21 23:41:55,785 - INFO - Операция: Секция 2 из файла Документ Microsoft Word.docx
2025-04-21 23:41:55,785 - INFO - Детали: Раздел: Основной текст, Превью: Сколько лет я буду жить? Так долго, как пожелаешь….

Как научиться говорить? Ответ: Шёпотом!

Как со...
2025-04-21 23:41:55,786 - INFO - Операция: Успешно прочитан файл: Документ Microsoft Word.docx
2025-04-21 23:41:55,786 - INFO - Детали: Извлечено 2 секций
2025-04-21 23:41:55,786 - INFO - Операция: Обработка файла
2025-04-21 23:41:55,786 - INFO - Детали: Тип файла: Инструкция_по_сборке_LEGO.pdf
2025-04-21 23:41:55,786 - INFO - Операция: Чтение PDF файла
2025-04-21 23:41:55,786 - INFO - Детали: Обработка файла: documents\Инструкция_по_сборке_LEGO.pdf
2025-04-21 23:41:55,806 - INFO - Операция: Анализ PDF
2025-04-21 23:41:55,806 - INFO - Детали: Файл содержит 48 страниц
2025-04-21 23:41:56,659 - INFO - Операция: Успешное чтение PDF
2025-04-21 23:41:56,659 - INFO - Детали: Извлечено 47 секций
2025-04-21 23:41:56,659 - INFO - Операция: Успешно прочитан файл: Инструкция_по_сборке_LEGO.pdf
2025-04-21 23:41:56,659 - INFO - Детали: Извлечено 47 секций
2025-04-21 23:41:56,659 - INFO - Операция: Обработка файла
2025-04-21 23:41:56,659 - INFO - Детали: Тип файла: Лист Microsoft Excel.xlsx
2025-04-21 23:41:56,659 - INFO - Операция: Чтение Excel файла
2025-04-21 23:41:56,659 - INFO - Детали: Обработка файла: documents\Лист Microsoft Excel.xlsx
2025-04-21 23:41:56,765 - INFO - Операция: Успешное чтение Excel
2025-04-21 23:41:56,765 - INFO - Детали: Извлечено 1 секций
2025-04-21 23:41:56,765 - INFO - Операция: Успешно прочитан файл: Лист Microsoft Excel.xlsx
2025-04-21 23:41:56,765 - INFO - Детали: Извлечено 1 секций
2025-04-21 23:41:56,765 - INFO - Операция: Обработка файла
2025-04-21 23:41:56,765 - INFO - Детали: Тип файла: ММ САП.docx
2025-04-21 23:41:56,765 - INFO - Операция: Чтение Word файла
2025-04-21 23:41:56,766 - INFO - Детали: Обработка файла: documents\ММ САП.docx
2025-04-21 23:41:57,203 - INFO - Операция: Успешное чтение Word
2025-04-21 23:41:57,204 - INFO - Детали: Извлечено 4 секций
2025-04-21 23:41:57,204 - INFO - Операция: Секция 1 из файла ММ САП.docx
2025-04-21 23:41:57,204 - INFO - Детали: Раздел: Документ SAP MM, Превью: ДОКУМЕНТ SAP: ММ САП

Этот документ относится к системе SAP и модулю MM (Material Management). SAP M...
2025-04-21 23:41:57,204 - INFO - Операция: Секция 2 из файла ММ САП.docx
2025-04-21 23:41:57,204 - INFO - Детали: Раздел: Основной текст, Превью: SAP MM CONTENT: SAP MM - Краткое руководство

Предыдущая страница

Далее

SAP MM CONTENT: SAP MM - О...
2025-04-21 23:41:57,205 - INFO - Операция: Секция 3 из файла ММ САП.docx
2025-04-21 23:41:57,205 - INFO - Детали: Раздел: Таблица 1, Превью: SAP MM TABLE DATA:
Таблица 1:

Строка 1: Sr.No . | Закупочная Деятельность и Описание
Строка 2: 1 | ...
2025-04-21 23:41:57,205 - INFO - Операция: Секция 4 из файла ММ САП.docx
2025-04-21 23:41:57,205 - INFO - Детали: Раздел: Таблица 2, Превью: SAP MM TABLE DATA:
Таблица 2:

Строка 1: Sr.No . | T-Код и описание
Строка 2: 1 | ОКС15
Создать комп...
2025-04-21 23:41:57,205 - INFO - Операция: Успешно прочитан файл: ММ САП.docx
2025-04-21 23:41:57,205 - INFO - Детали: Извлечено 4 секций
2025-04-21 23:41:57,205 - INFO - Операция: Обработка файла
2025-04-21 23:41:57,206 - INFO - Детали: Тип файла: создание_заказа.txt
2025-04-21 23:41:57,206 - INFO - Операция: Чтение текстового файла: documents\создание_заказа.txt
2025-04-21 23:41:57,206 - INFO - Операция: Содержимое файла создание_заказа.txt
2025-04-21 23:41:57,206 - INFO - Детали: Размер: 1174 символов
2025-04-21 23:41:57,206 - INFO - Операция: Секция 1 из файла создание_заказа.txt
2025-04-21 23:41:57,206 - INFO - Детали: Раздел: Заголовок документа, Превью: Название документа: создание_заказа


2025-04-21 23:41:57,207 - INFO - Операция: Секция 2 из файла создание_заказа.txt
2025-04-21 23:41:57,207 - INFO - Детали: Раздел: # Инструкция по созданию заказа, Превью: # Инструкция по созданию заказа

## Шаги создания заказа в системе
2025-04-21 23:41:57,207 - INFO - Операция: Секция 3 из файла создание_заказа.txt
2025-04-21 23:41:57,207 - INFO - Детали: Раздел: 1. Войдите в личный кабинет, используя логин и пароль.
2. Нажмите на кнопку "Создать новый заказ" в верхнем меню.
3. Выберите товары из каталога, нажимая кнопку "Добавить в корзину".
4. После выбора всех товаров перейдите в корзину.
5. Проверьте состав заказа и общую сумму.
6. Выберите способ доставки из доступных вариантов:
   - Курьерская доставка
   - Самовывоз из пункта выдачи
   - Почтовая доставка
7. Укажите адрес доставки, если выбрана доставка курьером или почтой.
8. Выберите способ оплаты:
   - Банковской картой онлайн
   - При получении
   - Оплата "Улыбкой" (специальная программа лояльности)
9. Нажмите кнопку "Оформить заказ".
10. Вам придет подтверждение о создании заказа на email и SMS., Превью: 1. Войдите в личный кабинет, используя логин и пароль.
2. Нажмите на кнопку "Создать новый заказ" в ...
2025-04-21 23:41:57,207 - INFO - Операция: Секция 4 из файла создание_заказа.txt
2025-04-21 23:41:57,207 - INFO - Детали: Раздел: - Минимальная сумма заказа - 500 рублей.
- Срок доставки зависит от выбранного способа и региона.
- После оформления заказа его состав изменить нельзя.
- Вы можете отменить заказ до его отправки в службу доставки., Превью: - Минимальная сумма заказа - 500 рублей.
- Срок доставки зависит от выбранного способа и региона.
- ...
2025-04-21 23:41:57,207 - INFO - Операция: Успешное чтение TXT
2025-04-21 23:41:57,207 - INFO - Детали: Извлечено 4 секций
2025-04-21 23:41:57,207 - INFO - Операция: Успешно прочитан файл: создание_заказа.txt
2025-04-21 23:41:57,208 - INFO - Детали: Извлечено 4 секций
2025-04-21 23:41:57,208 - INFO - Операция: Статистика обработки
2025-04-21 23:41:57,208 - INFO - Детали: Обработано файлов: 6, Всего секций: 60
2025-04-21 23:41:57,208 - INFO - Операция: Создание документов LangChain
2025-04-21 23:41:57,208 - INFO - Детали: Преобразование 60 секций
2025-04-21 23:41:57,208 - INFO - Операция: Создание векторного хранилища
2025-04-21 23:41:57,208 - INFO - Детали: Начало
2025-04-21 23:41:57,208 - INFO - Операция: Создание векторного хранилища
2025-04-21 23:41:57,208 - INFO - Детали: Обработка 60 документов
2025-04-21 23:42:16,030 - INFO - Loading faiss with AVX512 support.
2025-04-21 23:42:16,031 - INFO - Could not load library with AVX512 support due to:
ModuleNotFoundError("No module named 'faiss.swigfaiss_avx512'")
2025-04-21 23:42:16,031 - INFO - Loading faiss with AVX2 support.
2025-04-21 23:42:16,044 - INFO - Successfully loaded faiss with AVX2 support.
2025-04-21 23:42:16,047 - INFO - Failed to load GPU Faiss: name 'GpuIndexIVFFlat' is not defined. Will not load constructor refs for GPU indexes.
2025-04-21 23:42:16,050 - INFO - Операция: Векторное хранилище создано
2025-04-21 23:42:16,051 - INFO - Детали: Успешно
2025-04-21 23:42:16,051 - INFO - Операция: Создание цепочки QA
2025-04-21 23:42:16,051 - INFO - Детали: Начало
2025-04-21 23:42:16,051 - INFO - Операция: Создание агента
2025-04-21 23:42:16,051 - INFO - Детали: Начало
2025-04-21 23:42:16,054 - INFO - Операция: Инициализация завершена
2025-04-21 23:42:16,054 - INFO - Детали: Успешно
2025-04-21 23:42:16,058 - WARNING -  * Debugger is active!
2025-04-21 23:42:16,059 - INFO -  * Debugger PIN: 127-184-279
2025-04-21 23:44:57,611 - INFO -  * Detected change in 'c:\\Users\\NOVA\\OneDrive\\Рабочий стол\\AI-агент\\pet-project\\app.py', reloading
2025-04-21 23:44:58,240 - INFO -  * Restarting with stat
2025-04-21 23:45:02,403 - INFO - Load pretrained SentenceTransformer: sberbank-ai/sbert_large_nlu_ru
2025-04-21 23:45:30,126 - INFO - Операция: Начало чтения документов из директории: documents
2025-04-21 23:45:30,126 - INFO - Операция: Обработка файла
2025-04-21 23:45:30,126 - INFO - Детали: Тип файла: Документ Microsoft Word по заказу.docx
2025-04-21 23:45:30,126 - INFO - Операция: Чтение Word файла
2025-04-21 23:45:30,126 - INFO - Детали: Обработка файла: documents\Документ Microsoft Word по заказу.docx
2025-04-21 23:45:30,131 - INFO - Операция: Успешное чтение Word
2025-04-21 23:45:30,131 - INFO - Детали: Извлечено 2 секций
2025-04-21 23:45:30,131 - INFO - Операция: Секция 1 из файла Документ Microsoft Word по заказу.docx
2025-04-21 23:45:30,131 - INFO - Детали: Раздел: Заголовок документа, Превью: Название документа: Документ Microsoft Word по заказу


2025-04-21 23:45:30,131 - INFO - Операция: Секция 2 из файла Документ Microsoft Word по заказу.docx
2025-04-21 23:45:30,131 - INFO - Детали: Раздел: Основной текст, Превью: Чтобы создать заказ на доставку требуется использовать транзакцию me21n.
Чтобы изменить заказ на дос...
2025-04-21 23:45:30,132 - INFO - Операция: Успешно прочитан файл: Документ Microsoft Word по заказу.docx
2025-04-21 23:45:30,132 - INFO - Детали: Извлечено 2 секций
2025-04-21 23:45:30,132 - INFO - Операция: Обработка файла
2025-04-21 23:45:30,132 - INFO - Детали: Тип файла: Документ Microsoft Word.docx
2025-04-21 23:45:30,132 - INFO - Операция: Чтение Word файла
2025-04-21 23:45:30,132 - INFO - Детали: Обработка файла: documents\Документ Microsoft Word.docx
2025-04-21 23:45:30,134 - INFO - Операция: Успешное чтение Word
2025-04-21 23:45:30,134 - INFO - Детали: Извлечено 2 секций
2025-04-21 23:45:30,134 - INFO - Операция: Секция 1 из файла Документ Microsoft Word.docx
2025-04-21 23:45:30,135 - INFO - Детали: Раздел: Заголовок документа, Превью: Название документа: Документ Microsoft Word


2025-04-21 23:45:30,135 - INFO - Операция: Секция 2 из файла Документ Microsoft Word.docx
2025-04-21 23:45:30,135 - INFO - Детали: Раздел: Основной текст, Превью: Сколько лет я буду жить? Так долго, как пожелаешь….

Как научиться говорить? Ответ: Шёпотом!

Как со...
2025-04-21 23:45:30,135 - INFO - Операция: Успешно прочитан файл: Документ Microsoft Word.docx
2025-04-21 23:45:30,135 - INFO - Детали: Извлечено 2 секций
2025-04-21 23:45:30,135 - INFO - Операция: Обработка файла
2025-04-21 23:45:30,135 - INFO - Детали: Тип файла: Инструкция_по_сборке_LEGO.pdf
2025-04-21 23:45:30,135 - INFO - Операция: Чтение PDF файла
2025-04-21 23:45:30,135 - INFO - Детали: Обработка файла: documents\Инструкция_по_сборке_LEGO.pdf
2025-04-21 23:45:30,155 - INFO - Операция: Анализ PDF
2025-04-21 23:45:30,155 - INFO - Детали: Файл содержит 48 страниц
2025-04-21 23:45:31,028 - INFO - Операция: Успешное чтение PDF
2025-04-21 23:45:31,028 - INFO - Детали: Извлечено 47 секций
2025-04-21 23:45:31,028 - INFO - Операция: Успешно прочитан файл: Инструкция_по_сборке_LEGO.pdf
2025-04-21 23:45:31,028 - INFO - Детали: Извлечено 47 секций
2025-04-21 23:45:31,028 - INFO - Операция: Обработка файла
2025-04-21 23:45:31,028 - INFO - Детали: Тип файла: Лист Microsoft Excel.xlsx
2025-04-21 23:45:31,028 - INFO - Операция: Чтение Excel файла
2025-04-21 23:45:31,029 - INFO - Детали: Обработка файла: documents\Лист Microsoft Excel.xlsx
2025-04-21 23:45:31,138 - INFO - Операция: Успешное чтение Excel
2025-04-21 23:45:31,138 - INFO - Детали: Извлечено 1 секций
2025-04-21 23:45:31,138 - INFO - Операция: Успешно прочитан файл: Лист Microsoft Excel.xlsx
2025-04-21 23:45:31,139 - INFO - Детали: Извлечено 1 секций
2025-04-21 23:45:31,139 - INFO - Операция: Обработка файла
2025-04-21 23:45:31,139 - INFO - Детали: Тип файла: ММ САП.docx
2025-04-21 23:45:31,139 - INFO - Операция: Чтение Word файла
2025-04-21 23:45:31,139 - INFO - Детали: Обработка файла: documents\ММ САП.docx
2025-04-21 23:45:31,579 - INFO - Операция: Успешное чтение Word
2025-04-21 23:45:31,579 - INFO - Детали: Извлечено 4 секций
2025-04-21 23:45:31,579 - INFO - Операция: Секция 1 из файла ММ САП.docx
2025-04-21 23:45:31,579 - INFO - Детали: Раздел: Документ SAP MM, Превью: ДОКУМЕНТ SAP: ММ САП

Этот документ относится к системе SAP и модулю MM (Material Management). SAP M...
2025-04-21 23:45:31,579 - INFO - Операция: Секция 2 из файла ММ САП.docx
2025-04-21 23:45:31,579 - INFO - Детали: Раздел: Основной текст, Превью: SAP MM CONTENT: SAP MM - Краткое руководство

Предыдущая страница

Далее

SAP MM CONTENT: SAP MM - О...
2025-04-21 23:45:31,580 - INFO - Операция: Секция 3 из файла ММ САП.docx
2025-04-21 23:45:31,580 - INFO - Детали: Раздел: Таблица 1, Превью: SAP MM TABLE DATA:
Таблица 1:

Строка 1: Sr.No . | Закупочная Деятельность и Описание
Строка 2: 1 | ...
2025-04-21 23:45:31,580 - INFO - Операция: Секция 4 из файла ММ САП.docx
2025-04-21 23:45:31,580 - INFO - Детали: Раздел: Таблица 2, Превью: SAP MM TABLE DATA:
Таблица 2:

Строка 1: Sr.No . | T-Код и описание
Строка 2: 1 | ОКС15
Создать комп...
2025-04-21 23:45:31,580 - INFO - Операция: Успешно прочитан файл: ММ САП.docx
2025-04-21 23:45:31,580 - INFO - Детали: Извлечено 4 секций
2025-04-21 23:45:31,580 - INFO - Операция: Обработка файла
2025-04-21 23:45:31,580 - INFO - Детали: Тип файла: создание_заказа.txt
2025-04-21 23:45:31,580 - INFO - Операция: Чтение текстового файла: documents\создание_заказа.txt
2025-04-21 23:45:31,581 - INFO - Операция: Содержимое файла создание_заказа.txt
2025-04-21 23:45:31,581 - INFO - Детали: Размер: 1174 символов
2025-04-21 23:45:31,581 - INFO - Операция: Секция 1 из файла создание_заказа.txt
2025-04-21 23:45:31,581 - INFO - Детали: Раздел: Заголовок документа, Превью: Название документа: создание_заказа


2025-04-21 23:45:31,581 - INFO - Операция: Секция 2 из файла создание_заказа.txt
2025-04-21 23:45:31,582 - INFO - Детали: Раздел: # Инструкция по созданию заказа, Превью: # Инструкция по созданию заказа

## Шаги создания заказа в системе
2025-04-21 23:45:31,582 - INFO - Операция: Секция 3 из файла создание_заказа.txt
2025-04-21 23:45:31,582 - INFO - Детали: Раздел: 1. Войдите в личный кабинет, используя логин и пароль.
2. Нажмите на кнопку "Создать новый заказ" в верхнем меню.
3. Выберите товары из каталога, нажимая кнопку "Добавить в корзину".
4. После выбора всех товаров перейдите в корзину.
5. Проверьте состав заказа и общую сумму.
6. Выберите способ доставки из доступных вариантов:
   - Курьерская доставка
   - Самовывоз из пункта выдачи
   - Почтовая доставка
7. Укажите адрес доставки, если выбрана доставка курьером или почтой.
8. Выберите способ оплаты:
   - Банковской картой онлайн
   - При получении
   - Оплата "Улыбкой" (специальная программа лояльности)
9. Нажмите кнопку "Оформить заказ".
10. Вам придет подтверждение о создании заказа на email и SMS., Превью: 1. Войдите в личный кабинет, используя логин и пароль.
2. Нажмите на кнопку "Создать новый заказ" в ...
2025-04-21 23:45:31,582 - INFO - Операция: Секция 4 из файла создание_заказа.txt
2025-04-21 23:45:31,582 - INFO - Детали: Раздел: - Минимальная сумма заказа - 500 рублей.
- Срок доставки зависит от выбранного способа и региона.
- После оформления заказа его состав изменить нельзя.
- Вы можете отменить заказ до его отправки в службу доставки., Превью: - Минимальная сумма заказа - 500 рублей.
- Срок доставки зависит от выбранного способа и региона.
- ...
2025-04-21 23:45:31,582 - INFO - Операция: Успешное чтение TXT
2025-04-21 23:45:31,582 - INFO - Детали: Извлечено 4 секций
2025-04-21 23:45:31,583 - INFO - Операция: Успешно прочитан файл: создание_заказа.txt
2025-04-21 23:45:31,583 - INFO - Детали: Извлечено 4 секций
2025-04-21 23:45:31,583 - INFO - Операция: Статистика обработки
2025-04-21 23:45:31,583 - INFO - Детали: Обработано файлов: 6, Всего секций: 60
2025-04-21 23:45:31,583 - INFO - Операция: Создание документов LangChain
2025-04-21 23:45:31,583 - INFO - Детали: Преобразование 60 секций
2025-04-21 23:45:31,583 - INFO - Операция: Создание векторного хранилища
2025-04-21 23:45:31,583 - INFO - Детали: Начало
2025-04-21 23:45:31,584 - INFO - Операция: Создание векторного хранилища
2025-04-21 23:45:31,584 - INFO - Детали: Обработка 60 документов
2025-04-21 23:45:50,377 - INFO - Loading faiss with AVX512 support.
2025-04-21 23:45:50,377 - INFO - Could not load library with AVX512 support due to:
ModuleNotFoundError("No module named 'faiss.swigfaiss_avx512'")
2025-04-21 23:45:50,377 - INFO - Loading faiss with AVX2 support.
2025-04-21 23:45:50,389 - INFO - Successfully loaded faiss with AVX2 support.
2025-04-21 23:45:50,392 - INFO - Failed to load GPU Faiss: name 'GpuIndexIVFFlat' is not defined. Will not load constructor refs for GPU indexes.
2025-04-21 23:45:50,395 - INFO - Операция: Векторное хранилище создано
2025-04-21 23:45:50,396 - INFO - Детали: Успешно
2025-04-21 23:45:50,396 - INFO - Операция: Создание цепочки QA
2025-04-21 23:45:50,396 - INFO - Детали: Начало
2025-04-21 23:45:50,396 - INFO - Операция: Создание агента
2025-04-21 23:45:50,396 - INFO - Детали: Начало
2025-04-21 23:45:50,398 - INFO - Операция: Инициализация завершена
2025-04-21 23:45:50,398 - INFO - Детали: Успешно
2025-04-21 23:45:50,403 - WARNING -  * Debugger is active!
2025-04-21 23:45:50,404 - INFO -  * Debugger PIN: 127-184-279
2025-04-21 23:47:39,975 - INFO - Load pretrained SentenceTransformer: sberbank-ai/sbert_large_nlu_ru
2025-04-21 23:47:43,511 - INFO - Операция: Начало чтения документов из директории: documents
2025-04-21 23:47:43,511 - INFO - Операция: Обработка файла
2025-04-21 23:47:43,511 - INFO - Детали: Тип файла: Документ Microsoft Word по заказу.docx
2025-04-21 23:47:43,511 - INFO - Операция: Чтение Word файла
2025-04-21 23:47:43,511 - INFO - Детали: Обработка файла: documents\Документ Microsoft Word по заказу.docx
2025-04-21 23:47:43,515 - INFO - Операция: Успешное чтение Word
2025-04-21 23:47:43,515 - INFO - Детали: Извлечено 2 секций
2025-04-21 23:47:43,515 - INFO - Операция: Секция 1 из файла Документ Microsoft Word по заказу.docx
2025-04-21 23:47:43,515 - INFO - Детали: Раздел: Заголовок документа, Превью: Название документа: Документ Microsoft Word по заказу


2025-04-21 23:47:43,515 - INFO - Операция: Секция 2 из файла Документ Microsoft Word по заказу.docx
2025-04-21 23:47:43,516 - INFO - Детали: Раздел: Основной текст, Превью: Чтобы создать заказ на доставку требуется использовать транзакцию me21n.
Чтобы изменить заказ на дос...
2025-04-21 23:47:43,516 - INFO - Операция: Успешно прочитан файл: Документ Microsoft Word по заказу.docx
2025-04-21 23:47:43,516 - INFO - Детали: Извлечено 2 секций
2025-04-21 23:47:43,516 - INFO - Операция: Обработка файла
2025-04-21 23:47:43,516 - INFO - Детали: Тип файла: Документ Microsoft Word.docx
2025-04-21 23:47:43,516 - INFO - Операция: Чтение Word файла
2025-04-21 23:47:43,516 - INFO - Детали: Обработка файла: documents\Документ Microsoft Word.docx
2025-04-21 23:47:43,518 - INFO - Операция: Успешное чтение Word
2025-04-21 23:47:43,519 - INFO - Детали: Извлечено 2 секций
2025-04-21 23:47:43,519 - INFO - Операция: Секция 1 из файла Документ Microsoft Word.docx
2025-04-21 23:47:43,519 - INFO - Детали: Раздел: Заголовок документа, Превью: Название документа: Документ Microsoft Word


2025-04-21 23:47:43,519 - INFO - Операция: Секция 2 из файла Документ Microsoft Word.docx
2025-04-21 23:47:43,519 - INFO - Детали: Раздел: Основной текст, Превью: Сколько лет я буду жить? Так долго, как пожелаешь….

Как научиться говорить? Ответ: Шёпотом!

Как со...
2025-04-21 23:47:43,519 - INFO - Операция: Успешно прочитан файл: Документ Microsoft Word.docx
2025-04-21 23:47:43,519 - INFO - Детали: Извлечено 2 секций
2025-04-21 23:47:43,519 - INFO - Операция: Обработка файла
2025-04-21 23:47:43,519 - INFO - Детали: Тип файла: Инструкция_по_сборке_LEGO.pdf
2025-04-21 23:47:43,520 - INFO - Операция: Чтение PDF файла
2025-04-21 23:47:43,520 - INFO - Детали: Обработка файла: documents\Инструкция_по_сборке_LEGO.pdf
2025-04-21 23:47:43,539 - INFO - Операция: Анализ PDF
2025-04-21 23:47:43,539 - INFO - Детали: Файл содержит 48 страниц
2025-04-21 23:47:44,383 - INFO - Операция: Успешное чтение PDF
2025-04-21 23:47:44,383 - INFO - Детали: Извлечено 47 секций
2025-04-21 23:47:44,383 - INFO - Операция: Успешно прочитан файл: Инструкция_по_сборке_LEGO.pdf
2025-04-21 23:47:44,383 - INFO - Детали: Извлечено 47 секций
2025-04-21 23:47:44,383 - INFO - Операция: Обработка файла
2025-04-21 23:47:44,383 - INFO - Детали: Тип файла: Лист Microsoft Excel.xlsx
2025-04-21 23:47:44,384 - INFO - Операция: Чтение Excel файла
2025-04-21 23:47:44,384 - INFO - Детали: Обработка файла: documents\Лист Microsoft Excel.xlsx
2025-04-21 23:47:44,489 - INFO - Операция: Успешное чтение Excel
2025-04-21 23:47:44,489 - INFO - Детали: Извлечено 1 секций
2025-04-21 23:47:44,489 - INFO - Операция: Успешно прочитан файл: Лист Microsoft Excel.xlsx
2025-04-21 23:47:44,489 - INFO - Детали: Извлечено 1 секций
2025-04-21 23:47:44,489 - INFO - Операция: Обработка файла
2025-04-21 23:47:44,489 - INFO - Детали: Тип файла: ММ САП.docx
2025-04-21 23:47:44,490 - INFO - Операция: Чтение Word файла
2025-04-21 23:47:44,490 - INFO - Детали: Обработка файла: documents\ММ САП.docx
2025-04-21 23:47:44,928 - INFO - Операция: Успешное чтение Word
2025-04-21 23:47:44,928 - INFO - Детали: Извлечено 4 секций
2025-04-21 23:47:44,928 - INFO - Операция: Секция 1 из файла ММ САП.docx
2025-04-21 23:47:44,928 - INFO - Детали: Раздел: Документ SAP MM, Превью: ДОКУМЕНТ SAP: ММ САП

Этот документ относится к системе SAP и модулю MM (Material Management). SAP M...
2025-04-21 23:47:44,929 - INFO - Операция: Секция 2 из файла ММ САП.docx
2025-04-21 23:47:44,929 - INFO - Детали: Раздел: Основной текст, Превью: SAP MM CONTENT: SAP MM - Краткое руководство

Предыдущая страница

Далее

SAP MM CONTENT: SAP MM - О...
2025-04-21 23:47:44,929 - INFO - Операция: Секция 3 из файла ММ САП.docx
2025-04-21 23:47:44,929 - INFO - Детали: Раздел: Таблица 1, Превью: SAP MM TABLE DATA:
Таблица 1:

Строка 1: Sr.No . | Закупочная Деятельность и Описание
Строка 2: 1 | ...
2025-04-21 23:47:44,929 - INFO - Операция: Секция 4 из файла ММ САП.docx
2025-04-21 23:47:44,929 - INFO - Детали: Раздел: Таблица 2, Превью: SAP MM TABLE DATA:
Таблица 2:

Строка 1: Sr.No . | T-Код и описание
Строка 2: 1 | ОКС15
Создать комп...
2025-04-21 23:47:44,929 - INFO - Операция: Успешно прочитан файл: ММ САП.docx
2025-04-21 23:47:44,930 - INFO - Детали: Извлечено 4 секций
2025-04-21 23:47:44,930 - INFO - Операция: Обработка файла
2025-04-21 23:47:44,930 - INFO - Детали: Тип файла: создание_заказа.txt
2025-04-21 23:47:44,930 - INFO - Операция: Чтение текстового файла: documents\создание_заказа.txt
2025-04-21 23:47:44,930 - INFO - Операция: Содержимое файла создание_заказа.txt
2025-04-21 23:47:44,930 - INFO - Детали: Размер: 1174 символов
2025-04-21 23:47:44,931 - INFO - Операция: Секция 1 из файла создание_заказа.txt
2025-04-21 23:47:44,931 - INFO - Детали: Раздел: Заголовок документа, Превью: Название документа: создание_заказа


2025-04-21 23:47:44,931 - INFO - Операция: Секция 2 из файла создание_заказа.txt
2025-04-21 23:47:44,931 - INFO - Детали: Раздел: # Инструкция по созданию заказа, Превью: # Инструкция по созданию заказа

## Шаги создания заказа в системе
2025-04-21 23:47:44,931 - INFO - Операция: Секция 3 из файла создание_заказа.txt
2025-04-21 23:47:44,931 - INFO - Детали: Раздел: 1. Войдите в личный кабинет, используя логин и пароль.
2. Нажмите на кнопку "Создать новый заказ" в верхнем меню.
3. Выберите товары из каталога, нажимая кнопку "Добавить в корзину".
4. После выбора всех товаров перейдите в корзину.
5. Проверьте состав заказа и общую сумму.
6. Выберите способ доставки из доступных вариантов:
   - Курьерская доставка
   - Самовывоз из пункта выдачи
   - Почтовая доставка
7. Укажите адрес доставки, если выбрана доставка курьером или почтой.
8. Выберите способ оплаты:
   - Банковской картой онлайн
   - При получении
   - Оплата "Улыбкой" (специальная программа лояльности)
9. Нажмите кнопку "Оформить заказ".
10. Вам придет подтверждение о создании заказа на email и SMS., Превью: 1. Войдите в личный кабинет, используя логин и пароль.
2. Нажмите на кнопку "Создать новый заказ" в ...
2025-04-21 23:47:44,931 - INFO - Операция: Секция 4 из файла создание_заказа.txt
2025-04-21 23:47:44,931 - INFO - Детали: Раздел: - Минимальная сумма заказа - 500 рублей.
- Срок доставки зависит от выбранного способа и региона.
- После оформления заказа его состав изменить нельзя.
- Вы можете отменить заказ до его отправки в службу доставки., Превью: - Минимальная сумма заказа - 500 рублей.
- Срок доставки зависит от выбранного способа и региона.
- ...
2025-04-21 23:47:44,931 - INFO - Операция: Успешное чтение TXT
2025-04-21 23:47:44,932 - INFO - Детали: Извлечено 4 секций
2025-04-21 23:47:44,932 - INFO - Операция: Успешно прочитан файл: создание_заказа.txt
2025-04-21 23:47:44,932 - INFO - Детали: Извлечено 4 секций
2025-04-21 23:47:44,932 - INFO - Операция: Статистика обработки
2025-04-21 23:47:44,932 - INFO - Детали: Обработано файлов: 6, Всего секций: 60
2025-04-21 23:47:44,932 - INFO - Операция: Создание документов LangChain
2025-04-21 23:47:44,932 - INFO - Детали: Преобразование 60 секций
2025-04-21 23:47:44,932 - INFO - Операция: Создание векторного хранилища
2025-04-21 23:47:44,932 - INFO - Детали: Начало
2025-04-21 23:47:44,932 - INFO - Операция: Создание векторного хранилища
2025-04-21 23:47:44,932 - INFO - Детали: Обработка 60 документов
2025-04-21 23:48:03,147 - INFO - Loading faiss with AVX512 support.
2025-04-21 23:48:03,147 - INFO - Could not load library with AVX512 support due to:
ModuleNotFoundError("No module named 'faiss.swigfaiss_avx512'")
2025-04-21 23:48:03,147 - INFO - Loading faiss with AVX2 support.
2025-04-21 23:48:03,158 - INFO - Successfully loaded faiss with AVX2 support.
2025-04-21 23:48:03,161 - INFO - Failed to load GPU Faiss: name 'GpuIndexIVFFlat' is not defined. Will not load constructor refs for GPU indexes.
2025-04-21 23:48:03,163 - INFO - Операция: Векторное хранилище создано
2025-04-21 23:48:03,164 - INFO - Детали: Успешно
2025-04-21 23:48:03,164 - INFO - Операция: Создание цепочки QA
2025-04-21 23:48:03,164 - INFO - Детали: Начало
2025-04-21 23:48:03,164 - INFO - Операция: Создание агента
2025-04-21 23:48:03,164 - INFO - Детали: Начало
2025-04-21 23:48:03,166 - INFO - Операция: Инициализация завершена
2025-04-21 23:48:03,166 - INFO - Детали: Успешно
2025-04-21 23:48:03,173 - INFO - [31m[1mWARNING: This is a development server. Do not use it in a production deployment. Use a production WSGI server instead.[0m
 * Running on all addresses (0.0.0.0)
 * Running on http://127.0.0.1:5000
 * Running on http://192.168.1.110:5000
2025-04-21 23:48:03,174 - INFO - [33mPress CTRL+C to quit[0m
2025-04-21 23:48:03,174 - INFO -  * Restarting with stat
2025-04-21 23:48:07,072 - INFO - Load pretrained SentenceTransformer: sberbank-ai/sbert_large_nlu_ru
2025-04-21 23:48:10,425 - INFO - Операция: Начало чтения документов из директории: documents
2025-04-21 23:48:10,425 - INFO - Операция: Обработка файла
2025-04-21 23:48:10,425 - INFO - Детали: Тип файла: Документ Microsoft Word по заказу.docx
2025-04-21 23:48:10,426 - INFO - Операция: Чтение Word файла
2025-04-21 23:48:10,426 - INFO - Детали: Обработка файла: documents\Документ Microsoft Word по заказу.docx
2025-04-21 23:48:10,430 - INFO - Операция: Успешное чтение Word
2025-04-21 23:48:10,430 - INFO - Детали: Извлечено 2 секций
2025-04-21 23:48:10,430 - INFO - Операция: Секция 1 из файла Документ Microsoft Word по заказу.docx
2025-04-21 23:48:10,430 - INFO - Детали: Раздел: Заголовок документа, Превью: Название документа: Документ Microsoft Word по заказу


2025-04-21 23:48:10,430 - INFO - Операция: Секция 2 из файла Документ Microsoft Word по заказу.docx
2025-04-21 23:48:10,430 - INFO - Детали: Раздел: Основной текст, Превью: Чтобы создать заказ на доставку требуется использовать транзакцию me21n.
Чтобы изменить заказ на дос...
2025-04-21 23:48:10,431 - INFO - Операция: Успешно прочитан файл: Документ Microsoft Word по заказу.docx
2025-04-21 23:48:10,431 - INFO - Детали: Извлечено 2 секций
2025-04-21 23:48:10,431 - INFO - Операция: Обработка файла
2025-04-21 23:48:10,431 - INFO - Детали: Тип файла: Документ Microsoft Word.docx
2025-04-21 23:48:10,431 - INFO - Операция: Чтение Word файла
2025-04-21 23:48:10,431 - INFO - Детали: Обработка файла: documents\Документ Microsoft Word.docx
2025-04-21 23:48:10,433 - INFO - Операция: Успешное чтение Word
2025-04-21 23:48:10,433 - INFO - Детали: Извлечено 2 секций
2025-04-21 23:48:10,433 - INFO - Операция: Секция 1 из файла Документ Microsoft Word.docx
2025-04-21 23:48:10,433 - INFO - Детали: Раздел: Заголовок документа, Превью: Название документа: Документ Microsoft Word


2025-04-21 23:48:10,433 - INFO - Операция: Секция 2 из файла Документ Microsoft Word.docx
2025-04-21 23:48:10,433 - INFO - Детали: Раздел: Основной текст, Превью: Сколько лет я буду жить? Так долго, как пожелаешь….

Как научиться говорить? Ответ: Шёпотом!

Как со...
2025-04-21 23:48:10,434 - INFO - Операция: Успешно прочитан файл: Документ Microsoft Word.docx
2025-04-21 23:48:10,434 - INFO - Детали: Извлечено 2 секций
2025-04-21 23:48:10,434 - INFO - Операция: Обработка файла
2025-04-21 23:48:10,434 - INFO - Детали: Тип файла: Инструкция_по_сборке_LEGO.pdf
2025-04-21 23:48:10,434 - INFO - Операция: Чтение PDF файла
2025-04-21 23:48:10,434 - INFO - Детали: Обработка файла: documents\Инструкция_по_сборке_LEGO.pdf
2025-04-21 23:48:10,453 - INFO - Операция: Анализ PDF
2025-04-21 23:48:10,453 - INFO - Детали: Файл содержит 48 страниц
2025-04-21 23:48:11,280 - INFO - Операция: Успешное чтение PDF
2025-04-21 23:48:11,281 - INFO - Детали: Извлечено 47 секций
2025-04-21 23:48:11,281 - INFO - Операция: Успешно прочитан файл: Инструкция_по_сборке_LEGO.pdf
2025-04-21 23:48:11,281 - INFO - Детали: Извлечено 47 секций
2025-04-21 23:48:11,281 - INFO - Операция: Обработка файла
2025-04-21 23:48:11,281 - INFO - Детали: Тип файла: Лист Microsoft Excel.xlsx
2025-04-21 23:48:11,281 - INFO - Операция: Чтение Excel файла
2025-04-21 23:48:11,281 - INFO - Детали: Обработка файла: documents\Лист Microsoft Excel.xlsx
2025-04-21 23:48:11,383 - INFO - Операция: Успешное чтение Excel
2025-04-21 23:48:11,383 - INFO - Детали: Извлечено 1 секций
2025-04-21 23:48:11,383 - INFO - Операция: Успешно прочитан файл: Лист Microsoft Excel.xlsx
2025-04-21 23:48:11,383 - INFO - Детали: Извлечено 1 секций
2025-04-21 23:48:11,383 - INFO - Операция: Обработка файла
2025-04-21 23:48:11,383 - INFO - Детали: Тип файла: ММ САП.docx
2025-04-21 23:48:11,384 - INFO - Операция: Чтение Word файла
2025-04-21 23:48:11,384 - INFO - Детали: Обработка файла: documents\ММ САП.docx
2025-04-21 23:48:11,817 - INFO - Операция: Успешное чтение Word
2025-04-21 23:48:11,817 - INFO - Детали: Извлечено 4 секций
2025-04-21 23:48:11,817 - INFO - Операция: Секция 1 из файла ММ САП.docx
2025-04-21 23:48:11,817 - INFO - Детали: Раздел: Документ SAP MM, Превью: ДОКУМЕНТ SAP: ММ САП

Этот документ относится к системе SAP и модулю MM (Material Management). SAP M...
2025-04-21 23:48:11,818 - INFO - Операция: Секция 2 из файла ММ САП.docx
2025-04-21 23:48:11,818 - INFO - Детали: Раздел: Основной текст, Превью: SAP MM CONTENT: SAP MM - Краткое руководство

Предыдущая страница

Далее

SAP MM CONTENT: SAP MM - О...
2025-04-21 23:48:11,818 - INFO - Операция: Секция 3 из файла ММ САП.docx
2025-04-21 23:48:11,818 - INFO - Детали: Раздел: Таблица 1, Превью: SAP MM TABLE DATA:
Таблица 1:

Строка 1: Sr.No . | Закупочная Деятельность и Описание
Строка 2: 1 | ...
2025-04-21 23:48:11,818 - INFO - Операция: Секция 4 из файла ММ САП.docx
2025-04-21 23:48:11,818 - INFO - Детали: Раздел: Таблица 2, Превью: SAP MM TABLE DATA:
Таблица 2:

Строка 1: Sr.No . | T-Код и описание
Строка 2: 1 | ОКС15
Создать комп...
2025-04-21 23:48:11,818 - INFO - Операция: Успешно прочитан файл: ММ САП.docx
2025-04-21 23:48:11,818 - INFO - Детали: Извлечено 4 секций
2025-04-21 23:48:11,818 - INFO - Операция: Обработка файла
2025-04-21 23:48:11,818 - INFO - Детали: Тип файла: создание_заказа.txt
2025-04-21 23:48:11,818 - INFO - Операция: Чтение текстового файла: documents\создание_заказа.txt
2025-04-21 23:48:11,819 - INFO - Операция: Содержимое файла создание_заказа.txt
2025-04-21 23:48:11,819 - INFO - Детали: Размер: 1174 символов
2025-04-21 23:48:11,819 - INFO - Операция: Секция 1 из файла создание_заказа.txt
2025-04-21 23:48:11,819 - INFO - Детали: Раздел: Заголовок документа, Превью: Название документа: создание_заказа


2025-04-21 23:48:11,819 - INFO - Операция: Секция 2 из файла создание_заказа.txt
2025-04-21 23:48:11,819 - INFO - Детали: Раздел: # Инструкция по созданию заказа, Превью: # Инструкция по созданию заказа

## Шаги создания заказа в системе
2025-04-21 23:48:11,819 - INFO - Операция: Секция 3 из файла создание_заказа.txt
2025-04-21 23:48:11,820 - INFO - Детали: Раздел: 1. Войдите в личный кабинет, используя логин и пароль.
2. Нажмите на кнопку "Создать новый заказ" в верхнем меню.
3. Выберите товары из каталога, нажимая кнопку "Добавить в корзину".
4. После выбора всех товаров перейдите в корзину.
5. Проверьте состав заказа и общую сумму.
6. Выберите способ доставки из доступных вариантов:
   - Курьерская доставка
   - Самовывоз из пункта выдачи
   - Почтовая доставка
7. Укажите адрес доставки, если выбрана доставка курьером или почтой.
8. Выберите способ оплаты:
   - Банковской картой онлайн
   - При получении
   - Оплата "Улыбкой" (специальная программа лояльности)
9. Нажмите кнопку "Оформить заказ".
10. Вам придет подтверждение о создании заказа на email и SMS., Превью: 1. Войдите в личный кабинет, используя логин и пароль.
2. Нажмите на кнопку "Создать новый заказ" в ...
2025-04-21 23:48:11,820 - INFO - Операция: Секция 4 из файла создание_заказа.txt
2025-04-21 23:48:11,820 - INFO - Детали: Раздел: - Минимальная сумма заказа - 500 рублей.
- Срок доставки зависит от выбранного способа и региона.
- После оформления заказа его состав изменить нельзя.
- Вы можете отменить заказ до его отправки в службу доставки., Превью: - Минимальная сумма заказа - 500 рублей.
- Срок доставки зависит от выбранного способа и региона.
- ...
2025-04-21 23:48:11,820 - INFO - Операция: Успешное чтение TXT
2025-04-21 23:48:11,820 - INFO - Детали: Извлечено 4 секций
2025-04-21 23:48:11,820 - INFO - Операция: Успешно прочитан файл: создание_заказа.txt
2025-04-21 23:48:11,820 - INFO - Детали: Извлечено 4 секций
2025-04-21 23:48:11,820 - INFO - Операция: Статистика обработки
2025-04-21 23:48:11,820 - INFO - Детали: Обработано файлов: 6, Всего секций: 60
2025-04-21 23:48:11,820 - INFO - Операция: Создание документов LangChain
2025-04-21 23:48:11,821 - INFO - Детали: Преобразование 60 секций
2025-04-21 23:48:11,821 - INFO - Операция: Создание векторного хранилища
2025-04-21 23:48:11,821 - INFO - Детали: Начало
2025-04-21 23:48:11,821 - INFO - Операция: Создание векторного хранилища
2025-04-21 23:48:11,821 - INFO - Детали: Обработка 60 документов
2025-04-21 23:48:30,249 - INFO - Loading faiss with AVX512 support.
2025-04-21 23:48:30,249 - INFO - Could not load library with AVX512 support due to:
ModuleNotFoundError("No module named 'faiss.swigfaiss_avx512'")
2025-04-21 23:48:30,249 - INFO - Loading faiss with AVX2 support.
2025-04-21 23:48:30,261 - INFO - Successfully loaded faiss with AVX2 support.
2025-04-21 23:48:30,265 - INFO - Failed to load GPU Faiss: name 'GpuIndexIVFFlat' is not defined. Will not load constructor refs for GPU indexes.
2025-04-21 23:48:30,267 - INFO - Операция: Векторное хранилище создано
2025-04-21 23:48:30,267 - INFO - Детали: Успешно
2025-04-21 23:48:30,267 - INFO - Операция: Создание цепочки QA
2025-04-21 23:48:30,268 - INFO - Детали: Начало
2025-04-21 23:48:30,268 - INFO - Операция: Создание агента
2025-04-21 23:48:30,268 - INFO - Детали: Начало
2025-04-21 23:48:30,270 - INFO - Операция: Инициализация завершена
2025-04-21 23:48:30,270 - INFO - Детали: Успешно
2025-04-21 23:48:30,274 - WARNING -  * Debugger is active!
2025-04-21 23:48:30,276 - INFO -  * Debugger PIN: 127-184-279
2025-04-21 23:48:37,393 - INFO - 127.0.0.1 - - [21/Apr/2025 23:48:37] "GET / HTTP/1.1" 200 -
2025-04-21 23:48:37,414 - INFO - 127.0.0.1 - - [21/Apr/2025 23:48:37] "GET /static/js/app.js HTTP/1.1" 200 -
2025-04-21 23:48:37,414 - INFO - 127.0.0.1 - - [21/Apr/2025 23:48:37] "[36mGET /static/css/style.css HTTP/1.1[0m" 304 -
2025-04-21 23:49:46,147 - INFO - 127.0.0.1 - - [21/Apr/2025 23:49:46] "[35m[1mPOST /analyze HTTP/1.1[0m" 500 -
2025-04-21 23:49:52,220 - INFO - 127.0.0.1 - - [21/Apr/2025 23:49:52] "[35m[1mPOST /analyze HTTP/1.1[0m" 500 -
2025-04-21 23:53:06,851 - INFO -  * Detected change in 'c:\\Users\\NOVA\\OneDrive\\Рабочий стол\\AI-агент\\pet-project\\app.py', reloading
2025-04-21 23:53:07,513 - INFO -  * Restarting with stat
2025-04-21 23:53:11,569 - INFO - Load pretrained SentenceTransformer: sberbank-ai/sbert_large_nlu_ru
2025-04-21 23:53:15,291 - INFO - Операция: Начало чтения документов из директории: documents
2025-04-21 23:53:15,292 - INFO - Операция: Обработка файла
2025-04-21 23:53:15,292 - INFO - Детали: Тип файла: Документ Microsoft Word по заказу.docx
2025-04-21 23:53:15,292 - INFO - Операция: Чтение Word файла
2025-04-21 23:53:15,292 - INFO - Детали: Обработка файла: documents\Документ Microsoft Word по заказу.docx
2025-04-21 23:53:15,296 - INFO - Операция: Успешное чтение Word
2025-04-21 23:53:15,296 - INFO - Детали: Извлечено 2 секций
2025-04-21 23:53:15,296 - INFO - Операция: Секция 1 из файла Документ Microsoft Word по заказу.docx
2025-04-21 23:53:15,296 - INFO - Детали: Раздел: Заголовок документа, Превью: Название документа: Документ Microsoft Word по заказу


2025-04-21 23:53:15,296 - INFO - Операция: Секция 2 из файла Документ Microsoft Word по заказу.docx
2025-04-21 23:53:15,296 - INFO - Детали: Раздел: Основной текст, Превью: Чтобы создать заказ на доставку требуется использовать транзакцию me21n.
Чтобы изменить заказ на дос...
2025-04-21 23:53:15,297 - INFO - Операция: Успешно прочитан файл: Документ Microsoft Word по заказу.docx
2025-04-21 23:53:15,297 - INFO - Детали: Извлечено 2 секций
2025-04-21 23:53:15,297 - INFO - Операция: Обработка файла
2025-04-21 23:53:15,297 - INFO - Детали: Тип файла: Документ Microsoft Word.docx
2025-04-21 23:53:15,297 - INFO - Операция: Чтение Word файла
2025-04-21 23:53:15,297 - INFO - Детали: Обработка файла: documents\Документ Microsoft Word.docx
2025-04-21 23:53:15,299 - INFO - Операция: Успешное чтение Word
2025-04-21 23:53:15,299 - INFO - Детали: Извлечено 2 секций
2025-04-21 23:53:15,299 - INFO - Операция: Секция 1 из файла Документ Microsoft Word.docx
2025-04-21 23:53:15,299 - INFO - Детали: Раздел: Заголовок документа, Превью: Название документа: Документ Microsoft Word


2025-04-21 23:53:15,299 - INFO - Операция: Секция 2 из файла Документ Microsoft Word.docx
2025-04-21 23:53:15,299 - INFO - Детали: Раздел: Основной текст, Превью: Сколько лет я буду жить? Так долго, как пожелаешь….

Как научиться говорить? Ответ: Шёпотом!

Как со...
2025-04-21 23:53:15,299 - INFO - Операция: Успешно прочитан файл: Документ Microsoft Word.docx
2025-04-21 23:53:15,300 - INFO - Детали: Извлечено 2 секций
2025-04-21 23:53:15,300 - INFO - Операция: Обработка файла
2025-04-21 23:53:15,300 - INFO - Детали: Тип файла: Инструкция_по_сборке_LEGO.pdf
2025-04-21 23:53:15,300 - INFO - Операция: Чтение PDF файла
2025-04-21 23:53:15,300 - INFO - Детали: Обработка файла: documents\Инструкция_по_сборке_LEGO.pdf
2025-04-21 23:53:15,320 - INFO - Операция: Анализ PDF
2025-04-21 23:53:15,320 - INFO - Детали: Файл содержит 48 страниц
2025-04-21 23:53:16,153 - INFO - Операция: Успешное чтение PDF
2025-04-21 23:53:16,153 - INFO - Детали: Извлечено 47 секций
2025-04-21 23:53:16,153 - INFO - Операция: Успешно прочитан файл: Инструкция_по_сборке_LEGO.pdf
2025-04-21 23:53:16,153 - INFO - Детали: Извлечено 47 секций
2025-04-21 23:53:16,153 - INFO - Операция: Обработка файла
2025-04-21 23:53:16,153 - INFO - Детали: Тип файла: Лист Microsoft Excel.xlsx
2025-04-21 23:53:16,153 - INFO - Операция: Чтение Excel файла
2025-04-21 23:53:16,153 - INFO - Детали: Обработка файла: documents\Лист Microsoft Excel.xlsx
2025-04-21 23:53:16,254 - INFO - Операция: Успешное чтение Excel
2025-04-21 23:53:16,254 - INFO - Детали: Извлечено 1 секций
2025-04-21 23:53:16,254 - INFO - Операция: Успешно прочитан файл: Лист Microsoft Excel.xlsx
2025-04-21 23:53:16,254 - INFO - Детали: Извлечено 1 секций
2025-04-21 23:53:16,254 - INFO - Операция: Обработка файла
2025-04-21 23:53:16,254 - INFO - Детали: Тип файла: ММ САП.docx
2025-04-21 23:53:16,255 - INFO - Операция: Чтение Word файла
2025-04-21 23:53:16,255 - INFO - Детали: Обработка файла: documents\ММ САП.docx
2025-04-21 23:53:16,695 - INFO - Операция: Успешное чтение Word
2025-04-21 23:53:16,695 - INFO - Детали: Извлечено 4 секций
2025-04-21 23:53:16,695 - INFO - Операция: Секция 1 из файла ММ САП.docx
2025-04-21 23:53:16,695 - INFO - Детали: Раздел: Документ SAP MM, Превью: ДОКУМЕНТ SAP: ММ САП

Этот документ относится к системе SAP и модулю MM (Material Management). SAP M...
2025-04-21 23:53:16,696 - INFO - Операция: Секция 2 из файла ММ САП.docx
2025-04-21 23:53:16,696 - INFO - Детали: Раздел: Основной текст, Превью: SAP MM CONTENT: SAP MM - Краткое руководство

Предыдущая страница

Далее

SAP MM CONTENT: SAP MM - О...
2025-04-21 23:53:16,696 - INFO - Операция: Секция 3 из файла ММ САП.docx
2025-04-21 23:53:16,696 - INFO - Детали: Раздел: Таблица 1, Превью: SAP MM TABLE DATA:
Таблица 1:

Строка 1: Sr.No . | Закупочная Деятельность и Описание
Строка 2: 1 | ...
2025-04-21 23:53:16,696 - INFO - Операция: Секция 4 из файла ММ САП.docx
2025-04-21 23:53:16,696 - INFO - Детали: Раздел: Таблица 2, Превью: SAP MM TABLE DATA:
Таблица 2:

Строка 1: Sr.No . | T-Код и описание
Строка 2: 1 | ОКС15
Создать комп...
2025-04-21 23:53:16,696 - INFO - Операция: Успешно прочитан файл: ММ САП.docx
2025-04-21 23:53:16,697 - INFO - Детали: Извлечено 4 секций
2025-04-21 23:53:16,697 - INFO - Операция: Обработка файла
2025-04-21 23:53:16,697 - INFO - Детали: Тип файла: создание_заказа.txt
2025-04-21 23:53:16,697 - INFO - Операция: Чтение текстового файла: documents\создание_заказа.txt
2025-04-21 23:53:16,697 - INFO - Операция: Содержимое файла создание_заказа.txt
2025-04-21 23:53:16,697 - INFO - Детали: Размер: 1174 символов
2025-04-21 23:53:16,698 - INFO - Операция: Секция 1 из файла создание_заказа.txt
2025-04-21 23:53:16,698 - INFO - Детали: Раздел: Заголовок документа, Превью: Название документа: создание_заказа


2025-04-21 23:53:16,698 - INFO - Операция: Секция 2 из файла создание_заказа.txt
2025-04-21 23:53:16,698 - INFO - Детали: Раздел: # Инструкция по созданию заказа, Превью: # Инструкция по созданию заказа

## Шаги создания заказа в системе
2025-04-21 23:53:16,698 - INFO - Операция: Секция 3 из файла создание_заказа.txt
2025-04-21 23:53:16,698 - INFO - Детали: Раздел: 1. Войдите в личный кабинет, используя логин и пароль.
2. Нажмите на кнопку "Создать новый заказ" в верхнем меню.
3. Выберите товары из каталога, нажимая кнопку "Добавить в корзину".
4. После выбора всех товаров перейдите в корзину.
5. Проверьте состав заказа и общую сумму.
6. Выберите способ доставки из доступных вариантов:
   - Курьерская доставка
   - Самовывоз из пункта выдачи
   - Почтовая доставка
7. Укажите адрес доставки, если выбрана доставка курьером или почтой.
8. Выберите способ оплаты:
   - Банковской картой онлайн
   - При получении
   - Оплата "Улыбкой" (специальная программа лояльности)
9. Нажмите кнопку "Оформить заказ".
10. Вам придет подтверждение о создании заказа на email и SMS., Превью: 1. Войдите в личный кабинет, используя логин и пароль.
2. Нажмите на кнопку "Создать новый заказ" в ...
2025-04-21 23:53:16,698 - INFO - Операция: Секция 4 из файла создание_заказа.txt
2025-04-21 23:53:16,698 - INFO - Детали: Раздел: - Минимальная сумма заказа - 500 рублей.
- Срок доставки зависит от выбранного способа и региона.
- После оформления заказа его состав изменить нельзя.
- Вы можете отменить заказ до его отправки в службу доставки., Превью: - Минимальная сумма заказа - 500 рублей.
- Срок доставки зависит от выбранного способа и региона.
- ...
2025-04-21 23:53:16,698 - INFO - Операция: Успешное чтение TXT
2025-04-21 23:53:16,699 - INFO - Детали: Извлечено 4 секций
2025-04-21 23:53:16,699 - INFO - Операция: Успешно прочитан файл: создание_заказа.txt
2025-04-21 23:53:16,699 - INFO - Детали: Извлечено 4 секций
2025-04-21 23:53:16,699 - INFO - Операция: Статистика обработки
2025-04-21 23:53:16,699 - INFO - Детали: Обработано файлов: 6, Всего секций: 60
2025-04-21 23:53:16,699 - INFO - Операция: Создание документов LangChain
2025-04-21 23:53:16,699 - INFO - Детали: Преобразование 60 секций
2025-04-21 23:53:16,699 - INFO - Операция: Создание векторного хранилища
2025-04-21 23:53:16,699 - INFO - Детали: Начало
2025-04-21 23:53:16,699 - INFO - Операция: Создание векторного хранилища
2025-04-21 23:53:16,700 - INFO - Детали: Обработка 60 документов
2025-04-21 23:53:35,769 - INFO - Loading faiss with AVX512 support.
2025-04-21 23:53:35,769 - INFO - Could not load library with AVX512 support due to:
ModuleNotFoundError("No module named 'faiss.swigfaiss_avx512'")
2025-04-21 23:53:35,769 - INFO - Loading faiss with AVX2 support.
2025-04-21 23:53:35,782 - INFO - Successfully loaded faiss with AVX2 support.
2025-04-21 23:53:35,785 - INFO - Failed to load GPU Faiss: name 'GpuIndexIVFFlat' is not defined. Will not load constructor refs for GPU indexes.
2025-04-21 23:53:35,789 - INFO - Операция: Векторное хранилище создано
2025-04-21 23:53:35,789 - INFO - Детали: Успешно
2025-04-21 23:53:35,789 - INFO - Операция: Создание цепочки QA
2025-04-21 23:53:35,789 - INFO - Детали: Начало
2025-04-21 23:53:35,789 - INFO - Операция: Создание агента
2025-04-21 23:53:35,789 - INFO - Детали: Начало
2025-04-21 23:53:35,791 - INFO - Операция: Инициализация завершена
2025-04-21 23:53:35,791 - INFO - Детали: Успешно
2025-04-21 23:53:35,796 - WARNING -  * Debugger is active!
2025-04-21 23:53:35,798 - INFO -  * Debugger PIN: 127-184-279
2025-04-21 23:54:35,455 - INFO - Load pretrained SentenceTransformer: sberbank-ai/sbert_large_nlu_ru
2025-04-21 23:54:39,045 - INFO - Операция: Начало чтения документов из директории: documents
2025-04-21 23:54:39,045 - INFO - Операция: Обработка файла
2025-04-21 23:54:39,045 - INFO - Детали: Тип файла: Документ Microsoft Word по заказу.docx
2025-04-21 23:54:39,046 - INFO - Операция: Чтение Word файла
2025-04-21 23:54:39,046 - INFO - Детали: Обработка файла: documents\Документ Microsoft Word по заказу.docx
2025-04-21 23:54:39,050 - INFO - Операция: Успешное чтение Word
2025-04-21 23:54:39,050 - INFO - Детали: Извлечено 2 секций
2025-04-21 23:54:39,050 - INFO - Операция: Секция 1 из файла Документ Microsoft Word по заказу.docx
2025-04-21 23:54:39,050 - INFO - Детали: Раздел: Заголовок документа, Превью: Название документа: Документ Microsoft Word по заказу


2025-04-21 23:54:39,051 - INFO - Операция: Секция 2 из файла Документ Microsoft Word по заказу.docx
2025-04-21 23:54:39,051 - INFO - Детали: Раздел: Основной текст, Превью: Чтобы создать заказ на доставку требуется использовать транзакцию me21n.
Чтобы изменить заказ на дос...
2025-04-21 23:54:39,051 - INFO - Операция: Успешно прочитан файл: Документ Microsoft Word по заказу.docx
2025-04-21 23:54:39,051 - INFO - Детали: Извлечено 2 секций
2025-04-21 23:54:39,051 - INFO - Операция: Обработка файла
2025-04-21 23:54:39,051 - INFO - Детали: Тип файла: Документ Microsoft Word.docx
2025-04-21 23:54:39,052 - INFO - Операция: Чтение Word файла
2025-04-21 23:54:39,052 - INFO - Детали: Обработка файла: documents\Документ Microsoft Word.docx
2025-04-21 23:54:39,053 - INFO - Операция: Успешное чтение Word
2025-04-21 23:54:39,054 - INFO - Детали: Извлечено 2 секций
2025-04-21 23:54:39,054 - INFO - Операция: Секция 1 из файла Документ Microsoft Word.docx
2025-04-21 23:54:39,054 - INFO - Детали: Раздел: Заголовок документа, Превью: Название документа: Документ Microsoft Word


2025-04-21 23:54:39,054 - INFO - Операция: Секция 2 из файла Документ Microsoft Word.docx
2025-04-21 23:54:39,054 - INFO - Детали: Раздел: Основной текст, Превью: Сколько лет я буду жить? Так долго, как пожелаешь….

Как научиться говорить? Ответ: Шёпотом!

Как со...
2025-04-21 23:54:39,054 - INFO - Операция: Успешно прочитан файл: Документ Microsoft Word.docx
2025-04-21 23:54:39,054 - INFO - Детали: Извлечено 2 секций
2025-04-21 23:54:39,054 - INFO - Операция: Обработка файла
2025-04-21 23:54:39,054 - INFO - Детали: Тип файла: Инструкция_по_сборке_LEGO.pdf
2025-04-21 23:54:39,054 - INFO - Операция: Чтение PDF файла
2025-04-21 23:54:39,055 - INFO - Детали: Обработка файла: documents\Инструкция_по_сборке_LEGO.pdf
2025-04-21 23:54:39,075 - INFO - Операция: Анализ PDF
2025-04-21 23:54:39,075 - INFO - Детали: Файл содержит 48 страниц
2025-04-21 23:54:39,928 - INFO - Операция: Успешное чтение PDF
2025-04-21 23:54:39,928 - INFO - Детали: Извлечено 47 секций
2025-04-21 23:54:39,928 - INFO - Операция: Успешно прочитан файл: Инструкция_по_сборке_LEGO.pdf
2025-04-21 23:54:39,928 - INFO - Детали: Извлечено 47 секций
2025-04-21 23:54:39,929 - INFO - Операция: Обработка файла
2025-04-21 23:54:39,929 - INFO - Детали: Тип файла: Лист Microsoft Excel.xlsx
2025-04-21 23:54:39,929 - INFO - Операция: Чтение Excel файла
2025-04-21 23:54:39,929 - INFO - Детали: Обработка файла: documents\Лист Microsoft Excel.xlsx
2025-04-21 23:54:40,038 - INFO - Операция: Успешное чтение Excel
2025-04-21 23:54:40,038 - INFO - Детали: Извлечено 1 секций
2025-04-21 23:54:40,038 - INFO - Операция: Успешно прочитан файл: Лист Microsoft Excel.xlsx
2025-04-21 23:54:40,038 - INFO - Детали: Извлечено 1 секций
2025-04-21 23:54:40,038 - INFO - Операция: Обработка файла
2025-04-21 23:54:40,038 - INFO - Детали: Тип файла: ММ САП.docx
2025-04-21 23:54:40,038 - INFO - Операция: Чтение Word файла
2025-04-21 23:54:40,038 - INFO - Детали: Обработка файла: documents\ММ САП.docx
2025-04-21 23:54:40,521 - INFO - Операция: Успешное чтение Word
2025-04-21 23:54:40,521 - INFO - Детали: Извлечено 4 секций
2025-04-21 23:54:40,522 - INFO - Операция: Секция 1 из файла ММ САП.docx
2025-04-21 23:54:40,522 - INFO - Детали: Раздел: Документ SAP MM, Превью: ДОКУМЕНТ SAP: ММ САП

Этот документ относится к системе SAP и модулю MM (Material Management). SAP M...
2025-04-21 23:54:40,522 - INFO - Операция: Секция 2 из файла ММ САП.docx
2025-04-21 23:54:40,522 - INFO - Детали: Раздел: Основной текст, Превью: SAP MM CONTENT: SAP MM - Краткое руководство

Предыдущая страница

Далее

SAP MM CONTENT: SAP MM - О...
2025-04-21 23:54:40,522 - INFO - Операция: Секция 3 из файла ММ САП.docx
2025-04-21 23:54:40,522 - INFO - Детали: Раздел: Таблица 1, Превью: SAP MM TABLE DATA:
Таблица 1:

Строка 1: Sr.No . | Закупочная Деятельность и Описание
Строка 2: 1 | ...
2025-04-21 23:54:40,522 - INFO - Операция: Секция 4 из файла ММ САП.docx
2025-04-21 23:54:40,522 - INFO - Детали: Раздел: Таблица 2, Превью: SAP MM TABLE DATA:
Таблица 2:

Строка 1: Sr.No . | T-Код и описание
Строка 2: 1 | ОКС15
Создать комп...
2025-04-21 23:54:40,523 - INFO - Операция: Успешно прочитан файл: ММ САП.docx
2025-04-21 23:54:40,523 - INFO - Детали: Извлечено 4 секций
2025-04-21 23:54:40,523 - INFO - Операция: Обработка файла
2025-04-21 23:54:40,523 - INFO - Детали: Тип файла: создание_заказа.txt
2025-04-21 23:54:40,523 - INFO - Операция: Чтение текстового файла: documents\создание_заказа.txt
2025-04-21 23:54:40,524 - INFO - Операция: Содержимое файла создание_заказа.txt
2025-04-21 23:54:40,524 - INFO - Детали: Размер: 1174 символов
2025-04-21 23:54:40,524 - INFO - Операция: Секция 1 из файла создание_заказа.txt
2025-04-21 23:54:40,524 - INFO - Детали: Раздел: Заголовок документа, Превью: Название документа: создание_заказа


2025-04-21 23:54:40,524 - INFO - Операция: Секция 2 из файла создание_заказа.txt
2025-04-21 23:54:40,524 - INFO - Детали: Раздел: # Инструкция по созданию заказа, Превью: # Инструкция по созданию заказа

## Шаги создания заказа в системе
2025-04-21 23:54:40,524 - INFO - Операция: Секция 3 из файла создание_заказа.txt
2025-04-21 23:54:40,525 - INFO - Детали: Раздел: 1. Войдите в личный кабинет, используя логин и пароль.
2. Нажмите на кнопку "Создать новый заказ" в верхнем меню.
3. Выберите товары из каталога, нажимая кнопку "Добавить в корзину".
4. После выбора всех товаров перейдите в корзину.
5. Проверьте состав заказа и общую сумму.
6. Выберите способ доставки из доступных вариантов:
   - Курьерская доставка
   - Самовывоз из пункта выдачи
   - Почтовая доставка
7. Укажите адрес доставки, если выбрана доставка курьером или почтой.
8. Выберите способ оплаты:
   - Банковской картой онлайн
   - При получении
   - Оплата "Улыбкой" (специальная программа лояльности)
9. Нажмите кнопку "Оформить заказ".
10. Вам придет подтверждение о создании заказа на email и SMS., Превью: 1. Войдите в личный кабинет, используя логин и пароль.
2. Нажмите на кнопку "Создать новый заказ" в ...
2025-04-21 23:54:40,525 - INFO - Операция: Секция 4 из файла создание_заказа.txt
2025-04-21 23:54:40,525 - INFO - Детали: Раздел: - Минимальная сумма заказа - 500 рублей.
- Срок доставки зависит от выбранного способа и региона.
- После оформления заказа его состав изменить нельзя.
- Вы можете отменить заказ до его отправки в службу доставки., Превью: - Минимальная сумма заказа - 500 рублей.
- Срок доставки зависит от выбранного способа и региона.
- ...
2025-04-21 23:54:40,525 - INFO - Операция: Успешное чтение TXT
2025-04-21 23:54:40,525 - INFO - Детали: Извлечено 4 секций
2025-04-21 23:54:40,525 - INFO - Операция: Успешно прочитан файл: создание_заказа.txt
2025-04-21 23:54:40,525 - INFO - Детали: Извлечено 4 секций
2025-04-21 23:54:40,525 - INFO - Операция: Статистика обработки
2025-04-21 23:54:40,526 - INFO - Детали: Обработано файлов: 6, Всего секций: 60
2025-04-21 23:54:40,526 - INFO - Операция: Создание документов LangChain
2025-04-21 23:54:40,526 - INFO - Детали: Преобразование 60 секций
2025-04-21 23:54:40,526 - INFO - Операция: Создание векторного хранилища
2025-04-21 23:54:40,526 - INFO - Детали: Начало
2025-04-21 23:54:40,526 - INFO - Операция: Создание векторного хранилища
2025-04-21 23:54:40,526 - INFO - Детали: Обработка 60 документов
2025-04-21 23:54:59,823 - INFO - Loading faiss with AVX512 support.
2025-04-21 23:54:59,823 - INFO - Could not load library with AVX512 support due to:
ModuleNotFoundError("No module named 'faiss.swigfaiss_avx512'")
2025-04-21 23:54:59,824 - INFO - Loading faiss with AVX2 support.
2025-04-21 23:54:59,835 - INFO - Successfully loaded faiss with AVX2 support.
2025-04-21 23:54:59,839 - INFO - Failed to load GPU Faiss: name 'GpuIndexIVFFlat' is not defined. Will not load constructor refs for GPU indexes.
2025-04-21 23:54:59,842 - INFO - Операция: Векторное хранилище создано
2025-04-21 23:54:59,842 - INFO - Детали: Успешно
2025-04-21 23:54:59,842 - INFO - Операция: Создание цепочки QA
2025-04-21 23:54:59,842 - INFO - Детали: Начало
2025-04-21 23:54:59,843 - INFO - Операция: Создание агента
2025-04-21 23:54:59,843 - INFO - Детали: Начало
2025-04-21 23:54:59,844 - INFO - Операция: Инициализация завершена
2025-04-21 23:54:59,845 - INFO - Детали: Успешно
2025-04-21 23:54:59,853 - INFO - [31m[1mWARNING: This is a development server. Do not use it in a production deployment. Use a production WSGI server instead.[0m
 * Running on all addresses (0.0.0.0)
 * Running on http://127.0.0.1:5000
 * Running on http://192.168.1.110:5000
2025-04-21 23:54:59,853 - INFO - [33mPress CTRL+C to quit[0m
2025-04-21 23:54:59,853 - INFO -  * Restarting with stat
2025-04-21 23:55:03,910 - INFO - Load pretrained SentenceTransformer: sberbank-ai/sbert_large_nlu_ru
2025-04-21 23:55:07,870 - INFO - Операция: Начало чтения документов из директории: documents
2025-04-21 23:55:07,871 - INFO - Операция: Обработка файла
2025-04-21 23:55:07,871 - INFO - Детали: Тип файла: Документ Microsoft Word по заказу.docx
2025-04-21 23:55:07,871 - INFO - Операция: Чтение Word файла
2025-04-21 23:55:07,871 - INFO - Детали: Обработка файла: documents\Документ Microsoft Word по заказу.docx
2025-04-21 23:55:07,875 - INFO - Операция: Успешное чтение Word
2025-04-21 23:55:07,875 - INFO - Детали: Извлечено 2 секций
2025-04-21 23:55:07,875 - INFO - Операция: Секция 1 из файла Документ Microsoft Word по заказу.docx
2025-04-21 23:55:07,876 - INFO - Детали: Раздел: Заголовок документа, Превью: Название документа: Документ Microsoft Word по заказу


2025-04-21 23:55:07,876 - INFO - Операция: Секция 2 из файла Документ Microsoft Word по заказу.docx
2025-04-21 23:55:07,876 - INFO - Детали: Раздел: Основной текст, Превью: Чтобы создать заказ на доставку требуется использовать транзакцию me21n.
Чтобы изменить заказ на дос...
2025-04-21 23:55:07,876 - INFO - Операция: Успешно прочитан файл: Документ Microsoft Word по заказу.docx
2025-04-21 23:55:07,876 - INFO - Детали: Извлечено 2 секций
2025-04-21 23:55:07,876 - INFO - Операция: Обработка файла
2025-04-21 23:55:07,876 - INFO - Детали: Тип файла: Документ Microsoft Word.docx
2025-04-21 23:55:07,876 - INFO - Операция: Чтение Word файла
2025-04-21 23:55:07,877 - INFO - Детали: Обработка файла: documents\Документ Microsoft Word.docx
2025-04-21 23:55:07,879 - INFO - Операция: Успешное чтение Word
2025-04-21 23:55:07,879 - INFO - Детали: Извлечено 2 секций
2025-04-21 23:55:07,879 - INFO - Операция: Секция 1 из файла Документ Microsoft Word.docx
2025-04-21 23:55:07,879 - INFO - Детали: Раздел: Заголовок документа, Превью: Название документа: Документ Microsoft Word


2025-04-21 23:55:07,879 - INFO - Операция: Секция 2 из файла Документ Microsoft Word.docx
2025-04-21 23:55:07,879 - INFO - Детали: Раздел: Основной текст, Превью: Сколько лет я буду жить? Так долго, как пожелаешь….

Как научиться говорить? Ответ: Шёпотом!

Как со...
2025-04-21 23:55:07,879 - INFO - Операция: Успешно прочитан файл: Документ Microsoft Word.docx
2025-04-21 23:55:07,879 - INFO - Детали: Извлечено 2 секций
2025-04-21 23:55:07,879 - INFO - Операция: Обработка файла
2025-04-21 23:55:07,880 - INFO - Детали: Тип файла: Инструкция_по_сборке_LEGO.pdf
2025-04-21 23:55:07,880 - INFO - Операция: Чтение PDF файла
2025-04-21 23:55:07,880 - INFO - Детали: Обработка файла: documents\Инструкция_по_сборке_LEGO.pdf
2025-04-21 23:55:07,899 - INFO - Операция: Анализ PDF
2025-04-21 23:55:07,899 - INFO - Детали: Файл содержит 48 страниц
2025-04-21 23:55:08,756 - INFO - Операция: Успешное чтение PDF
2025-04-21 23:55:08,756 - INFO - Детали: Извлечено 47 секций
2025-04-21 23:55:08,756 - INFO - Операция: Успешно прочитан файл: Инструкция_по_сборке_LEGO.pdf
2025-04-21 23:55:08,756 - INFO - Детали: Извлечено 47 секций
2025-04-21 23:55:08,756 - INFO - Операция: Обработка файла
2025-04-21 23:55:08,757 - INFO - Детали: Тип файла: Лист Microsoft Excel.xlsx
2025-04-21 23:55:08,757 - INFO - Операция: Чтение Excel файла
2025-04-21 23:55:08,757 - INFO - Детали: Обработка файла: documents\Лист Microsoft Excel.xlsx
2025-04-21 23:55:08,860 - INFO - Операция: Успешное чтение Excel
2025-04-21 23:55:08,861 - INFO - Детали: Извлечено 1 секций
2025-04-21 23:55:08,861 - INFO - Операция: Успешно прочитан файл: Лист Microsoft Excel.xlsx
2025-04-21 23:55:08,861 - INFO - Детали: Извлечено 1 секций
2025-04-21 23:55:08,861 - INFO - Операция: Обработка файла
2025-04-21 23:55:08,861 - INFO - Детали: Тип файла: ММ САП.docx
2025-04-21 23:55:08,861 - INFO - Операция: Чтение Word файла
2025-04-21 23:55:08,861 - INFO - Детали: Обработка файла: documents\ММ САП.docx
2025-04-21 23:55:09,307 - INFO - Операция: Успешное чтение Word
2025-04-21 23:55:09,307 - INFO - Детали: Извлечено 4 секций
2025-04-21 23:55:09,308 - INFO - Операция: Секция 1 из файла ММ САП.docx
2025-04-21 23:55:09,308 - INFO - Детали: Раздел: Документ SAP MM, Превью: ДОКУМЕНТ SAP: ММ САП

Этот документ относится к системе SAP и модулю MM (Material Management). SAP M...
2025-04-21 23:55:09,308 - INFO - Операция: Секция 2 из файла ММ САП.docx
2025-04-21 23:55:09,308 - INFO - Детали: Раздел: Основной текст, Превью: SAP MM CONTENT: SAP MM - Краткое руководство

Предыдущая страница

Далее

SAP MM CONTENT: SAP MM - О...
2025-04-21 23:55:09,308 - INFO - Операция: Секция 3 из файла ММ САП.docx
2025-04-21 23:55:09,309 - INFO - Детали: Раздел: Таблица 1, Превью: SAP MM TABLE DATA:
Таблица 1:

Строка 1: Sr.No . | Закупочная Деятельность и Описание
Строка 2: 1 | ...
2025-04-21 23:55:09,309 - INFO - Операция: Секция 4 из файла ММ САП.docx
2025-04-21 23:55:09,309 - INFO - Детали: Раздел: Таблица 2, Превью: SAP MM TABLE DATA:
Таблица 2:

Строка 1: Sr.No . | T-Код и описание
Строка 2: 1 | ОКС15
Создать комп...
2025-04-21 23:55:09,309 - INFO - Операция: Успешно прочитан файл: ММ САП.docx
2025-04-21 23:55:09,309 - INFO - Детали: Извлечено 4 секций
2025-04-21 23:55:09,309 - INFO - Операция: Обработка файла
2025-04-21 23:55:09,309 - INFO - Детали: Тип файла: создание_заказа.txt
2025-04-21 23:55:09,309 - INFO - Операция: Чтение текстового файла: documents\создание_заказа.txt
2025-04-21 23:55:09,310 - INFO - Операция: Содержимое файла создание_заказа.txt
2025-04-21 23:55:09,310 - INFO - Детали: Размер: 1174 символов
2025-04-21 23:55:09,310 - INFO - Операция: Секция 1 из файла создание_заказа.txt
2025-04-21 23:55:09,310 - INFO - Детали: Раздел: Заголовок документа, Превью: Название документа: создание_заказа


2025-04-21 23:55:09,310 - INFO - Операция: Секция 2 из файла создание_заказа.txt
2025-04-21 23:55:09,310 - INFO - Детали: Раздел: # Инструкция по созданию заказа, Превью: # Инструкция по созданию заказа

## Шаги создания заказа в системе
2025-04-21 23:55:09,310 - INFO - Операция: Секция 3 из файла создание_заказа.txt
2025-04-21 23:55:09,310 - INFO - Детали: Раздел: 1. Войдите в личный кабинет, используя логин и пароль.
2. Нажмите на кнопку "Создать новый заказ" в верхнем меню.
3. Выберите товары из каталога, нажимая кнопку "Добавить в корзину".
4. После выбора всех товаров перейдите в корзину.
5. Проверьте состав заказа и общую сумму.
6. Выберите способ доставки из доступных вариантов:
   - Курьерская доставка
   - Самовывоз из пункта выдачи
   - Почтовая доставка
7. Укажите адрес доставки, если выбрана доставка курьером или почтой.
8. Выберите способ оплаты:
   - Банковской картой онлайн
   - При получении
   - Оплата "Улыбкой" (специальная программа лояльности)
9. Нажмите кнопку "Оформить заказ".
10. Вам придет подтверждение о создании заказа на email и SMS., Превью: 1. Войдите в личный кабинет, используя логин и пароль.
2. Нажмите на кнопку "Создать новый заказ" в ...
2025-04-21 23:55:09,310 - INFO - Операция: Секция 4 из файла создание_заказа.txt
2025-04-21 23:55:09,311 - INFO - Детали: Раздел: - Минимальная сумма заказа - 500 рублей.
- Срок доставки зависит от выбранного способа и региона.
- После оформления заказа его состав изменить нельзя.
- Вы можете отменить заказ до его отправки в службу доставки., Превью: - Минимальная сумма заказа - 500 рублей.
- Срок доставки зависит от выбранного способа и региона.
- ...
2025-04-21 23:55:09,311 - INFO - Операция: Успешное чтение TXT
2025-04-21 23:55:09,311 - INFO - Детали: Извлечено 4 секций
2025-04-21 23:55:09,311 - INFO - Операция: Успешно прочитан файл: создание_заказа.txt
2025-04-21 23:55:09,311 - INFO - Детали: Извлечено 4 секций
2025-04-21 23:55:09,311 - INFO - Операция: Статистика обработки
2025-04-21 23:55:09,311 - INFO - Детали: Обработано файлов: 6, Всего секций: 60
2025-04-21 23:55:09,311 - INFO - Операция: Создание документов LangChain
2025-04-21 23:55:09,311 - INFO - Детали: Преобразование 60 секций
2025-04-21 23:55:09,311 - INFO - Операция: Создание векторного хранилища
2025-04-21 23:55:09,312 - INFO - Детали: Начало
2025-04-21 23:55:09,312 - INFO - Операция: Создание векторного хранилища
2025-04-21 23:55:09,312 - INFO - Детали: Обработка 60 документов
2025-04-21 23:55:28,520 - INFO - Loading faiss with AVX512 support.
2025-04-21 23:55:28,520 - INFO - Could not load library with AVX512 support due to:
ModuleNotFoundError("No module named 'faiss.swigfaiss_avx512'")
2025-04-21 23:55:28,520 - INFO - Loading faiss with AVX2 support.
2025-04-21 23:55:28,584 - INFO - Successfully loaded faiss with AVX2 support.
2025-04-21 23:55:28,588 - INFO - Failed to load GPU Faiss: name 'GpuIndexIVFFlat' is not defined. Will not load constructor refs for GPU indexes.
2025-04-21 23:55:28,590 - INFO - Операция: Векторное хранилище создано
2025-04-21 23:55:28,590 - INFO - Детали: Успешно
2025-04-21 23:55:28,590 - INFO - Операция: Создание цепочки QA
2025-04-21 23:55:28,590 - INFO - Детали: Начало
2025-04-21 23:55:28,591 - INFO - Операция: Создание агента
2025-04-21 23:55:28,591 - INFO - Детали: Начало
2025-04-21 23:55:28,592 - INFO - Операция: Инициализация завершена
2025-04-21 23:55:28,592 - INFO - Детали: Успешно
2025-04-21 23:55:28,597 - WARNING -  * Debugger is active!
2025-04-21 23:55:28,599 - INFO -  * Debugger PIN: 121-469-760
2025-04-21 23:56:30,533 - INFO -  * Detected change in 'C:\\Users\\NOVA\\OneDrive\\Рабочий стол\\AI-агент\\pet-project\\app.py', reloading
2025-04-21 23:56:30,636 - INFO -  * Detected change in 'c:\\Users\\NOVA\\OneDrive\\Рабочий стол\\AI-агент\\pet-project\\app.py', reloading
2025-04-21 23:56:31,234 - INFO -  * Restarting with stat
2025-04-21 23:56:31,355 - INFO -  * Restarting with stat
2025-04-21 23:56:35,327 - INFO - Load pretrained SentenceTransformer: sberbank-ai/sbert_large_nlu_ru
2025-04-21 23:56:35,443 - INFO - Load pretrained SentenceTransformer: sberbank-ai/sbert_large_nlu_ru
2025-04-21 23:56:38,857 - INFO - Операция: Начало чтения документов из директории: documents
2025-04-21 23:56:38,857 - INFO - Операция: Обработка файла
2025-04-21 23:56:38,857 - INFO - Детали: Тип файла: Документ Microsoft Word по заказу.docx
2025-04-21 23:56:38,858 - INFO - Операция: Чтение Word файла
2025-04-21 23:56:38,858 - INFO - Детали: Обработка файла: documents\Документ Microsoft Word по заказу.docx
2025-04-21 23:56:38,862 - INFO - Операция: Успешное чтение Word
2025-04-21 23:56:38,862 - INFO - Детали: Извлечено 2 секций
2025-04-21 23:56:38,862 - INFO - Операция: Секция 1 из файла Документ Microsoft Word по заказу.docx
2025-04-21 23:56:38,862 - INFO - Детали: Раздел: Заголовок документа, Превью: Название документа: Документ Microsoft Word по заказу


2025-04-21 23:56:38,863 - INFO - Операция: Секция 2 из файла Документ Microsoft Word по заказу.docx
2025-04-21 23:56:38,863 - INFO - Детали: Раздел: Основной текст, Превью: Чтобы создать заказ на доставку требуется использовать транзакцию me21n.
Чтобы изменить заказ на дос...
2025-04-21 23:56:38,863 - INFO - Операция: Успешно прочитан файл: Документ Microsoft Word по заказу.docx
2025-04-21 23:56:38,863 - INFO - Детали: Извлечено 2 секций
2025-04-21 23:56:38,863 - INFO - Операция: Обработка файла
2025-04-21 23:56:38,863 - INFO - Детали: Тип файла: Документ Microsoft Word.docx
2025-04-21 23:56:38,863 - INFO - Операция: Чтение Word файла
2025-04-21 23:56:38,863 - INFO - Детали: Обработка файла: documents\Документ Microsoft Word.docx
2025-04-21 23:56:38,865 - INFO - Операция: Успешное чтение Word
2025-04-21 23:56:38,865 - INFO - Детали: Извлечено 2 секций
2025-04-21 23:56:38,866 - INFO - Операция: Секция 1 из файла Документ Microsoft Word.docx
2025-04-21 23:56:38,866 - INFO - Детали: Раздел: Заголовок документа, Превью: Название документа: Документ Microsoft Word


2025-04-21 23:56:38,866 - INFO - Операция: Секция 2 из файла Документ Microsoft Word.docx
2025-04-21 23:56:38,866 - INFO - Детали: Раздел: Основной текст, Превью: Сколько лет я буду жить? Так долго, как пожелаешь….

Как научиться говорить? Ответ: Шёпотом!

Как со...
2025-04-21 23:56:38,866 - INFO - Операция: Успешно прочитан файл: Документ Microsoft Word.docx
2025-04-21 23:56:38,866 - INFO - Детали: Извлечено 2 секций
2025-04-21 23:56:38,866 - INFO - Операция: Обработка файла
2025-04-21 23:56:38,866 - INFO - Детали: Тип файла: Инструкция_по_сборке_LEGO.pdf
2025-04-21 23:56:38,866 - INFO - Операция: Чтение PDF файла
2025-04-21 23:56:38,867 - INFO - Детали: Обработка файла: documents\Инструкция_по_сборке_LEGO.pdf
2025-04-21 23:56:38,886 - INFO - Операция: Анализ PDF
2025-04-21 23:56:38,886 - INFO - Детали: Файл содержит 48 страниц
2025-04-21 23:56:38,955 - INFO - Операция: Начало чтения документов из директории: documents
2025-04-21 23:56:38,955 - INFO - Операция: Обработка файла
2025-04-21 23:56:38,955 - INFO - Детали: Тип файла: Документ Microsoft Word по заказу.docx
2025-04-21 23:56:38,956 - INFO - Операция: Чтение Word файла
2025-04-21 23:56:38,956 - INFO - Детали: Обработка файла: documents\Документ Microsoft Word по заказу.docx
2025-04-21 23:56:38,960 - INFO - Операция: Успешное чтение Word
2025-04-21 23:56:38,960 - INFO - Детали: Извлечено 2 секций
2025-04-21 23:56:38,960 - INFO - Операция: Секция 1 из файла Документ Microsoft Word по заказу.docx
2025-04-21 23:56:38,960 - INFO - Детали: Раздел: Заголовок документа, Превью: Название документа: Документ Microsoft Word по заказу


2025-04-21 23:56:38,960 - INFO - Операция: Секция 2 из файла Документ Microsoft Word по заказу.docx
2025-04-21 23:56:38,960 - INFO - Детали: Раздел: Основной текст, Превью: Чтобы создать заказ на доставку требуется использовать транзакцию me21n.
Чтобы изменить заказ на дос...
2025-04-21 23:56:38,960 - INFO - Операция: Успешно прочитан файл: Документ Microsoft Word по заказу.docx
2025-04-21 23:56:38,961 - INFO - Детали: Извлечено 2 секций
2025-04-21 23:56:38,961 - INFO - Операция: Обработка файла
2025-04-21 23:56:38,961 - INFO - Детали: Тип файла: Документ Microsoft Word.docx
2025-04-21 23:56:38,961 - INFO - Операция: Чтение Word файла
2025-04-21 23:56:38,961 - INFO - Детали: Обработка файла: documents\Документ Microsoft Word.docx
2025-04-21 23:56:38,963 - INFO - Операция: Успешное чтение Word
2025-04-21 23:56:38,963 - INFO - Детали: Извлечено 2 секций
2025-04-21 23:56:38,963 - INFO - Операция: Секция 1 из файла Документ Microsoft Word.docx
2025-04-21 23:56:38,963 - INFO - Детали: Раздел: Заголовок документа, Превью: Название документа: Документ Microsoft Word


2025-04-21 23:56:38,963 - INFO - Операция: Секция 2 из файла Документ Microsoft Word.docx
2025-04-21 23:56:38,963 - INFO - Детали: Раздел: Основной текст, Превью: Сколько лет я буду жить? Так долго, как пожелаешь….

Как научиться говорить? Ответ: Шёпотом!

Как со...
2025-04-21 23:56:38,963 - INFO - Операция: Успешно прочитан файл: Документ Microsoft Word.docx
2025-04-21 23:56:38,963 - INFO - Детали: Извлечено 2 секций
2025-04-21 23:56:38,964 - INFO - Операция: Обработка файла
2025-04-21 23:56:38,964 - INFO - Детали: Тип файла: Инструкция_по_сборке_LEGO.pdf
2025-04-21 23:56:38,964 - INFO - Операция: Чтение PDF файла
2025-04-21 23:56:38,964 - INFO - Детали: Обработка файла: documents\Инструкция_по_сборке_LEGO.pdf
2025-04-21 23:56:38,984 - INFO - Операция: Анализ PDF
2025-04-21 23:56:38,984 - INFO - Детали: Файл содержит 48 страниц
2025-04-21 23:56:39,784 - INFO - Операция: Успешное чтение PDF
2025-04-21 23:56:39,784 - INFO - Детали: Извлечено 47 секций
2025-04-21 23:56:39,784 - INFO - Операция: Успешно прочитан файл: Инструкция_по_сборке_LEGO.pdf
2025-04-21 23:56:39,784 - INFO - Детали: Извлечено 47 секций
2025-04-21 23:56:39,784 - INFO - Операция: Обработка файла
2025-04-21 23:56:39,784 - INFO - Детали: Тип файла: Лист Microsoft Excel.xlsx
2025-04-21 23:56:39,785 - INFO - Операция: Чтение Excel файла
2025-04-21 23:56:39,785 - INFO - Детали: Обработка файла: documents\Лист Microsoft Excel.xlsx
2025-04-21 23:56:39,881 - INFO - Операция: Успешное чтение PDF
2025-04-21 23:56:39,881 - INFO - Детали: Извлечено 47 секций
2025-04-21 23:56:39,881 - INFO - Операция: Успешно прочитан файл: Инструкция_по_сборке_LEGO.pdf
2025-04-21 23:56:39,882 - INFO - Детали: Извлечено 47 секций
2025-04-21 23:56:39,882 - INFO - Операция: Обработка файла
2025-04-21 23:56:39,882 - INFO - Детали: Тип файла: Лист Microsoft Excel.xlsx
2025-04-21 23:56:39,882 - INFO - Операция: Чтение Excel файла
2025-04-21 23:56:39,882 - INFO - Детали: Обработка файла: documents\Лист Microsoft Excel.xlsx
2025-04-21 23:56:39,887 - INFO - Операция: Успешное чтение Excel
2025-04-21 23:56:39,887 - INFO - Детали: Извлечено 1 секций
2025-04-21 23:56:39,887 - INFO - Операция: Успешно прочитан файл: Лист Microsoft Excel.xlsx
2025-04-21 23:56:39,887 - INFO - Детали: Извлечено 1 секций
2025-04-21 23:56:39,888 - INFO - Операция: Обработка файла
2025-04-21 23:56:39,888 - INFO - Детали: Тип файла: ММ САП.docx
2025-04-21 23:56:39,888 - INFO - Операция: Чтение Word файла
2025-04-21 23:56:39,888 - INFO - Детали: Обработка файла: documents\ММ САП.docx
2025-04-21 23:56:39,986 - INFO - Операция: Успешное чтение Excel
2025-04-21 23:56:39,986 - INFO - Детали: Извлечено 1 секций
2025-04-21 23:56:39,986 - INFO - Операция: Успешно прочитан файл: Лист Microsoft Excel.xlsx
2025-04-21 23:56:39,986 - INFO - Детали: Извлечено 1 секций
2025-04-21 23:56:39,986 - INFO - Операция: Обработка файла
2025-04-21 23:56:39,986 - INFO - Детали: Тип файла: ММ САП.docx
2025-04-21 23:56:39,987 - INFO - Операция: Чтение Word файла
2025-04-21 23:56:39,987 - INFO - Детали: Обработка файла: documents\ММ САП.docx
2025-04-21 23:56:40,335 - INFO - Операция: Успешное чтение Word
2025-04-21 23:56:40,336 - INFO - Детали: Извлечено 4 секций
2025-04-21 23:56:40,336 - INFO - Операция: Секция 1 из файла ММ САП.docx
2025-04-21 23:56:40,336 - INFO - Детали: Раздел: Документ SAP MM, Превью: ДОКУМЕНТ SAP: ММ САП

Этот документ относится к системе SAP и модулю MM (Material Management). SAP M...
2025-04-21 23:56:40,336 - INFO - Операция: Секция 2 из файла ММ САП.docx
2025-04-21 23:56:40,336 - INFO - Детали: Раздел: Основной текст, Превью: SAP MM CONTENT: SAP MM - Краткое руководство

Предыдущая страница

Далее

SAP MM CONTENT: SAP MM - О...
2025-04-21 23:56:40,336 - INFO - Операция: Секция 3 из файла ММ САП.docx
2025-04-21 23:56:40,336 - INFO - Детали: Раздел: Таблица 1, Превью: SAP MM TABLE DATA:
Таблица 1:

Строка 1: Sr.No . | Закупочная Деятельность и Описание
Строка 2: 1 | ...
2025-04-21 23:56:40,337 - INFO - Операция: Секция 4 из файла ММ САП.docx
2025-04-21 23:56:40,337 - INFO - Детали: Раздел: Таблица 2, Превью: SAP MM TABLE DATA:
Таблица 2:

Строка 1: Sr.No . | T-Код и описание
Строка 2: 1 | ОКС15
Создать комп...
2025-04-21 23:56:40,337 - INFO - Операция: Успешно прочитан файл: ММ САП.docx
2025-04-21 23:56:40,337 - INFO - Детали: Извлечено 4 секций
2025-04-21 23:56:40,337 - INFO - Операция: Обработка файла
2025-04-21 23:56:40,337 - INFO - Детали: Тип файла: создание_заказа.txt
2025-04-21 23:56:40,337 - INFO - Операция: Чтение текстового файла: documents\создание_заказа.txt
2025-04-21 23:56:40,338 - INFO - Операция: Содержимое файла создание_заказа.txt
2025-04-21 23:56:40,338 - INFO - Детали: Размер: 1174 символов
2025-04-21 23:56:40,338 - INFO - Операция: Секция 1 из файла создание_заказа.txt
2025-04-21 23:56:40,338 - INFO - Детали: Раздел: Заголовок документа, Превью: Название документа: создание_заказа


2025-04-21 23:56:40,338 - INFO - Операция: Секция 2 из файла создание_заказа.txt
2025-04-21 23:56:40,338 - INFO - Детали: Раздел: # Инструкция по созданию заказа, Превью: # Инструкция по созданию заказа

## Шаги создания заказа в системе
2025-04-21 23:56:40,338 - INFO - Операция: Секция 3 из файла создание_заказа.txt
2025-04-21 23:56:40,338 - INFO - Детали: Раздел: 1. Войдите в личный кабинет, используя логин и пароль.
2. Нажмите на кнопку "Создать новый заказ" в верхнем меню.
3. Выберите товары из каталога, нажимая кнопку "Добавить в корзину".
4. После выбора всех товаров перейдите в корзину.
5. Проверьте состав заказа и общую сумму.
6. Выберите способ доставки из доступных вариантов:
   - Курьерская доставка
   - Самовывоз из пункта выдачи
   - Почтовая доставка
7. Укажите адрес доставки, если выбрана доставка курьером или почтой.
8. Выберите способ оплаты:
   - Банковской картой онлайн
   - При получении
   - Оплата "Улыбкой" (специальная программа лояльности)
9. Нажмите кнопку "Оформить заказ".
10. Вам придет подтверждение о создании заказа на email и SMS., Превью: 1. Войдите в личный кабинет, используя логин и пароль.
2. Нажмите на кнопку "Создать новый заказ" в ...
2025-04-21 23:56:40,339 - INFO - Операция: Секция 4 из файла создание_заказа.txt
2025-04-21 23:56:40,339 - INFO - Детали: Раздел: - Минимальная сумма заказа - 500 рублей.
- Срок доставки зависит от выбранного способа и региона.
- После оформления заказа его состав изменить нельзя.
- Вы можете отменить заказ до его отправки в службу доставки., Превью: - Минимальная сумма заказа - 500 рублей.
- Срок доставки зависит от выбранного способа и региона.
- ...
2025-04-21 23:56:40,339 - INFO - Операция: Успешное чтение TXT
2025-04-21 23:56:40,339 - INFO - Детали: Извлечено 4 секций
2025-04-21 23:56:40,339 - INFO - Операция: Успешно прочитан файл: создание_заказа.txt
2025-04-21 23:56:40,339 - INFO - Детали: Извлечено 4 секций
2025-04-21 23:56:40,339 - INFO - Операция: Статистика обработки
2025-04-21 23:56:40,339 - INFO - Детали: Обработано файлов: 6, Всего секций: 60
2025-04-21 23:56:40,339 - INFO - Операция: Создание документов LangChain
2025-04-21 23:56:40,339 - INFO - Детали: Преобразование 60 секций
2025-04-21 23:56:40,339 - INFO - Операция: Создание векторного хранилища
2025-04-21 23:56:40,340 - INFO - Детали: Начало
2025-04-21 23:56:40,340 - INFO - Операция: Создание векторного хранилища
2025-04-21 23:56:40,340 - INFO - Детали: Обработка 60 документов
2025-04-21 23:56:40,477 - INFO - Операция: Успешное чтение Word
2025-04-21 23:56:40,477 - INFO - Детали: Извлечено 4 секций
2025-04-21 23:56:40,477 - INFO - Операция: Секция 1 из файла ММ САП.docx
2025-04-21 23:56:40,477 - INFO - Детали: Раздел: Документ SAP MM, Превью: ДОКУМЕНТ SAP: ММ САП

Этот документ относится к системе SAP и модулю MM (Material Management). SAP M...
2025-04-21 23:56:40,477 - INFO - Операция: Секция 2 из файла ММ САП.docx
2025-04-21 23:56:40,478 - INFO - Детали: Раздел: Основной текст, Превью: SAP MM CONTENT: SAP MM - Краткое руководство

Предыдущая страница

Далее

SAP MM CONTENT: SAP MM - О...
2025-04-21 23:56:40,478 - INFO - Операция: Секция 3 из файла ММ САП.docx
2025-04-21 23:56:40,478 - INFO - Детали: Раздел: Таблица 1, Превью: SAP MM TABLE DATA:
Таблица 1:

Строка 1: Sr.No . | Закупочная Деятельность и Описание
Строка 2: 1 | ...
2025-04-21 23:56:40,478 - INFO - Операция: Секция 4 из файла ММ САП.docx
2025-04-21 23:56:40,478 - INFO - Детали: Раздел: Таблица 2, Превью: SAP MM TABLE DATA:
Таблица 2:

Строка 1: Sr.No . | T-Код и описание
Строка 2: 1 | ОКС15
Создать комп...
2025-04-21 23:56:40,478 - INFO - Операция: Успешно прочитан файл: ММ САП.docx
2025-04-21 23:56:40,478 - INFO - Детали: Извлечено 4 секций
2025-04-21 23:56:40,478 - INFO - Операция: Обработка файла
2025-04-21 23:56:40,479 - INFO - Детали: Тип файла: создание_заказа.txt
2025-04-21 23:56:40,479 - INFO - Операция: Чтение текстового файла: documents\создание_заказа.txt
2025-04-21 23:56:40,479 - INFO - Операция: Содержимое файла создание_заказа.txt
2025-04-21 23:56:40,479 - INFO - Детали: Размер: 1174 символов
2025-04-21 23:56:40,479 - INFO - Операция: Секция 1 из файла создание_заказа.txt
2025-04-21 23:56:40,480 - INFO - Детали: Раздел: Заголовок документа, Превью: Название документа: создание_заказа


2025-04-21 23:56:40,480 - INFO - Операция: Секция 2 из файла создание_заказа.txt
2025-04-21 23:56:40,480 - INFO - Детали: Раздел: # Инструкция по созданию заказа, Превью: # Инструкция по созданию заказа

## Шаги создания заказа в системе
2025-04-21 23:56:40,480 - INFO - Операция: Секция 3 из файла создание_заказа.txt
2025-04-21 23:56:40,480 - INFO - Детали: Раздел: 1. Войдите в личный кабинет, используя логин и пароль.
2. Нажмите на кнопку "Создать новый заказ" в верхнем меню.
3. Выберите товары из каталога, нажимая кнопку "Добавить в корзину".
4. После выбора всех товаров перейдите в корзину.
5. Проверьте состав заказа и общую сумму.
6. Выберите способ доставки из доступных вариантов:
   - Курьерская доставка
   - Самовывоз из пункта выдачи
   - Почтовая доставка
7. Укажите адрес доставки, если выбрана доставка курьером или почтой.
8. Выберите способ оплаты:
   - Банковской картой онлайн
   - При получении
   - Оплата "Улыбкой" (специальная программа лояльности)
9. Нажмите кнопку "Оформить заказ".
10. Вам придет подтверждение о создании заказа на email и SMS., Превью: 1. Войдите в личный кабинет, используя логин и пароль.
2. Нажмите на кнопку "Создать новый заказ" в ...
2025-04-21 23:56:40,480 - INFO - Операция: Секция 4 из файла создание_заказа.txt
2025-04-21 23:56:40,480 - INFO - Детали: Раздел: - Минимальная сумма заказа - 500 рублей.
- Срок доставки зависит от выбранного способа и региона.
- После оформления заказа его состав изменить нельзя.
- Вы можете отменить заказ до его отправки в службу доставки., Превью: - Минимальная сумма заказа - 500 рублей.
- Срок доставки зависит от выбранного способа и региона.
- ...
2025-04-21 23:56:40,480 - INFO - Операция: Успешное чтение TXT
2025-04-21 23:56:40,481 - INFO - Детали: Извлечено 4 секций
2025-04-21 23:56:40,481 - INFO - Операция: Успешно прочитан файл: создание_заказа.txt
2025-04-21 23:56:40,481 - INFO - Детали: Извлечено 4 секций
2025-04-21 23:56:40,481 - INFO - Операция: Статистика обработки
2025-04-21 23:56:40,481 - INFO - Детали: Обработано файлов: 6, Всего секций: 60
2025-04-21 23:56:40,481 - INFO - Операция: Создание документов LangChain
2025-04-21 23:56:40,481 - INFO - Детали: Преобразование 60 секций
2025-04-21 23:56:40,481 - INFO - Операция: Создание векторного хранилища
2025-04-21 23:56:40,482 - INFO - Детали: Начало
2025-04-21 23:56:40,482 - INFO - Операция: Создание векторного хранилища
2025-04-21 23:56:40,482 - INFO - Детали: Обработка 60 документов
2025-04-21 23:57:10,894 - INFO - Loading faiss with AVX512 support.
2025-04-21 23:57:10,894 - INFO - Could not load library with AVX512 support due to:
ModuleNotFoundError("No module named 'faiss.swigfaiss_avx512'")
2025-04-21 23:57:10,895 - INFO - Loading faiss with AVX2 support.
2025-04-21 23:57:10,935 - INFO - Successfully loaded faiss with AVX2 support.
2025-04-21 23:57:10,940 - INFO - Failed to load GPU Faiss: name 'GpuIndexIVFFlat' is not defined. Will not load constructor refs for GPU indexes.
2025-04-21 23:57:10,944 - INFO - Операция: Векторное хранилище создано
2025-04-21 23:57:10,944 - INFO - Детали: Успешно
2025-04-21 23:57:10,945 - INFO - Операция: Создание цепочки QA
2025-04-21 23:57:10,945 - INFO - Детали: Начало
2025-04-21 23:57:10,945 - INFO - Операция: Создание агента
2025-04-21 23:57:10,945 - INFO - Детали: Начало
2025-04-21 23:57:10,947 - INFO - Операция: Инициализация завершена
2025-04-21 23:57:10,947 - INFO - Детали: Успешно
2025-04-21 23:57:10,956 - WARNING -  * Debugger is active!
2025-04-21 23:57:10,958 - INFO -  * Debugger PIN: 127-184-279
2025-04-21 23:57:10,987 - INFO - Loading faiss with AVX512 support.
2025-04-21 23:57:10,987 - INFO - Could not load library with AVX512 support due to:
ModuleNotFoundError("No module named 'faiss.swigfaiss_avx512'")
2025-04-21 23:57:10,987 - INFO - Loading faiss with AVX2 support.
2025-04-21 23:57:11,088 - INFO - Successfully loaded faiss with AVX2 support.
2025-04-21 23:57:11,092 - INFO - Failed to load GPU Faiss: name 'GpuIndexIVFFlat' is not defined. Will not load constructor refs for GPU indexes.
2025-04-21 23:57:11,095 - INFO - Операция: Векторное хранилище создано
2025-04-21 23:57:11,095 - INFO - Детали: Успешно
2025-04-21 23:57:11,095 - INFO - Операция: Создание цепочки QA
2025-04-21 23:57:11,095 - INFO - Детали: Начало
2025-04-21 23:57:11,096 - INFO - Операция: Создание агента
2025-04-21 23:57:11,096 - INFO - Детали: Начало
2025-04-21 23:57:11,097 - INFO - Операция: Инициализация завершена
2025-04-21 23:57:11,098 - INFO - Детали: Успешно
2025-04-21 23:57:11,102 - WARNING -  * Debugger is active!
2025-04-21 23:57:11,104 - INFO -  * Debugger PIN: 121-469-760
2025-04-21 23:59:06,121 - INFO - Load pretrained SentenceTransformer: sberbank-ai/sbert_large_nlu_ru
2025-04-21 23:59:09,383 - INFO - Операция: Начало чтения документов из директории: documents
2025-04-21 23:59:09,383 - INFO - Операция: Обработка файла
2025-04-21 23:59:09,383 - INFO - Детали: Тип файла: Документ Microsoft Word по заказу.docx
2025-04-21 23:59:09,383 - INFO - Операция: Чтение Word файла
2025-04-21 23:59:09,383 - INFO - Детали: Обработка файла: documents\Документ Microsoft Word по заказу.docx
2025-04-21 23:59:09,387 - INFO - Операция: Успешное чтение Word
2025-04-21 23:59:09,387 - INFO - Детали: Извлечено 2 секций
2025-04-21 23:59:09,387 - INFO - Операция: Секция 1 из файла Документ Microsoft Word по заказу.docx
2025-04-21 23:59:09,387 - INFO - Детали: Раздел: Заголовок документа, Превью: Название документа: Документ Microsoft Word по заказу


2025-04-21 23:59:09,387 - INFO - Операция: Секция 2 из файла Документ Microsoft Word по заказу.docx
2025-04-21 23:59:09,388 - INFO - Детали: Раздел: Основной текст, Превью: Чтобы создать заказ на доставку требуется использовать транзакцию me21n.
Чтобы изменить заказ на дос...
2025-04-21 23:59:09,388 - INFO - Операция: Успешно прочитан файл: Документ Microsoft Word по заказу.docx
2025-04-21 23:59:09,388 - INFO - Детали: Извлечено 2 секций
2025-04-21 23:59:09,388 - INFO - Операция: Обработка файла
2025-04-21 23:59:09,388 - INFO - Детали: Тип файла: Документ Microsoft Word.docx
2025-04-21 23:59:09,388 - INFO - Операция: Чтение Word файла
2025-04-21 23:59:09,388 - INFO - Детали: Обработка файла: documents\Документ Microsoft Word.docx
2025-04-21 23:59:09,390 - INFO - Операция: Успешное чтение Word
2025-04-21 23:59:09,390 - INFO - Детали: Извлечено 2 секций
2025-04-21 23:59:09,390 - INFO - Операция: Секция 1 из файла Документ Microsoft Word.docx
2025-04-21 23:59:09,391 - INFO - Детали: Раздел: Заголовок документа, Превью: Название документа: Документ Microsoft Word


2025-04-21 23:59:09,391 - INFO - Операция: Секция 2 из файла Документ Microsoft Word.docx
2025-04-21 23:59:09,391 - INFO - Детали: Раздел: Основной текст, Превью: Сколько лет я буду жить? Так долго, как пожелаешь….

Как научиться говорить? Ответ: Шёпотом!

Как со...
2025-04-21 23:59:09,391 - INFO - Операция: Успешно прочитан файл: Документ Microsoft Word.docx
2025-04-21 23:59:09,391 - INFO - Детали: Извлечено 2 секций
2025-04-21 23:59:09,391 - INFO - Операция: Обработка файла
2025-04-21 23:59:09,391 - INFO - Детали: Тип файла: Инструкция_по_сборке_LEGO.pdf
2025-04-21 23:59:09,391 - INFO - Операция: Чтение PDF файла
2025-04-21 23:59:09,391 - INFO - Детали: Обработка файла: documents\Инструкция_по_сборке_LEGO.pdf
2025-04-21 23:59:09,411 - INFO - Операция: Анализ PDF
2025-04-21 23:59:09,411 - INFO - Детали: Файл содержит 48 страниц
2025-04-21 23:59:10,250 - INFO - Операция: Успешное чтение PDF
2025-04-21 23:59:10,251 - INFO - Детали: Извлечено 47 секций
2025-04-21 23:59:10,251 - INFO - Операция: Успешно прочитан файл: Инструкция_по_сборке_LEGO.pdf
2025-04-21 23:59:10,251 - INFO - Детали: Извлечено 47 секций
2025-04-21 23:59:10,251 - INFO - Операция: Обработка файла
2025-04-21 23:59:10,251 - INFO - Детали: Тип файла: Лист Microsoft Excel.xlsx
2025-04-21 23:59:10,251 - INFO - Операция: Чтение Excel файла
2025-04-21 23:59:10,251 - INFO - Детали: Обработка файла: documents\Лист Microsoft Excel.xlsx
2025-04-21 23:59:10,354 - INFO - Операция: Успешное чтение Excel
2025-04-21 23:59:10,354 - INFO - Детали: Извлечено 1 секций
2025-04-21 23:59:10,354 - INFO - Операция: Успешно прочитан файл: Лист Microsoft Excel.xlsx
2025-04-21 23:59:10,354 - INFO - Детали: Извлечено 1 секций
2025-04-21 23:59:10,355 - INFO - Операция: Обработка файла
2025-04-21 23:59:10,355 - INFO - Детали: Тип файла: ММ САП.docx
2025-04-21 23:59:10,355 - INFO - Операция: Чтение Word файла
2025-04-21 23:59:10,355 - INFO - Детали: Обработка файла: documents\ММ САП.docx
2025-04-21 23:59:10,789 - INFO - Операция: Успешное чтение Word
2025-04-21 23:59:10,790 - INFO - Детали: Извлечено 4 секций
2025-04-21 23:59:10,790 - INFO - Операция: Секция 1 из файла ММ САП.docx
2025-04-21 23:59:10,790 - INFO - Детали: Раздел: Документ SAP MM, Превью: ДОКУМЕНТ SAP: ММ САП

Этот документ относится к системе SAP и модулю MM (Material Management). SAP M...
2025-04-21 23:59:10,790 - INFO - Операция: Секция 2 из файла ММ САП.docx
2025-04-21 23:59:10,790 - INFO - Детали: Раздел: Основной текст, Превью: SAP MM CONTENT: SAP MM - Краткое руководство

Предыдущая страница

Далее

SAP MM CONTENT: SAP MM - О...
2025-04-21 23:59:10,790 - INFO - Операция: Секция 3 из файла ММ САП.docx
2025-04-21 23:59:10,790 - INFO - Детали: Раздел: Таблица 1, Превью: SAP MM TABLE DATA:
Таблица 1:

Строка 1: Sr.No . | Закупочная Деятельность и Описание
Строка 2: 1 | ...
2025-04-21 23:59:10,791 - INFO - Операция: Секция 4 из файла ММ САП.docx
2025-04-21 23:59:10,791 - INFO - Детали: Раздел: Таблица 2, Превью: SAP MM TABLE DATA:
Таблица 2:

Строка 1: Sr.No . | T-Код и описание
Строка 2: 1 | ОКС15
Создать комп...
2025-04-21 23:59:10,791 - INFO - Операция: Успешно прочитан файл: ММ САП.docx
2025-04-21 23:59:10,791 - INFO - Детали: Извлечено 4 секций
2025-04-21 23:59:10,791 - INFO - Операция: Обработка файла
2025-04-21 23:59:10,791 - INFO - Детали: Тип файла: создание_заказа.txt
2025-04-21 23:59:10,791 - INFO - Операция: Чтение текстового файла: documents\создание_заказа.txt
2025-04-21 23:59:10,791 - INFO - Операция: Содержимое файла создание_заказа.txt
2025-04-21 23:59:10,792 - INFO - Детали: Размер: 1174 символов
2025-04-21 23:59:10,792 - INFO - Операция: Секция 1 из файла создание_заказа.txt
2025-04-21 23:59:10,792 - INFO - Детали: Раздел: Заголовок документа, Превью: Название документа: создание_заказа


2025-04-21 23:59:10,792 - INFO - Операция: Секция 2 из файла создание_заказа.txt
2025-04-21 23:59:10,792 - INFO - Детали: Раздел: # Инструкция по созданию заказа, Превью: # Инструкция по созданию заказа

## Шаги создания заказа в системе
2025-04-21 23:59:10,792 - INFO - Операция: Секция 3 из файла создание_заказа.txt
2025-04-21 23:59:10,792 - INFO - Детали: Раздел: 1. Войдите в личный кабинет, используя логин и пароль.
2. Нажмите на кнопку "Создать новый заказ" в верхнем меню.
3. Выберите товары из каталога, нажимая кнопку "Добавить в корзину".
4. После выбора всех товаров перейдите в корзину.
5. Проверьте состав заказа и общую сумму.
6. Выберите способ доставки из доступных вариантов:
   - Курьерская доставка
   - Самовывоз из пункта выдачи
   - Почтовая доставка
7. Укажите адрес доставки, если выбрана доставка курьером или почтой.
8. Выберите способ оплаты:
   - Банковской картой онлайн
   - При получении
   - Оплата "Улыбкой" (специальная программа лояльности)
9. Нажмите кнопку "Оформить заказ".
10. Вам придет подтверждение о создании заказа на email и SMS., Превью: 1. Войдите в личный кабинет, используя логин и пароль.
2. Нажмите на кнопку "Создать новый заказ" в ...
2025-04-21 23:59:10,793 - INFO - Операция: Секция 4 из файла создание_заказа.txt
2025-04-21 23:59:10,793 - INFO - Детали: Раздел: - Минимальная сумма заказа - 500 рублей.
- Срок доставки зависит от выбранного способа и региона.
- После оформления заказа его состав изменить нельзя.
- Вы можете отменить заказ до его отправки в службу доставки., Превью: - Минимальная сумма заказа - 500 рублей.
- Срок доставки зависит от выбранного способа и региона.
- ...
2025-04-21 23:59:10,793 - INFO - Операция: Успешное чтение TXT
2025-04-21 23:59:10,793 - INFO - Детали: Извлечено 4 секций
2025-04-21 23:59:10,793 - INFO - Операция: Успешно прочитан файл: создание_заказа.txt
2025-04-21 23:59:10,793 - INFO - Детали: Извлечено 4 секций
2025-04-21 23:59:10,793 - INFO - Операция: Статистика обработки
2025-04-21 23:59:10,793 - INFO - Детали: Обработано файлов: 6, Всего секций: 60
2025-04-21 23:59:10,793 - INFO - Операция: Создание документов LangChain
2025-04-21 23:59:10,793 - INFO - Детали: Преобразование 60 секций
2025-04-21 23:59:10,794 - INFO - Операция: Создание векторного хранилища
2025-04-21 23:59:10,794 - INFO - Детали: Начало
2025-04-21 23:59:10,794 - INFO - Операция: Создание векторного хранилища
2025-04-21 23:59:10,794 - INFO - Детали: Обработка 60 документов
2025-04-21 23:59:28,912 - INFO - Loading faiss with AVX512 support.
2025-04-21 23:59:28,912 - INFO - Could not load library with AVX512 support due to:
ModuleNotFoundError("No module named 'faiss.swigfaiss_avx512'")
2025-04-21 23:59:28,912 - INFO - Loading faiss with AVX2 support.
2025-04-21 23:59:28,923 - INFO - Successfully loaded faiss with AVX2 support.
2025-04-21 23:59:28,927 - INFO - Failed to load GPU Faiss: name 'GpuIndexIVFFlat' is not defined. Will not load constructor refs for GPU indexes.
2025-04-21 23:59:28,930 - INFO - Операция: Векторное хранилище создано
2025-04-21 23:59:28,930 - INFO - Детали: Успешно
2025-04-21 23:59:28,930 - INFO - Операция: Создание цепочки QA
2025-04-21 23:59:28,930 - INFO - Детали: Начало
2025-04-21 23:59:28,931 - INFO - Операция: Создание агента
2025-04-21 23:59:28,931 - INFO - Детали: Начало
2025-04-21 23:59:28,933 - INFO - Операция: Инициализация завершена
2025-04-21 23:59:28,933 - INFO - Детали: Успешно
2025-04-21 23:59:28,941 - INFO - [31m[1mWARNING: This is a development server. Do not use it in a production deployment. Use a production WSGI server instead.[0m
 * Running on all addresses (0.0.0.0)
 * Running on http://127.0.0.1:5000
 * Running on http://192.168.1.110:5000
2025-04-21 23:59:28,941 - INFO - [33mPress CTRL+C to quit[0m
2025-04-21 23:59:28,942 - INFO -  * Restarting with stat
2025-04-21 23:59:32,936 - INFO - Load pretrained SentenceTransformer: sberbank-ai/sbert_large_nlu_ru
2025-04-21 23:59:36,297 - INFO - Операция: Начало чтения документов из директории: documents
2025-04-21 23:59:36,298 - INFO - Операция: Обработка файла
2025-04-21 23:59:36,298 - INFO - Детали: Тип файла: Документ Microsoft Word по заказу.docx
2025-04-21 23:59:36,298 - INFO - Операция: Чтение Word файла
2025-04-21 23:59:36,298 - INFO - Детали: Обработка файла: documents\Документ Microsoft Word по заказу.docx
2025-04-21 23:59:36,302 - INFO - Операция: Успешное чтение Word
2025-04-21 23:59:36,302 - INFO - Детали: Извлечено 2 секций
2025-04-21 23:59:36,302 - INFO - Операция: Секция 1 из файла Документ Microsoft Word по заказу.docx
2025-04-21 23:59:36,302 - INFO - Детали: Раздел: Заголовок документа, Превью: Название документа: Документ Microsoft Word по заказу


2025-04-21 23:59:36,303 - INFO - Операция: Секция 2 из файла Документ Microsoft Word по заказу.docx
2025-04-21 23:59:36,303 - INFO - Детали: Раздел: Основной текст, Превью: Чтобы создать заказ на доставку требуется использовать транзакцию me21n.
Чтобы изменить заказ на дос...
2025-04-21 23:59:36,303 - INFO - Операция: Успешно прочитан файл: Документ Microsoft Word по заказу.docx
2025-04-21 23:59:36,303 - INFO - Детали: Извлечено 2 секций
2025-04-21 23:59:36,303 - INFO - Операция: Обработка файла
2025-04-21 23:59:36,303 - INFO - Детали: Тип файла: Документ Microsoft Word.docx
2025-04-21 23:59:36,303 - INFO - Операция: Чтение Word файла
2025-04-21 23:59:36,303 - INFO - Детали: Обработка файла: documents\Документ Microsoft Word.docx
2025-04-21 23:59:36,305 - INFO - Операция: Успешное чтение Word
2025-04-21 23:59:36,306 - INFO - Детали: Извлечено 2 секций
2025-04-21 23:59:36,306 - INFO - Операция: Секция 1 из файла Документ Microsoft Word.docx
2025-04-21 23:59:36,306 - INFO - Детали: Раздел: Заголовок документа, Превью: Название документа: Документ Microsoft Word


2025-04-21 23:59:36,306 - INFO - Операция: Секция 2 из файла Документ Microsoft Word.docx
2025-04-21 23:59:36,306 - INFO - Детали: Раздел: Основной текст, Превью: Сколько лет я буду жить? Так долго, как пожелаешь….

Как научиться говорить? Ответ: Шёпотом!

Как со...
2025-04-21 23:59:36,306 - INFO - Операция: Успешно прочитан файл: Документ Microsoft Word.docx
2025-04-21 23:59:36,306 - INFO - Детали: Извлечено 2 секций
2025-04-21 23:59:36,306 - INFO - Операция: Обработка файла
2025-04-21 23:59:36,306 - INFO - Детали: Тип файла: Инструкция_по_сборке_LEGO.pdf
2025-04-21 23:59:36,306 - INFO - Операция: Чтение PDF файла
2025-04-21 23:59:36,307 - INFO - Детали: Обработка файла: documents\Инструкция_по_сборке_LEGO.pdf
2025-04-21 23:59:36,326 - INFO - Операция: Анализ PDF
2025-04-21 23:59:36,326 - INFO - Детали: Файл содержит 48 страниц
2025-04-21 23:59:37,161 - INFO - Операция: Успешное чтение PDF
2025-04-21 23:59:37,161 - INFO - Детали: Извлечено 47 секций
2025-04-21 23:59:37,161 - INFO - Операция: Успешно прочитан файл: Инструкция_по_сборке_LEGO.pdf
2025-04-21 23:59:37,161 - INFO - Детали: Извлечено 47 секций
2025-04-21 23:59:37,161 - INFO - Операция: Обработка файла
2025-04-21 23:59:37,161 - INFO - Детали: Тип файла: Лист Microsoft Excel.xlsx
2025-04-21 23:59:37,161 - INFO - Операция: Чтение Excel файла
2025-04-21 23:59:37,162 - INFO - Детали: Обработка файла: documents\Лист Microsoft Excel.xlsx
2025-04-21 23:59:37,267 - INFO - Операция: Успешное чтение Excel
2025-04-21 23:59:37,268 - INFO - Детали: Извлечено 1 секций
2025-04-21 23:59:37,268 - INFO - Операция: Успешно прочитан файл: Лист Microsoft Excel.xlsx
2025-04-21 23:59:37,268 - INFO - Детали: Извлечено 1 секций
2025-04-21 23:59:37,268 - INFO - Операция: Обработка файла
2025-04-21 23:59:37,268 - INFO - Детали: Тип файла: ММ САП.docx
2025-04-21 23:59:37,268 - INFO - Операция: Чтение Word файла
2025-04-21 23:59:37,268 - INFO - Детали: Обработка файла: documents\ММ САП.docx
2025-04-21 23:59:37,703 - INFO - Операция: Успешное чтение Word
2025-04-21 23:59:37,703 - INFO - Детали: Извлечено 4 секций
2025-04-21 23:59:37,703 - INFO - Операция: Секция 1 из файла ММ САП.docx
2025-04-21 23:59:37,703 - INFO - Детали: Раздел: Документ SAP MM, Превью: ДОКУМЕНТ SAP: ММ САП

Этот документ относится к системе SAP и модулю MM (Material Management). SAP M...
2025-04-21 23:59:37,703 - INFO - Операция: Секция 2 из файла ММ САП.docx
2025-04-21 23:59:37,703 - INFO - Детали: Раздел: Основной текст, Превью: SAP MM CONTENT: SAP MM - Краткое руководство

Предыдущая страница

Далее

SAP MM CONTENT: SAP MM - О...
2025-04-21 23:59:37,703 - INFO - Операция: Секция 3 из файла ММ САП.docx
2025-04-21 23:59:37,704 - INFO - Детали: Раздел: Таблица 1, Превью: SAP MM TABLE DATA:
Таблица 1:

Строка 1: Sr.No . | Закупочная Деятельность и Описание
Строка 2: 1 | ...
2025-04-21 23:59:37,704 - INFO - Операция: Секция 4 из файла ММ САП.docx
2025-04-21 23:59:37,704 - INFO - Детали: Раздел: Таблица 2, Превью: SAP MM TABLE DATA:
Таблица 2:

Строка 1: Sr.No . | T-Код и описание
Строка 2: 1 | ОКС15
Создать комп...
2025-04-21 23:59:37,704 - INFO - Операция: Успешно прочитан файл: ММ САП.docx
2025-04-21 23:59:37,704 - INFO - Детали: Извлечено 4 секций
2025-04-21 23:59:37,704 - INFO - Операция: Обработка файла
2025-04-21 23:59:37,704 - INFO - Детали: Тип файла: создание_заказа.txt
2025-04-21 23:59:37,704 - INFO - Операция: Чтение текстового файла: documents\создание_заказа.txt
2025-04-21 23:59:37,704 - INFO - Операция: Содержимое файла создание_заказа.txt
2025-04-21 23:59:37,705 - INFO - Детали: Размер: 1174 символов
2025-04-21 23:59:37,705 - INFO - Операция: Секция 1 из файла создание_заказа.txt
2025-04-21 23:59:37,705 - INFO - Детали: Раздел: Заголовок документа, Превью: Название документа: создание_заказа


2025-04-21 23:59:37,705 - INFO - Операция: Секция 2 из файла создание_заказа.txt
2025-04-21 23:59:37,705 - INFO - Детали: Раздел: # Инструкция по созданию заказа, Превью: # Инструкция по созданию заказа

## Шаги создания заказа в системе
2025-04-21 23:59:37,705 - INFO - Операция: Секция 3 из файла создание_заказа.txt
2025-04-21 23:59:37,705 - INFO - Детали: Раздел: 1. Войдите в личный кабинет, используя логин и пароль.
2. Нажмите на кнопку "Создать новый заказ" в верхнем меню.
3. Выберите товары из каталога, нажимая кнопку "Добавить в корзину".
4. После выбора всех товаров перейдите в корзину.
5. Проверьте состав заказа и общую сумму.
6. Выберите способ доставки из доступных вариантов:
   - Курьерская доставка
   - Самовывоз из пункта выдачи
   - Почтовая доставка
7. Укажите адрес доставки, если выбрана доставка курьером или почтой.
8. Выберите способ оплаты:
   - Банковской картой онлайн
   - При получении
   - Оплата "Улыбкой" (специальная программа лояльности)
9. Нажмите кнопку "Оформить заказ".
10. Вам придет подтверждение о создании заказа на email и SMS., Превью: 1. Войдите в личный кабинет, используя логин и пароль.
2. Нажмите на кнопку "Создать новый заказ" в ...
2025-04-21 23:59:37,706 - INFO - Операция: Секция 4 из файла создание_заказа.txt
2025-04-21 23:59:37,706 - INFO - Детали: Раздел: - Минимальная сумма заказа - 500 рублей.
- Срок доставки зависит от выбранного способа и региона.
- После оформления заказа его состав изменить нельзя.
- Вы можете отменить заказ до его отправки в службу доставки., Превью: - Минимальная сумма заказа - 500 рублей.
- Срок доставки зависит от выбранного способа и региона.
- ...
2025-04-21 23:59:37,706 - INFO - Операция: Успешное чтение TXT
2025-04-21 23:59:37,706 - INFO - Детали: Извлечено 4 секций
2025-04-21 23:59:37,706 - INFO - Операция: Успешно прочитан файл: создание_заказа.txt
2025-04-21 23:59:37,706 - INFO - Детали: Извлечено 4 секций
2025-04-21 23:59:37,706 - INFO - Операция: Статистика обработки
2025-04-21 23:59:37,706 - INFO - Детали: Обработано файлов: 6, Всего секций: 60
2025-04-21 23:59:37,706 - INFO - Операция: Создание документов LangChain
2025-04-21 23:59:37,706 - INFO - Детали: Преобразование 60 секций
2025-04-21 23:59:37,707 - INFO - Операция: Создание векторного хранилища
2025-04-21 23:59:37,707 - INFO - Детали: Начало
2025-04-21 23:59:37,707 - INFO - Операция: Создание векторного хранилища
2025-04-21 23:59:37,707 - INFO - Детали: Обработка 60 документов
2025-04-21 23:59:55,854 - INFO - Loading faiss with AVX512 support.
2025-04-21 23:59:55,855 - INFO - Could not load library with AVX512 support due to:
ModuleNotFoundError("No module named 'faiss.swigfaiss_avx512'")
2025-04-21 23:59:55,855 - INFO - Loading faiss with AVX2 support.
2025-04-21 23:59:55,867 - INFO - Successfully loaded faiss with AVX2 support.
2025-04-21 23:59:55,870 - INFO - Failed to load GPU Faiss: name 'GpuIndexIVFFlat' is not defined. Will not load constructor refs for GPU indexes.
2025-04-21 23:59:55,873 - INFO - Операция: Векторное хранилище создано
2025-04-21 23:59:55,873 - INFO - Детали: Успешно
2025-04-21 23:59:55,873 - INFO - Операция: Создание цепочки QA
2025-04-21 23:59:55,874 - INFO - Детали: Начало
2025-04-21 23:59:55,874 - INFO - Операция: Создание агента
2025-04-21 23:59:55,874 - INFO - Детали: Начало
2025-04-21 23:59:55,876 - INFO - Операция: Инициализация завершена
2025-04-21 23:59:55,876 - INFO - Детали: Успешно
2025-04-21 23:59:55,880 - WARNING -  * Debugger is active!
2025-04-21 23:59:55,881 - INFO -  * Debugger PIN: 127-184-279
2025-04-22 00:00:08,595 - INFO - 127.0.0.1 - - [22/Apr/2025 00:00:08] "GET / HTTP/1.1" 200 -
2025-04-22 00:00:08,600 - INFO - 127.0.0.1 - - [22/Apr/2025 00:00:08] "[36mGET /static/css/style.css HTTP/1.1[0m" 304 -
2025-04-22 00:00:08,600 - INFO - 127.0.0.1 - - [22/Apr/2025 00:00:08] "[36mGET /static/js/app.js HTTP/1.1[0m" 304 -
2025-04-22 00:00:12,078 - INFO - 127.0.0.1 - - [22/Apr/2025 00:00:12] "GET / HTTP/1.1" 200 -
2025-04-22 00:00:12,083 - INFO - 127.0.0.1 - - [22/Apr/2025 00:00:12] "[36mGET /static/css/style.css HTTP/1.1[0m" 304 -
2025-04-22 00:00:12,083 - INFO - 127.0.0.1 - - [22/Apr/2025 00:00:12] "[36mGET /static/js/app.js HTTP/1.1[0m" 304 -
2025-04-22 00:00:21,129 - INFO - Операция: Анализ запроса
2025-04-22 00:00:21,130 - INFO - Детали: Начало анализа
2025-04-22 00:00:21,130 - INFO - === Запрос пользователя ===
2025-04-22 00:00:21,130 - INFO - Требуется информация что такое sap mm?
2025-04-22 00:00:21,131 - INFO - === Ответ системы ===
2025-04-22 00:00:21,131 - INFO - 
2025-04-22 00:00:21,131 - INFO - =====================
2025-04-22 00:00:21,131 - INFO - Операция: Обработка запроса
2025-04-22 00:00:21,131 - INFO - Детали: Ключевые слова: 'что такое sap mm?'
2025-04-22 00:00:21,131 - INFO - Операция: Определен SAP-запрос
2025-04-22 00:00:21,131 - INFO - Детали: Запуск специализированного поиска
2025-04-22 00:00:21,255 - INFO - Операция: Найдены SAP-документы
2025-04-22 00:00:21,255 - INFO - Детали: 10 результатов
2025-04-22 00:00:21,255 - INFO - Операция: Проверка документа
2025-04-22 00:00:21,255 - INFO - Детали: Файл: мм сап.docx, Раздел: документ sap mm
2025-04-22 00:00:21,255 - INFO - Операция: Найдено SAP MM совпадение
2025-04-22 00:00:21,256 - INFO - Детали: Файл: мм сап.docx, Раздел: документ sap mm, Превью: документ sap: мм сап

этот документ относится к системе sap и модулю mm (material management). sap m...
2025-04-22 00:00:21,256 - INFO - Операция: Проверка документа
2025-04-22 00:00:21,256 - INFO - Детали: Файл: документ microsoft word по заказу.docx, Раздел: заголовок документа
2025-04-22 00:00:21,256 - INFO - Операция: Проверка документа
2025-04-22 00:00:21,256 - INFO - Детали: Файл: документ microsoft word.docx, Раздел: заголовок документа
2025-04-22 00:00:21,256 - INFO - Операция: Проверка документа
2025-04-22 00:00:21,256 - INFO - Детали: Файл: создание_заказа.txt, Раздел: # инструкция по созданию заказа
2025-04-22 00:00:21,256 - INFO - Операция: Проверка документа
2025-04-22 00:00:21,257 - INFO - Детали: Файл: создание_заказа.txt, Раздел: заголовок документа
2025-04-22 00:00:21,257 - INFO - Операция: Проверка документа
2025-04-22 00:00:21,257 - INFO - Детали: Файл: мм сап.docx, Раздел: основной текст
2025-04-22 00:00:21,258 - INFO - Операция: Найдено SAP MM совпадение
2025-04-22 00:00:21,258 - INFO - Детали: Файл: мм сап.docx, Раздел: основной текст, Превью: sap mm content: sap mm - краткое руководство

предыдущая страница

далее

sap mm content: sap mm - о...
2025-04-22 00:00:21,258 - INFO - Операция: Проверка документа
2025-04-22 00:00:21,258 - INFO - Детали: Файл: инструкция_по_сборке_lego.pdf, Раздел: страница 35
2025-04-22 00:00:21,258 - INFO - Операция: Проверка документа
2025-04-22 00:00:21,258 - INFO - Детали: Файл: инструкция_по_сборке_lego.pdf, Раздел: страница 40
2025-04-22 00:00:21,258 - INFO - Операция: Проверка документа
2025-04-22 00:00:21,258 - INFO - Детали: Файл: мм сап.docx, Раздел: таблица 1
2025-04-22 00:00:21,258 - INFO - Операция: Найдено SAP MM совпадение
2025-04-22 00:00:21,258 - INFO - Детали: Файл: мм сап.docx, Раздел: таблица 1, Превью: sap mm table data:
таблица 1:

строка 1: sr.no . | закупочная деятельность и описание
строка 2: 1 | ...
2025-04-22 00:00:21,259 - INFO - Операция: Проверка документа
2025-04-22 00:00:21,259 - INFO - Детали: Файл: документ microsoft word по заказу.docx, Раздел: основной текст
2025-04-22 00:00:21,259 - INFO - Операция: Отфильтровано 3 SAP документов
2025-04-22 00:00:21,259 - INFO - Детали: Формирование прямого ответа на основе SAP документов
2025-04-22 00:00:31,548 - INFO - Операция: Получен ответ на SAP-запрос
2025-04-22 00:00:31,548 - INFO - Детали: Длина ответа: 5254 символов
2025-04-22 00:00:31,550 - INFO - === Запрос пользователя ===
2025-04-22 00:00:31,550 - INFO - Требуется информация что такое sap mm?
2025-04-22 00:00:31,550 - INFO - === Ответ системы ===
2025-04-22 00:00:31,550 - INFO - Информация найдена на странице 1 в разделе **Основной текст**:

SAP MM CONTENT: SAP MM - Процесс закупок

SAP MM CONTENT: Каждая организация приобретает материалы или услуги для удовлетворения своих бизнес-потребностей. Процесс покупки материалов и получения услуг от поставщиков или дилеров называется закупками. Этапы, необходимые для закупки материалов, составляют цикл закупок. Каждая организация выполняет несколько последовательных этапов для закупки материалов в нужном количестве по нужной цене. Важные этапы цикла закупок следующие:

Определение потребности

Создание заказа на покупку

Учет Поступления товара

Разноска счета-фактуры

Информация найдена на странице 1 в разделе **Основной текст**:

SAP MM CONTENT: SAP MM - Определение источника / Список

Объединенная информация о материале и поставщике хранится в записи, известной как запись информации о покупке. Но конкретный материал можно заказать у разных поставщиков через разные промежутки времени. Эта информация может храниться в списке, который называется списком источников. Ключевые моменты, на которые следует обратить внимание при составлении списка источников, следующие:

Список источников включает в себя перечень возможных источников поставок материала в течение определённого периода времени.

Список источников указывает период времени, в течение которого был заказан конкретный материал у определённого поставщика.

Список источников может быть скопирован с одного растения на другое растение.

Список источников может быть создан следующими двумя способами:

Автоматически

Вручную

Информация найдена на странице 1 в разделе **Основной текст**:

SAP MM CONTENT: SAP MM - Управление запасами

Процесс закупки начинается со сбора требований и заканчивается закупкой товаров у поставщиков. После того как товары закуплены у поставщика, их необходимо разместить в помещениях компании в правильном месте, чтобы их можно было использовать по мере необходимости. Управление запасами связано с размещением и обработкой запасов, полученных от поставщиков, в правильном месте в помещениях компании.  

Информация найдена на странице 1 в разделе **Основной текст**:

SAP MM CONTENT: SAP MM - Проверка счета-фактуры

SAP MM CONTENT: Каждая организация приобретает товары или услуги для удовлетворения своих бизнес-потребностей. После того как товары приобретены у поставщика и доставлены в помещение компании, нам необходимо оплатить поставщику приобретенные товары и услуги. Сумма к оплате вместе с подробной информацией о материалах предоставляется поставщиком в виде документа, который называется счетом-фактурой. Прежде чем оплачивать счет-фактуру, нам необходимо проверить его. Этот процесс проверки счета-фактуры перед оплатой называется проверкой счета-фактуры.

Информация найдена на странице 1 в разделе **Основной текст**:

SAP MM CONTENT: SAP MM - Управление сервисами

Помимо закупки товаров, организации иногда могут потребоваться какие-либо услуги. Такие услуги включают в себя небольшие работы по техническому обслуживанию, такие как замена света, покраска и уборка. Эти услуги предоставляются внешними подрядчиками, и, следовательно, весь процесс закупки услуг известен как управление услугами.

Информация найдена на странице 1 в разделе **Основной текст**:

SAP MM CONTENT: SAP MM - Оценка

SAP MM CONTENT: Процесс закупок начинается с создания заказа на поставку и заканчивается проверкой счёта-фактуры. Одной из важных составляющих всего процесса является оценка материалов. При создании заказов на поставку цена материалов является обязательным полем и определяется автоматически. Это происходит потому, что оценка материалов ведётся в системе SAP в справочнике материалов. Оценка материалов представляет собой интеграцию между модулями MM и FI (финансовый учёт), поскольку она обновляет счета главной книги в финансовом учёте.

Информация найдена на странице 1 в разделе **Основной текст**:

SAP MM CONTENT: SAP MM - Определение учетной записи

SAP MM CONTEND: В SAP MM процесс закупок включает в себя оплату товаров и услуг, которые организация должна выплатить поставщику. Оплаченные расходы должны быть отражены в организации на соответствующем счете в главной бухгалтерской книге (G/L). Невозможно каждый раз при закупке вспоминать и указывать правильный счет в главной бухгалтерской книге. Чтобы избежать этого неудобства, систему SAP можно настроить таким образом, чтобы она автоматически определяла правильный счет в главной бухгалтерской книге, на который нужно отнести расходы.

Информация найдена на странице 1 в разделе **Основной текст**:

SAP MM CONTENT: SAP MM - Конфигурация

SAP MM CONTENT: SAP MM достаточно гибок, чтобы можно было изменять его конфигурации в фоновом режиме в соответствии с бизнес-требованиями организации. Конфигурации помогают вносить изменения в структуру. В этой главе описаны некоторые важные конфигурации в SAP MM.

Информация найдена на странице 1 в разделе **Основной текст**:

SAP MM CONTENT: SAP MM - Коды транзакций

SAP MM CONTENT: SAP MM предоставляет несколько сочетаний клавиш для экономии времени и усилий. Они известны как коды транзакций. Коды транзакций — это сочетания клавиш, которые позволяют сразу перейти на нужный экран. Эти коды указываются в поле команд. Вот некоторые из важных кодов транзакций.
2025-04-22 00:00:31,551 - INFO - =====================
2025-04-22 00:00:31,584 - INFO - 127.0.0.1 - - [22/Apr/2025 00:00:31] "POST /analyze HTTP/1.1" 200 -
2025-04-22 00:05:45,820 - INFO -  * Detected change in 'c:\\Users\\NOVA\\OneDrive\\Рабочий стол\\AI-агент\\pet-project\\app.py', reloading
2025-04-22 00:05:46,422 - INFO -  * Restarting with stat
2025-04-22 00:06:21,976 - INFO -  * Restarting with stat
2025-04-22 00:07:00,580 - INFO -  * Restarting with stat
