2025-04-22 00:05:50,453 - INFO - Load pretrained SentenceTransformer: sberbank-ai/sbert_large_nlu_ru
2025-04-22 00:05:53,852 - INFO - Операция: Начало чтения документов из директории: documents
2025-04-22 00:05:53,853 - INFO - Операция: Обработка файла
2025-04-22 00:05:53,853 - INFO - Детали: Тип файла: Документ Microsoft Word по заказу.docx
2025-04-22 00:05:53,853 - INFO - Операция: Чтение Word файла
2025-04-22 00:05:53,853 - INFO - Детали: Обработка файла: documents\Документ Microsoft Word по заказу.docx
2025-04-22 00:05:53,858 - INFO - Операция: Успешное чтение Word
2025-04-22 00:05:53,858 - INFO - Детали: Извлечено 2 секций
2025-04-22 00:05:53,858 - INFO - Операция: Секция 1 из файла Документ Microsoft Word по заказу.docx
2025-04-22 00:05:53,858 - INFO - Детали: Раздел: Заголовок документа, Превью: Название документа: Документ Microsoft Word по заказу


2025-04-22 00:05:53,858 - INFO - Операция: Секция 2 из файла Документ Microsoft Word по заказу.docx
2025-04-22 00:05:53,858 - INFO - Детали: Раздел: Основной текст, Превью: Чтобы создать заказ на доставку требуется использовать транзакцию me21n.
Чтобы изменить заказ на дос...
2025-04-22 00:05:53,858 - INFO - Операция: Успешно прочитан файл: Документ Microsoft Word по заказу.docx
2025-04-22 00:05:53,859 - INFO - Детали: Извлечено 2 секций
2025-04-22 00:05:53,859 - INFO - Операция: Обработка файла
2025-04-22 00:05:53,859 - INFO - Детали: Тип файла: Документ Microsoft Word.docx
2025-04-22 00:05:53,859 - INFO - Операция: Чтение Word файла
2025-04-22 00:05:53,859 - INFO - Детали: Обработка файла: documents\Документ Microsoft Word.docx
2025-04-22 00:05:53,861 - INFO - Операция: Успешное чтение Word
2025-04-22 00:05:53,861 - INFO - Детали: Извлечено 2 секций
2025-04-22 00:05:53,861 - INFO - Операция: Секция 1 из файла Документ Microsoft Word.docx
2025-04-22 00:05:53,861 - INFO - Детали: Раздел: Заголовок документа, Превью: Название документа: Документ Microsoft Word


2025-04-22 00:05:53,861 - INFO - Операция: Секция 2 из файла Документ Microsoft Word.docx
2025-04-22 00:05:53,861 - INFO - Детали: Раздел: Основной текст, Превью: Сколько лет я буду жить? Так долго, как пожелаешь….

Как научиться говорить? Ответ: Шёпотом!

Как со...
2025-04-22 00:05:53,861 - INFO - Операция: Успешно прочитан файл: Документ Microsoft Word.docx
2025-04-22 00:05:53,861 - INFO - Детали: Извлечено 2 секций
2025-04-22 00:05:53,862 - INFO - Операция: Обработка файла
2025-04-22 00:05:53,862 - INFO - Детали: Тип файла: Инструкция_по_сборке_LEGO.pdf
2025-04-22 00:05:53,862 - INFO - Операция: Чтение PDF файла
2025-04-22 00:05:53,862 - INFO - Детали: Обработка файла: documents\Инструкция_по_сборке_LEGO.pdf
2025-04-22 00:05:53,882 - INFO - Операция: Анализ PDF
2025-04-22 00:05:53,882 - INFO - Детали: Файл содержит 48 страниц
2025-04-22 00:05:54,727 - INFO - Операция: Успешное чтение PDF
2025-04-22 00:05:54,727 - INFO - Детали: Извлечено 47 секций
2025-04-22 00:05:54,727 - INFO - Операция: Успешно прочитан файл: Инструкция_по_сборке_LEGO.pdf
2025-04-22 00:05:54,727 - INFO - Детали: Извлечено 47 секций
2025-04-22 00:05:54,727 - INFO - Операция: Обработка файла
2025-04-22 00:05:54,728 - INFO - Детали: Тип файла: Лист Microsoft Excel.xlsx
2025-04-22 00:05:54,728 - INFO - Операция: Чтение Excel файла
2025-04-22 00:05:54,728 - INFO - Детали: Обработка файла: documents\Лист Microsoft Excel.xlsx
2025-04-22 00:05:54,833 - INFO - Операция: Успешное чтение Excel
2025-04-22 00:05:54,834 - INFO - Детали: Извлечено 1 секций
2025-04-22 00:05:54,834 - INFO - Операция: Успешно прочитан файл: Лист Microsoft Excel.xlsx
2025-04-22 00:05:54,834 - INFO - Детали: Извлечено 1 секций
2025-04-22 00:05:54,834 - INFO - Операция: Обработка файла
2025-04-22 00:05:54,834 - INFO - Детали: Тип файла: ММ САП.docx
2025-04-22 00:05:54,835 - INFO - Операция: Чтение Word файла
2025-04-22 00:05:54,835 - INFO - Детали: Обработка файла: documents\ММ САП.docx
2025-04-22 00:05:55,266 - INFO - Операция: Успешное чтение Word
2025-04-22 00:05:55,266 - INFO - Детали: Извлечено 4 секций
2025-04-22 00:05:55,266 - INFO - Операция: Секция 1 из файла ММ САП.docx
2025-04-22 00:05:55,266 - INFO - Детали: Раздел: Документ SAP MM, Превью: ДОКУМЕНТ SAP: ММ САП

Этот документ относится к системе SAP и модулю MM (Material Management). SAP M...
2025-04-22 00:05:55,266 - INFO - Операция: Секция 2 из файла ММ САП.docx
2025-04-22 00:05:55,266 - INFO - Детали: Раздел: Основной текст, Превью: SAP MM CONTENT: SAP MM - Краткое руководство

Предыдущая страница

Далее

SAP MM CONTENT: SAP MM - О...
2025-04-22 00:05:55,266 - INFO - Операция: Секция 3 из файла ММ САП.docx
2025-04-22 00:05:55,266 - INFO - Детали: Раздел: Таблица 1, Превью: SAP MM TABLE DATA:
Таблица 1:

Строка 1: Sr.No . | Закупочная Деятельность и Описание
Строка 2: 1 | ...
2025-04-22 00:05:55,267 - INFO - Операция: Секция 4 из файла ММ САП.docx
2025-04-22 00:05:55,267 - INFO - Детали: Раздел: Таблица 2, Превью: SAP MM TABLE DATA:
Таблица 2:

Строка 1: Sr.No . | T-Код и описание
Строка 2: 1 | ОКС15
Создать комп...
2025-04-22 00:05:55,267 - INFO - Операция: Успешно прочитан файл: ММ САП.docx
2025-04-22 00:05:55,267 - INFO - Детали: Извлечено 4 секций
2025-04-22 00:05:55,267 - INFO - Операция: Обработка файла
2025-04-22 00:05:55,267 - INFO - Детали: Тип файла: создание_заказа.txt
2025-04-22 00:05:55,267 - INFO - Операция: Чтение текстового файла: documents\создание_заказа.txt
2025-04-22 00:05:55,268 - INFO - Операция: Содержимое файла создание_заказа.txt
2025-04-22 00:05:55,268 - INFO - Детали: Размер: 1174 символов
2025-04-22 00:05:55,268 - INFO - Операция: Секция 1 из файла создание_заказа.txt
2025-04-22 00:05:55,268 - INFO - Детали: Раздел: Заголовок документа, Превью: Название документа: создание_заказа


2025-04-22 00:05:55,268 - INFO - Операция: Секция 2 из файла создание_заказа.txt
2025-04-22 00:05:55,268 - INFO - Детали: Раздел: # Инструкция по созданию заказа, Превью: # Инструкция по созданию заказа

## Шаги создания заказа в системе
2025-04-22 00:05:55,268 - INFO - Операция: Секция 3 из файла создание_заказа.txt
2025-04-22 00:05:55,268 - INFO - Детали: Раздел: 1. Войдите в личный кабинет, используя логин и пароль.
2. Нажмите на кнопку "Создать новый заказ" в верхнем меню.
3. Выберите товары из каталога, нажимая кнопку "Добавить в корзину".
4. После выбора всех товаров перейдите в корзину.
5. Проверьте состав заказа и общую сумму.
6. Выберите способ доставки из доступных вариантов:
   - Курьерская доставка
   - Самовывоз из пункта выдачи
   - Почтовая доставка
7. Укажите адрес доставки, если выбрана доставка курьером или почтой.
8. Выберите способ оплаты:
   - Банковской картой онлайн
   - При получении
   - Оплата "Улыбкой" (специальная программа лояльности)
9. Нажмите кнопку "Оформить заказ".
10. Вам придет подтверждение о создании заказа на email и SMS., Превью: 1. Войдите в личный кабинет, используя логин и пароль.
2. Нажмите на кнопку "Создать новый заказ" в ...
2025-04-22 00:05:55,269 - INFO - Операция: Секция 4 из файла создание_заказа.txt
2025-04-22 00:05:55,269 - INFO - Детали: Раздел: - Минимальная сумма заказа - 500 рублей.
- Срок доставки зависит от выбранного способа и региона.
- После оформления заказа его состав изменить нельзя.
- Вы можете отменить заказ до его отправки в службу доставки., Превью: - Минимальная сумма заказа - 500 рублей.
- Срок доставки зависит от выбранного способа и региона.
- ...
2025-04-22 00:05:55,269 - INFO - Операция: Успешное чтение TXT
2025-04-22 00:05:55,269 - INFO - Детали: Извлечено 4 секций
2025-04-22 00:05:55,269 - INFO - Операция: Успешно прочитан файл: создание_заказа.txt
2025-04-22 00:05:55,269 - INFO - Детали: Извлечено 4 секций
2025-04-22 00:05:55,269 - INFO - Операция: Статистика обработки
2025-04-22 00:05:55,269 - INFO - Детали: Обработано файлов: 6, Всего секций: 60
2025-04-22 00:05:55,269 - INFO - Операция: Создание документов LangChain
2025-04-22 00:05:55,269 - INFO - Детали: Преобразование 60 секций
2025-04-22 00:05:55,270 - INFO - Операция: Создание векторного хранилища
2025-04-22 00:05:55,270 - INFO - Детали: Начало
2025-04-22 00:05:55,270 - INFO - Операция: Создание векторного хранилища
2025-04-22 00:05:55,270 - INFO - Детали: Обработка 60 документов
2025-04-22 00:06:13,834 - INFO - Loading faiss with AVX512 support.
2025-04-22 00:06:13,835 - INFO - Could not load library with AVX512 support due to:
ModuleNotFoundError("No module named 'faiss.swigfaiss_avx512'")
2025-04-22 00:06:13,835 - INFO - Loading faiss with AVX2 support.
2025-04-22 00:06:13,847 - INFO - Successfully loaded faiss with AVX2 support.
2025-04-22 00:06:13,851 - INFO - Failed to load GPU Faiss: name 'GpuIndexIVFFlat' is not defined. Will not load constructor refs for GPU indexes.
2025-04-22 00:06:13,854 - INFO - Операция: Векторное хранилище создано
2025-04-22 00:06:13,854 - INFO - Детали: Успешно
2025-04-22 00:06:13,854 - INFO - Операция: Создание цепочки QA
2025-04-22 00:06:13,855 - INFO - Детали: Начало
2025-04-22 00:06:13,855 - INFO - Операция: Создание агента
2025-04-22 00:06:13,855 - INFO - Детали: Начало
2025-04-22 00:06:13,857 - INFO - Операция: Инициализация завершена
2025-04-22 00:06:13,857 - INFO - Детали: Успешно
2025-04-22 00:06:13,862 - WARNING -  * Debugger is active!
2025-04-22 00:06:13,863 - INFO -  * Debugger PIN: 127-184-279
2025-04-22 00:06:21,313 - INFO -  * Detected change in 'c:\\Users\\NOVA\\OneDrive\\Рабочий стол\\AI-агент\\pet-project\\app.py', reloading
2025-04-22 00:06:26,094 - INFO - Load pretrained SentenceTransformer: sberbank-ai/sbert_large_nlu_ru
2025-04-22 00:06:29,551 - INFO - Операция: Начало чтения документов из директории: documents
2025-04-22 00:06:29,552 - INFO - Операция: Обработка файла
2025-04-22 00:06:29,552 - INFO - Детали: Тип файла: Документ Microsoft Word по заказу.docx
2025-04-22 00:06:29,552 - INFO - Операция: Чтение Word файла
2025-04-22 00:06:29,552 - INFO - Детали: Обработка файла: documents\Документ Microsoft Word по заказу.docx
2025-04-22 00:06:29,557 - INFO - Операция: Успешное чтение Word
2025-04-22 00:06:29,557 - INFO - Детали: Извлечено 2 секций
2025-04-22 00:06:29,557 - INFO - Операция: Секция 1 из файла Документ Microsoft Word по заказу.docx
2025-04-22 00:06:29,557 - INFO - Детали: Раздел: Заголовок документа, Превью: Название документа: Документ Microsoft Word по заказу


2025-04-22 00:06:29,557 - INFO - Операция: Секция 2 из файла Документ Microsoft Word по заказу.docx
2025-04-22 00:06:29,558 - INFO - Детали: Раздел: Основной текст, Превью: Чтобы создать заказ на доставку требуется использовать транзакцию me21n.
Чтобы изменить заказ на дос...
2025-04-22 00:06:29,558 - INFO - Операция: Успешно прочитан файл: Документ Microsoft Word по заказу.docx
2025-04-22 00:06:29,558 - INFO - Детали: Извлечено 2 секций
2025-04-22 00:06:29,558 - INFO - Операция: Обработка файла
2025-04-22 00:06:29,558 - INFO - Детали: Тип файла: Документ Microsoft Word.docx
2025-04-22 00:06:29,558 - INFO - Операция: Чтение Word файла
2025-04-22 00:06:29,558 - INFO - Детали: Обработка файла: documents\Документ Microsoft Word.docx
2025-04-22 00:06:29,560 - INFO - Операция: Успешное чтение Word
2025-04-22 00:06:29,560 - INFO - Детали: Извлечено 2 секций
2025-04-22 00:06:29,561 - INFO - Операция: Секция 1 из файла Документ Microsoft Word.docx
2025-04-22 00:06:29,561 - INFO - Детали: Раздел: Заголовок документа, Превью: Название документа: Документ Microsoft Word


2025-04-22 00:06:29,561 - INFO - Операция: Секция 2 из файла Документ Microsoft Word.docx
2025-04-22 00:06:29,561 - INFO - Детали: Раздел: Основной текст, Превью: Сколько лет я буду жить? Так долго, как пожелаешь….

Как научиться говорить? Ответ: Шёпотом!

Как со...
2025-04-22 00:06:29,562 - INFO - Операция: Успешно прочитан файл: Документ Microsoft Word.docx
2025-04-22 00:06:29,562 - INFO - Детали: Извлечено 2 секций
2025-04-22 00:06:29,562 - INFO - Операция: Обработка файла
2025-04-22 00:06:29,562 - INFO - Детали: Тип файла: Инструкция_по_сборке_LEGO.pdf
2025-04-22 00:06:29,562 - INFO - Операция: Чтение PDF файла
2025-04-22 00:06:29,562 - INFO - Детали: Обработка файла: documents\Инструкция_по_сборке_LEGO.pdf
2025-04-22 00:06:29,583 - INFO - Операция: Анализ PDF
2025-04-22 00:06:29,583 - INFO - Детали: Файл содержит 48 страниц
2025-04-22 00:06:30,495 - INFO - Операция: Успешное чтение PDF
2025-04-22 00:06:30,496 - INFO - Детали: Извлечено 47 секций
2025-04-22 00:06:30,496 - INFO - Операция: Успешно прочитан файл: Инструкция_по_сборке_LEGO.pdf
2025-04-22 00:06:30,496 - INFO - Детали: Извлечено 47 секций
2025-04-22 00:06:30,496 - INFO - Операция: Обработка файла
2025-04-22 00:06:30,496 - INFO - Детали: Тип файла: Лист Microsoft Excel.xlsx
2025-04-22 00:06:30,496 - INFO - Операция: Чтение Excel файла
2025-04-22 00:06:30,496 - INFO - Детали: Обработка файла: documents\Лист Microsoft Excel.xlsx
2025-04-22 00:06:30,608 - INFO - Операция: Успешное чтение Excel
2025-04-22 00:06:30,609 - INFO - Детали: Извлечено 1 секций
2025-04-22 00:06:30,609 - INFO - Операция: Успешно прочитан файл: Лист Microsoft Excel.xlsx
2025-04-22 00:06:30,609 - INFO - Детали: Извлечено 1 секций
2025-04-22 00:06:30,609 - INFO - Операция: Обработка файла
2025-04-22 00:06:30,609 - INFO - Детали: Тип файла: ММ САП.docx
2025-04-22 00:06:30,609 - INFO - Операция: Чтение Word файла
2025-04-22 00:06:30,609 - INFO - Детали: Обработка файла: documents\ММ САП.docx
2025-04-22 00:06:31,070 - INFO - Операция: Успешное чтение Word
2025-04-22 00:06:31,070 - INFO - Детали: Извлечено 4 секций
2025-04-22 00:06:31,070 - INFO - Операция: Секция 1 из файла ММ САП.docx
2025-04-22 00:06:31,071 - INFO - Детали: Раздел: Документ SAP MM, Превью: ДОКУМЕНТ SAP: ММ САП

Этот документ относится к системе SAP и модулю MM (Material Management). SAP M...
2025-04-22 00:06:31,071 - INFO - Операция: Секция 2 из файла ММ САП.docx
2025-04-22 00:06:31,071 - INFO - Детали: Раздел: Основной текст, Превью: SAP MM CONTENT: SAP MM - Краткое руководство

Предыдущая страница

Далее

SAP MM CONTENT: SAP MM - О...
2025-04-22 00:06:31,071 - INFO - Операция: Секция 3 из файла ММ САП.docx
2025-04-22 00:06:31,071 - INFO - Детали: Раздел: Таблица 1, Превью: SAP MM TABLE DATA:
Таблица 1:

Строка 1: Sr.No . | Закупочная Деятельность и Описание
Строка 2: 1 | ...
2025-04-22 00:06:31,071 - INFO - Операция: Секция 4 из файла ММ САП.docx
2025-04-22 00:06:31,071 - INFO - Детали: Раздел: Таблица 2, Превью: SAP MM TABLE DATA:
Таблица 2:

Строка 1: Sr.No . | T-Код и описание
Строка 2: 1 | ОКС15
Создать комп...
2025-04-22 00:06:31,072 - INFO - Операция: Успешно прочитан файл: ММ САП.docx
2025-04-22 00:06:31,072 - INFO - Детали: Извлечено 4 секций
2025-04-22 00:06:31,072 - INFO - Операция: Обработка файла
2025-04-22 00:06:31,072 - INFO - Детали: Тип файла: создание_заказа.txt
2025-04-22 00:06:31,072 - INFO - Операция: Чтение текстового файла: documents\создание_заказа.txt
2025-04-22 00:06:31,072 - INFO - Операция: Содержимое файла создание_заказа.txt
2025-04-22 00:06:31,072 - INFO - Детали: Размер: 1174 символов
2025-04-22 00:06:31,073 - INFO - Операция: Секция 1 из файла создание_заказа.txt
2025-04-22 00:06:31,073 - INFO - Детали: Раздел: Заголовок документа, Превью: Название документа: создание_заказа


2025-04-22 00:06:31,073 - INFO - Операция: Секция 2 из файла создание_заказа.txt
2025-04-22 00:06:31,073 - INFO - Детали: Раздел: # Инструкция по созданию заказа, Превью: # Инструкция по созданию заказа

## Шаги создания заказа в системе
2025-04-22 00:06:31,073 - INFO - Операция: Секция 3 из файла создание_заказа.txt
2025-04-22 00:06:31,073 - INFO - Детали: Раздел: 1. Войдите в личный кабинет, используя логин и пароль.
2. Нажмите на кнопку "Создать новый заказ" в верхнем меню.
3. Выберите товары из каталога, нажимая кнопку "Добавить в корзину".
4. После выбора всех товаров перейдите в корзину.
5. Проверьте состав заказа и общую сумму.
6. Выберите способ доставки из доступных вариантов:
   - Курьерская доставка
   - Самовывоз из пункта выдачи
   - Почтовая доставка
7. Укажите адрес доставки, если выбрана доставка курьером или почтой.
8. Выберите способ оплаты:
   - Банковской картой онлайн
   - При получении
   - Оплата "Улыбкой" (специальная программа лояльности)
9. Нажмите кнопку "Оформить заказ".
10. Вам придет подтверждение о создании заказа на email и SMS., Превью: 1. Войдите в личный кабинет, используя логин и пароль.
2. Нажмите на кнопку "Создать новый заказ" в ...
2025-04-22 00:06:31,074 - INFO - Операция: Секция 4 из файла создание_заказа.txt
2025-04-22 00:06:31,074 - INFO - Детали: Раздел: - Минимальная сумма заказа - 500 рублей.
- Срок доставки зависит от выбранного способа и региона.
- После оформления заказа его состав изменить нельзя.
- Вы можете отменить заказ до его отправки в службу доставки., Превью: - Минимальная сумма заказа - 500 рублей.
- Срок доставки зависит от выбранного способа и региона.
- ...
2025-04-22 00:06:31,074 - INFO - Операция: Успешное чтение TXT
2025-04-22 00:06:31,074 - INFO - Детали: Извлечено 4 секций
2025-04-22 00:06:31,074 - INFO - Операция: Успешно прочитан файл: создание_заказа.txt
2025-04-22 00:06:31,074 - INFO - Детали: Извлечено 4 секций
2025-04-22 00:06:31,074 - INFO - Операция: Статистика обработки
2025-04-22 00:06:31,074 - INFO - Детали: Обработано файлов: 6, Всего секций: 60
2025-04-22 00:06:31,074 - INFO - Операция: Создание документов LangChain
2025-04-22 00:06:31,074 - INFO - Детали: Преобразование 60 секций
2025-04-22 00:06:31,075 - INFO - Операция: Создание векторного хранилища
2025-04-22 00:06:31,075 - INFO - Детали: Начало
2025-04-22 00:06:31,075 - INFO - Операция: Создание векторного хранилища
2025-04-22 00:06:31,075 - INFO - Детали: Обработка 60 документов
2025-04-22 00:06:50,389 - INFO - Loading faiss with AVX512 support.
2025-04-22 00:06:50,390 - INFO - Could not load library with AVX512 support due to:
ModuleNotFoundError("No module named 'faiss.swigfaiss_avx512'")
2025-04-22 00:06:50,390 - INFO - Loading faiss with AVX2 support.
2025-04-22 00:06:50,401 - INFO - Successfully loaded faiss with AVX2 support.
2025-04-22 00:06:50,404 - INFO - Failed to load GPU Faiss: name 'GpuIndexIVFFlat' is not defined. Will not load constructor refs for GPU indexes.
2025-04-22 00:06:50,407 - INFO - Операция: Векторное хранилище создано
2025-04-22 00:06:50,407 - INFO - Детали: Успешно
2025-04-22 00:06:50,408 - INFO - Операция: Создание цепочки QA
2025-04-22 00:06:50,408 - INFO - Детали: Начало
2025-04-22 00:06:50,408 - INFO - Операция: Создание агента
2025-04-22 00:06:50,408 - INFO - Детали: Начало
2025-04-22 00:06:50,410 - INFO - Операция: Инициализация завершена
2025-04-22 00:06:50,410 - INFO - Детали: Успешно
2025-04-22 00:06:50,414 - WARNING -  * Debugger is active!
2025-04-22 00:06:50,416 - INFO -  * Debugger PIN: 127-184-279
2025-04-22 00:06:59,936 - INFO -  * Detected change in 'c:\\Users\\NOVA\\OneDrive\\Рабочий стол\\AI-агент\\pet-project\\app.py', reloading
2025-04-22 00:07:04,684 - INFO - Load pretrained SentenceTransformer: sberbank-ai/sbert_large_nlu_ru
2025-04-22 00:07:13,108 - INFO - Load pretrained SentenceTransformer: sberbank-ai/sbert_large_nlu_ru
2025-04-22 00:07:16,486 - INFO - Операция: Начало чтения документов из директории: documents
2025-04-22 00:07:16,486 - INFO - Операция: Обработка файла
2025-04-22 00:07:16,486 - INFO - Детали: Тип файла: Документ Microsoft Word по заказу.docx
2025-04-22 00:07:16,486 - INFO - Операция: Чтение Word файла
2025-04-22 00:07:16,486 - INFO - Детали: Обработка файла: documents\Документ Microsoft Word по заказу.docx
2025-04-22 00:07:16,490 - INFO - Операция: Успешное чтение Word
2025-04-22 00:07:16,490 - INFO - Детали: Извлечено 2 секций
2025-04-22 00:07:16,490 - INFO - Операция: Секция 1 из файла Документ Microsoft Word по заказу.docx
2025-04-22 00:07:16,490 - INFO - Детали: Раздел: Заголовок документа, Превью: Название документа: Документ Microsoft Word по заказу


2025-04-22 00:07:16,491 - INFO - Операция: Секция 2 из файла Документ Microsoft Word по заказу.docx
2025-04-22 00:07:16,491 - INFO - Детали: Раздел: Основной текст, Превью: Чтобы создать заказ на доставку требуется использовать транзакцию me21n.
Чтобы изменить заказ на дос...
2025-04-22 00:07:16,491 - INFO - Операция: Успешно прочитан файл: Документ Microsoft Word по заказу.docx
2025-04-22 00:07:16,491 - INFO - Детали: Извлечено 2 секций
2025-04-22 00:07:16,491 - INFO - Операция: Обработка файла
2025-04-22 00:07:16,491 - INFO - Детали: Тип файла: Документ Microsoft Word.docx
2025-04-22 00:07:16,491 - INFO - Операция: Чтение Word файла
2025-04-22 00:07:16,492 - INFO - Детали: Обработка файла: documents\Документ Microsoft Word.docx
2025-04-22 00:07:16,493 - INFO - Операция: Успешное чтение Word
2025-04-22 00:07:16,494 - INFO - Детали: Извлечено 2 секций
2025-04-22 00:07:16,494 - INFO - Операция: Секция 1 из файла Документ Microsoft Word.docx
2025-04-22 00:07:16,494 - INFO - Детали: Раздел: Заголовок документа, Превью: Название документа: Документ Microsoft Word


2025-04-22 00:07:16,494 - INFO - Операция: Секция 2 из файла Документ Microsoft Word.docx
2025-04-22 00:07:16,494 - INFO - Детали: Раздел: Основной текст, Превью: Сколько лет я буду жить? Так долго, как пожелаешь….

Как научиться говорить? Ответ: Шёпотом!

Как со...
2025-04-22 00:07:16,494 - INFO - Операция: Успешно прочитан файл: Документ Microsoft Word.docx
2025-04-22 00:07:16,494 - INFO - Детали: Извлечено 2 секций
2025-04-22 00:07:16,494 - INFO - Операция: Обработка файла
2025-04-22 00:07:16,495 - INFO - Детали: Тип файла: Инструкция_по_сборке_LEGO.pdf
2025-04-22 00:07:16,495 - INFO - Операция: Чтение PDF файла
2025-04-22 00:07:16,495 - INFO - Детали: Обработка файла: documents\Инструкция_по_сборке_LEGO.pdf
2025-04-22 00:07:16,514 - INFO - Операция: Анализ PDF
2025-04-22 00:07:16,514 - INFO - Детали: Файл содержит 48 страниц
2025-04-22 00:07:17,329 - INFO - Операция: Успешное чтение PDF
2025-04-22 00:07:17,330 - INFO - Детали: Извлечено 47 секций
2025-04-22 00:07:17,330 - INFO - Операция: Успешно прочитан файл: Инструкция_по_сборке_LEGO.pdf
2025-04-22 00:07:17,330 - INFO - Детали: Извлечено 47 секций
2025-04-22 00:07:17,330 - INFO - Операция: Обработка файла
2025-04-22 00:07:17,330 - INFO - Детали: Тип файла: Лист Microsoft Excel.xlsx
2025-04-22 00:07:17,330 - INFO - Операция: Чтение Excel файла
2025-04-22 00:07:17,330 - INFO - Детали: Обработка файла: documents\Лист Microsoft Excel.xlsx
2025-04-22 00:07:17,432 - INFO - Операция: Успешное чтение Excel
2025-04-22 00:07:17,432 - INFO - Детали: Извлечено 1 секций
2025-04-22 00:07:17,432 - INFO - Операция: Успешно прочитан файл: Лист Microsoft Excel.xlsx
2025-04-22 00:07:17,432 - INFO - Детали: Извлечено 1 секций
2025-04-22 00:07:17,432 - INFO - Операция: Обработка файла
2025-04-22 00:07:17,433 - INFO - Детали: Тип файла: ММ САП.docx
2025-04-22 00:07:17,433 - INFO - Операция: Чтение Word файла
2025-04-22 00:07:17,433 - INFO - Детали: Обработка файла: documents\ММ САП.docx
2025-04-22 00:07:17,866 - INFO - Операция: Успешное чтение Word
2025-04-22 00:07:17,866 - INFO - Детали: Извлечено 4 секций
2025-04-22 00:07:17,866 - INFO - Операция: Секция 1 из файла ММ САП.docx
2025-04-22 00:07:17,867 - INFO - Детали: Раздел: Документ SAP MM, Превью: ДОКУМЕНТ SAP: ММ САП

Этот документ относится к системе SAP и модулю MM (Material Management). SAP M...
2025-04-22 00:07:17,867 - INFO - Операция: Секция 2 из файла ММ САП.docx
2025-04-22 00:07:17,867 - INFO - Детали: Раздел: Основной текст, Превью: SAP MM CONTENT: SAP MM - Краткое руководство

Предыдущая страница

Далее

SAP MM CONTENT: SAP MM - О...
2025-04-22 00:07:17,867 - INFO - Операция: Секция 3 из файла ММ САП.docx
2025-04-22 00:07:17,867 - INFO - Детали: Раздел: Таблица 1, Превью: SAP MM TABLE DATA:
Таблица 1:

Строка 1: Sr.No . | Закупочная Деятельность и Описание
Строка 2: 1 | ...
2025-04-22 00:07:17,867 - INFO - Операция: Секция 4 из файла ММ САП.docx
2025-04-22 00:07:17,867 - INFO - Детали: Раздел: Таблица 2, Превью: SAP MM TABLE DATA:
Таблица 2:

Строка 1: Sr.No . | T-Код и описание
Строка 2: 1 | ОКС15
Создать комп...
2025-04-22 00:07:17,867 - INFO - Операция: Успешно прочитан файл: ММ САП.docx
2025-04-22 00:07:17,867 - INFO - Детали: Извлечено 4 секций
2025-04-22 00:07:17,867 - INFO - Операция: Обработка файла
2025-04-22 00:07:17,868 - INFO - Детали: Тип файла: создание_заказа.txt
2025-04-22 00:07:17,868 - INFO - Операция: Чтение текстового файла: documents\создание_заказа.txt
2025-04-22 00:07:17,868 - INFO - Операция: Содержимое файла создание_заказа.txt
2025-04-22 00:07:17,868 - INFO - Детали: Размер: 1174 символов
2025-04-22 00:07:17,868 - INFO - Операция: Секция 1 из файла создание_заказа.txt
2025-04-22 00:07:17,868 - INFO - Детали: Раздел: Заголовок документа, Превью: Название документа: создание_заказа


2025-04-22 00:07:17,868 - INFO - Операция: Секция 2 из файла создание_заказа.txt
2025-04-22 00:07:17,869 - INFO - Детали: Раздел: # Инструкция по созданию заказа, Превью: # Инструкция по созданию заказа

## Шаги создания заказа в системе
2025-04-22 00:07:17,869 - INFO - Операция: Секция 3 из файла создание_заказа.txt
2025-04-22 00:07:17,869 - INFO - Детали: Раздел: 1. Войдите в личный кабинет, используя логин и пароль.
2. Нажмите на кнопку "Создать новый заказ" в верхнем меню.
3. Выберите товары из каталога, нажимая кнопку "Добавить в корзину".
4. После выбора всех товаров перейдите в корзину.
5. Проверьте состав заказа и общую сумму.
6. Выберите способ доставки из доступных вариантов:
   - Курьерская доставка
   - Самовывоз из пункта выдачи
   - Почтовая доставка
7. Укажите адрес доставки, если выбрана доставка курьером или почтой.
8. Выберите способ оплаты:
   - Банковской картой онлайн
   - При получении
   - Оплата "Улыбкой" (специальная программа лояльности)
9. Нажмите кнопку "Оформить заказ".
10. Вам придет подтверждение о создании заказа на email и SMS., Превью: 1. Войдите в личный кабинет, используя логин и пароль.
2. Нажмите на кнопку "Создать новый заказ" в ...
2025-04-22 00:07:17,869 - INFO - Операция: Секция 4 из файла создание_заказа.txt
2025-04-22 00:07:17,869 - INFO - Детали: Раздел: - Минимальная сумма заказа - 500 рублей.
- Срок доставки зависит от выбранного способа и региона.
- После оформления заказа его состав изменить нельзя.
- Вы можете отменить заказ до его отправки в службу доставки., Превью: - Минимальная сумма заказа - 500 рублей.
- Срок доставки зависит от выбранного способа и региона.
- ...
2025-04-22 00:07:17,869 - INFO - Операция: Успешное чтение TXT
2025-04-22 00:07:17,869 - INFO - Детали: Извлечено 4 секций
2025-04-22 00:07:17,869 - INFO - Операция: Успешно прочитан файл: создание_заказа.txt
2025-04-22 00:07:17,870 - INFO - Детали: Извлечено 4 секций
2025-04-22 00:07:17,870 - INFO - Операция: Статистика обработки
2025-04-22 00:07:17,870 - INFO - Детали: Обработано файлов: 6, Всего секций: 60
2025-04-22 00:07:17,870 - INFO - Операция: Создание документов LangChain
2025-04-22 00:07:17,870 - INFO - Детали: Преобразование 60 секций
2025-04-22 00:07:17,870 - INFO - Операция: Создание векторного хранилища
2025-04-22 00:07:17,870 - INFO - Детали: Начало
2025-04-22 00:07:17,870 - INFO - Операция: Создание векторного хранилища
2025-04-22 00:07:17,870 - INFO - Детали: Обработка 60 документов
2025-04-22 00:07:36,013 - INFO - Loading faiss with AVX512 support.
2025-04-22 00:07:36,013 - INFO - Could not load library with AVX512 support due to:
ModuleNotFoundError("No module named 'faiss.swigfaiss_avx512'")
2025-04-22 00:07:36,013 - INFO - Loading faiss with AVX2 support.
2025-04-22 00:07:36,025 - INFO - Successfully loaded faiss with AVX2 support.
2025-04-22 00:07:36,028 - INFO - Failed to load GPU Faiss: name 'GpuIndexIVFFlat' is not defined. Will not load constructor refs for GPU indexes.
2025-04-22 00:07:36,032 - INFO - Операция: Векторное хранилище создано
2025-04-22 00:07:36,032 - INFO - Детали: Успешно
2025-04-22 00:07:36,032 - INFO - Операция: Создание цепочки QA
2025-04-22 00:07:36,032 - INFO - Детали: Начало
2025-04-22 00:07:36,033 - INFO - Операция: Создание агента
2025-04-22 00:07:36,033 - INFO - Детали: Начало
2025-04-22 00:07:36,034 - INFO - Операция: Инициализация завершена
2025-04-22 00:07:36,035 - INFO - Детали: Успешно
2025-04-22 00:07:36,043 - INFO - [31m[1mWARNING: This is a development server. Do not use it in a production deployment. Use a production WSGI server instead.[0m
 * Running on all addresses (0.0.0.0)
 * Running on http://127.0.0.1:5000
 * Running on http://192.168.1.110:5000
2025-04-22 00:07:36,043 - INFO - [33mPress CTRL+C to quit[0m
2025-04-22 00:07:36,044 - INFO -  * Restarting with stat
2025-04-22 00:07:39,993 - INFO - Load pretrained SentenceTransformer: sberbank-ai/sbert_large_nlu_ru
2025-04-22 00:07:44,006 - INFO - Операция: Начало чтения документов из директории: documents
2025-04-22 00:07:44,006 - INFO - Операция: Обработка файла
2025-04-22 00:07:44,006 - INFO - Детали: Тип файла: Документ Microsoft Word по заказу.docx
2025-04-22 00:07:44,006 - INFO - Операция: Чтение Word файла
2025-04-22 00:07:44,006 - INFO - Детали: Обработка файла: documents\Документ Microsoft Word по заказу.docx
2025-04-22 00:07:44,010 - INFO - Операция: Успешное чтение Word
2025-04-22 00:07:44,010 - INFO - Детали: Извлечено 2 секций
2025-04-22 00:07:44,010 - INFO - Операция: Секция 1 из файла Документ Microsoft Word по заказу.docx
2025-04-22 00:07:44,011 - INFO - Детали: Раздел: Заголовок документа, Превью: Название документа: Документ Microsoft Word по заказу


2025-04-22 00:07:44,011 - INFO - Операция: Секция 2 из файла Документ Microsoft Word по заказу.docx
2025-04-22 00:07:44,011 - INFO - Детали: Раздел: Основной текст, Превью: Чтобы создать заказ на доставку требуется использовать транзакцию me21n.
Чтобы изменить заказ на дос...
2025-04-22 00:07:44,011 - INFO - Операция: Успешно прочитан файл: Документ Microsoft Word по заказу.docx
2025-04-22 00:07:44,011 - INFO - Детали: Извлечено 2 секций
2025-04-22 00:07:44,011 - INFO - Операция: Обработка файла
2025-04-22 00:07:44,011 - INFO - Детали: Тип файла: Документ Microsoft Word.docx
2025-04-22 00:07:44,011 - INFO - Операция: Чтение Word файла
2025-04-22 00:07:44,012 - INFO - Детали: Обработка файла: documents\Документ Microsoft Word.docx
2025-04-22 00:07:44,013 - INFO - Операция: Успешное чтение Word
2025-04-22 00:07:44,013 - INFO - Детали: Извлечено 2 секций
2025-04-22 00:07:44,014 - INFO - Операция: Секция 1 из файла Документ Microsoft Word.docx
2025-04-22 00:07:44,014 - INFO - Детали: Раздел: Заголовок документа, Превью: Название документа: Документ Microsoft Word


2025-04-22 00:07:44,014 - INFO - Операция: Секция 2 из файла Документ Microsoft Word.docx
2025-04-22 00:07:44,014 - INFO - Детали: Раздел: Основной текст, Превью: Сколько лет я буду жить? Так долго, как пожелаешь….

Как научиться говорить? Ответ: Шёпотом!

Как со...
2025-04-22 00:07:44,014 - INFO - Операция: Успешно прочитан файл: Документ Microsoft Word.docx
2025-04-22 00:07:44,014 - INFO - Детали: Извлечено 2 секций
2025-04-22 00:07:44,014 - INFO - Операция: Обработка файла
2025-04-22 00:07:44,014 - INFO - Детали: Тип файла: Инструкция_по_сборке_LEGO.pdf
2025-04-22 00:07:44,014 - INFO - Операция: Чтение PDF файла
2025-04-22 00:07:44,015 - INFO - Детали: Обработка файла: documents\Инструкция_по_сборке_LEGO.pdf
2025-04-22 00:07:44,035 - INFO - Операция: Анализ PDF
2025-04-22 00:07:44,035 - INFO - Детали: Файл содержит 48 страниц
2025-04-22 00:07:44,866 - INFO - Операция: Успешное чтение PDF
2025-04-22 00:07:44,867 - INFO - Детали: Извлечено 47 секций
2025-04-22 00:07:44,867 - INFO - Операция: Успешно прочитан файл: Инструкция_по_сборке_LEGO.pdf
2025-04-22 00:07:44,867 - INFO - Детали: Извлечено 47 секций
2025-04-22 00:07:44,867 - INFO - Операция: Обработка файла
2025-04-22 00:07:44,867 - INFO - Детали: Тип файла: Лист Microsoft Excel.xlsx
2025-04-22 00:07:44,867 - INFO - Операция: Чтение Excel файла
2025-04-22 00:07:44,867 - INFO - Детали: Обработка файла: documents\Лист Microsoft Excel.xlsx
2025-04-22 00:07:44,974 - INFO - Операция: Успешное чтение Excel
2025-04-22 00:07:44,974 - INFO - Детали: Извлечено 1 секций
2025-04-22 00:07:44,974 - INFO - Операция: Успешно прочитан файл: Лист Microsoft Excel.xlsx
2025-04-22 00:07:44,974 - INFO - Детали: Извлечено 1 секций
2025-04-22 00:07:44,974 - INFO - Операция: Обработка файла
2025-04-22 00:07:44,974 - INFO - Детали: Тип файла: ММ САП.docx
2025-04-22 00:07:44,975 - INFO - Операция: Чтение Word файла
2025-04-22 00:07:44,975 - INFO - Детали: Обработка файла: documents\ММ САП.docx
2025-04-22 00:07:45,408 - INFO - Операция: Успешное чтение Word
2025-04-22 00:07:45,408 - INFO - Детали: Извлечено 4 секций
2025-04-22 00:07:45,408 - INFO - Операция: Секция 1 из файла ММ САП.docx
2025-04-22 00:07:45,408 - INFO - Детали: Раздел: Документ SAP MM, Превью: ДОКУМЕНТ SAP: ММ САП

Этот документ относится к системе SAP и модулю MM (Material Management). SAP M...
2025-04-22 00:07:45,408 - INFO - Операция: Секция 2 из файла ММ САП.docx
2025-04-22 00:07:45,408 - INFO - Детали: Раздел: Основной текст, Превью: SAP MM CONTENT: SAP MM - Краткое руководство

Предыдущая страница

Далее

SAP MM CONTENT: SAP MM - О...
2025-04-22 00:07:45,409 - INFO - Операция: Секция 3 из файла ММ САП.docx
2025-04-22 00:07:45,409 - INFO - Детали: Раздел: Таблица 1, Превью: SAP MM TABLE DATA:
Таблица 1:

Строка 1: Sr.No . | Закупочная Деятельность и Описание
Строка 2: 1 | ...
2025-04-22 00:07:45,409 - INFO - Операция: Секция 4 из файла ММ САП.docx
2025-04-22 00:07:45,409 - INFO - Детали: Раздел: Таблица 2, Превью: SAP MM TABLE DATA:
Таблица 2:

Строка 1: Sr.No . | T-Код и описание
Строка 2: 1 | ОКС15
Создать комп...
2025-04-22 00:07:45,409 - INFO - Операция: Успешно прочитан файл: ММ САП.docx
2025-04-22 00:07:45,409 - INFO - Детали: Извлечено 4 секций
2025-04-22 00:07:45,409 - INFO - Операция: Обработка файла
2025-04-22 00:07:45,409 - INFO - Детали: Тип файла: создание_заказа.txt
2025-04-22 00:07:45,409 - INFO - Операция: Чтение текстового файла: documents\создание_заказа.txt
2025-04-22 00:07:45,410 - INFO - Операция: Содержимое файла создание_заказа.txt
2025-04-22 00:07:45,410 - INFO - Детали: Размер: 1174 символов
2025-04-22 00:07:45,410 - INFO - Операция: Секция 1 из файла создание_заказа.txt
2025-04-22 00:07:45,410 - INFO - Детали: Раздел: Заголовок документа, Превью: Название документа: создание_заказа


2025-04-22 00:07:45,410 - INFO - Операция: Секция 2 из файла создание_заказа.txt
2025-04-22 00:07:45,410 - INFO - Детали: Раздел: # Инструкция по созданию заказа, Превью: # Инструкция по созданию заказа

## Шаги создания заказа в системе
2025-04-22 00:07:45,410 - INFO - Операция: Секция 3 из файла создание_заказа.txt
2025-04-22 00:07:45,410 - INFO - Детали: Раздел: 1. Войдите в личный кабинет, используя логин и пароль.
2. Нажмите на кнопку "Создать новый заказ" в верхнем меню.
3. Выберите товары из каталога, нажимая кнопку "Добавить в корзину".
4. После выбора всех товаров перейдите в корзину.
5. Проверьте состав заказа и общую сумму.
6. Выберите способ доставки из доступных вариантов:
   - Курьерская доставка
   - Самовывоз из пункта выдачи
   - Почтовая доставка
7. Укажите адрес доставки, если выбрана доставка курьером или почтой.
8. Выберите способ оплаты:
   - Банковской картой онлайн
   - При получении
   - Оплата "Улыбкой" (специальная программа лояльности)
9. Нажмите кнопку "Оформить заказ".
10. Вам придет подтверждение о создании заказа на email и SMS., Превью: 1. Войдите в личный кабинет, используя логин и пароль.
2. Нажмите на кнопку "Создать новый заказ" в ...
2025-04-22 00:07:45,411 - INFO - Операция: Секция 4 из файла создание_заказа.txt
2025-04-22 00:07:45,411 - INFO - Детали: Раздел: - Минимальная сумма заказа - 500 рублей.
- Срок доставки зависит от выбранного способа и региона.
- После оформления заказа его состав изменить нельзя.
- Вы можете отменить заказ до его отправки в службу доставки., Превью: - Минимальная сумма заказа - 500 рублей.
- Срок доставки зависит от выбранного способа и региона.
- ...
2025-04-22 00:07:45,411 - INFO - Операция: Успешное чтение TXT
2025-04-22 00:07:45,411 - INFO - Детали: Извлечено 4 секций
2025-04-22 00:07:45,411 - INFO - Операция: Успешно прочитан файл: создание_заказа.txt
2025-04-22 00:07:45,411 - INFO - Детали: Извлечено 4 секций
2025-04-22 00:07:45,411 - INFO - Операция: Статистика обработки
2025-04-22 00:07:45,411 - INFO - Детали: Обработано файлов: 6, Всего секций: 60
2025-04-22 00:07:45,411 - INFO - Операция: Создание документов LangChain
2025-04-22 00:07:45,411 - INFO - Детали: Преобразование 60 секций
2025-04-22 00:07:45,412 - INFO - Операция: Создание векторного хранилища
2025-04-22 00:07:45,412 - INFO - Детали: Начало
2025-04-22 00:07:45,412 - INFO - Операция: Создание векторного хранилища
2025-04-22 00:07:45,412 - INFO - Детали: Обработка 60 документов
2025-04-22 00:08:03,614 - INFO - Loading faiss with AVX512 support.
2025-04-22 00:08:03,614 - INFO - Could not load library with AVX512 support due to:
ModuleNotFoundError("No module named 'faiss.swigfaiss_avx512'")
2025-04-22 00:08:03,614 - INFO - Loading faiss with AVX2 support.
2025-04-22 00:08:03,625 - INFO - Successfully loaded faiss with AVX2 support.
2025-04-22 00:08:03,628 - INFO - Failed to load GPU Faiss: name 'GpuIndexIVFFlat' is not defined. Will not load constructor refs for GPU indexes.
2025-04-22 00:08:03,630 - INFO - Операция: Векторное хранилище создано
2025-04-22 00:08:03,630 - INFO - Детали: Успешно
2025-04-22 00:08:03,630 - INFO - Операция: Создание цепочки QA
2025-04-22 00:08:03,630 - INFO - Детали: Начало
2025-04-22 00:08:03,631 - INFO - Операция: Создание агента
2025-04-22 00:08:03,631 - INFO - Детали: Начало
2025-04-22 00:08:03,632 - INFO - Операция: Инициализация завершена
2025-04-22 00:08:03,632 - INFO - Детали: Успешно
2025-04-22 00:08:03,637 - WARNING -  * Debugger is active!
2025-04-22 00:08:03,638 - INFO -  * Debugger PIN: 127-184-279
2025-04-22 00:08:59,050 - INFO - 127.0.0.1 - - [22/Apr/2025 00:08:59] "GET / HTTP/1.1" 200 -
2025-04-22 00:08:59,056 - INFO - 127.0.0.1 - - [22/Apr/2025 00:08:59] "[36mGET /static/css/style.css HTTP/1.1[0m" 304 -
2025-04-22 00:08:59,056 - INFO - 127.0.0.1 - - [22/Apr/2025 00:08:59] "[36mGET /static/js/app.js HTTP/1.1[0m" 304 -
2025-04-22 00:09:13,281 - INFO - Операция: Анализ запроса
2025-04-22 00:09:13,281 - INFO - Детали: Начало анализа
2025-04-22 00:09:13,282 - INFO - === Запрос пользователя ===
2025-04-22 00:09:13,282 - INFO - Требуется информация что такое sap mm?
2025-04-22 00:09:13,282 - INFO - === Ответ системы ===
2025-04-22 00:09:13,282 - INFO - 
2025-04-22 00:09:13,282 - INFO - =====================
2025-04-22 00:09:13,282 - INFO - Операция: Обработка запроса
2025-04-22 00:09:13,283 - INFO - Детали: Ключевые слова: 'что такое sap mm?'
2025-04-22 00:09:13,283 - INFO - Операция: Определен SAP-запрос
2025-04-22 00:09:13,283 - INFO - Детали: Запуск специализированного поиска
2025-04-22 00:09:13,366 - INFO - Операция: Найдены SAP-документы
2025-04-22 00:09:13,366 - INFO - Детали: 10 результатов
2025-04-22 00:09:13,367 - INFO - Операция: Проверка документа
2025-04-22 00:09:13,367 - INFO - Детали: Файл: мм сап.docx, Раздел: документ sap mm
2025-04-22 00:09:13,367 - INFO - Операция: Найдено SAP MM совпадение
2025-04-22 00:09:13,367 - INFO - Детали: Файл: мм сап.docx, Раздел: документ sap mm, Превью: документ sap: мм сап

этот документ относится к системе sap и модулю mm (material management). sap m...
2025-04-22 00:09:13,367 - INFO - Операция: Проверка документа
2025-04-22 00:09:13,367 - INFO - Детали: Файл: документ microsoft word по заказу.docx, Раздел: заголовок документа
2025-04-22 00:09:13,367 - INFO - Операция: Проверка документа
2025-04-22 00:09:13,367 - INFO - Детали: Файл: документ microsoft word.docx, Раздел: заголовок документа
2025-04-22 00:09:13,367 - INFO - Операция: Проверка документа
2025-04-22 00:09:13,368 - INFO - Детали: Файл: создание_заказа.txt, Раздел: # инструкция по созданию заказа
2025-04-22 00:09:13,368 - INFO - Операция: Проверка документа
2025-04-22 00:09:13,368 - INFO - Детали: Файл: создание_заказа.txt, Раздел: заголовок документа
2025-04-22 00:09:13,368 - INFO - Операция: Проверка документа
2025-04-22 00:09:13,369 - INFO - Детали: Файл: мм сап.docx, Раздел: основной текст
2025-04-22 00:09:13,369 - INFO - Операция: Найдено SAP MM совпадение
2025-04-22 00:09:13,369 - INFO - Детали: Файл: мм сап.docx, Раздел: основной текст, Превью: sap mm content: sap mm - краткое руководство

предыдущая страница

далее

sap mm content: sap mm - о...
2025-04-22 00:09:13,369 - INFO - Операция: Проверка документа
2025-04-22 00:09:13,369 - INFO - Детали: Файл: инструкция_по_сборке_lego.pdf, Раздел: страница 35
2025-04-22 00:09:13,369 - INFO - Операция: Проверка документа
2025-04-22 00:09:13,369 - INFO - Детали: Файл: инструкция_по_сборке_lego.pdf, Раздел: страница 40
2025-04-22 00:09:13,369 - INFO - Операция: Проверка документа
2025-04-22 00:09:13,369 - INFO - Детали: Файл: мм сап.docx, Раздел: таблица 1
2025-04-22 00:09:13,369 - INFO - Операция: Найдено SAP MM совпадение
2025-04-22 00:09:13,369 - INFO - Детали: Файл: мм сап.docx, Раздел: таблица 1, Превью: sap mm table data:
таблица 1:

строка 1: sr.no . | закупочная деятельность и описание
строка 2: 1 | ...
2025-04-22 00:09:13,370 - INFO - Операция: Проверка документа
2025-04-22 00:09:13,370 - INFO - Детали: Файл: документ microsoft word по заказу.docx, Раздел: основной текст
2025-04-22 00:09:13,370 - INFO - Операция: Отфильтровано 3 SAP документов
2025-04-22 00:09:13,370 - INFO - Детали: Формирование прямого ответа на основе SAP документов
2025-04-22 00:09:17,651 - INFO - Операция: Получен ответ на SAP-запрос
2025-04-22 00:09:17,652 - INFO - Детали: Длина ответа: 2288 символов
2025-04-22 00:09:17,653 - INFO - === Запрос пользователя ===
2025-04-22 00:09:17,653 - INFO - Требуется информация что такое sap mm?
2025-04-22 00:09:17,653 - INFO - === Ответ системы ===
2025-04-22 00:09:17,653 - INFO - Информация найдена на странице 1 в разделе **Основной текст**:

SAP MM CONTENT: SAP MM - Процесс закупок

Каждая организация приобретает материалы или услуги для удовлетворения своих бизнес-потребностей. Процесс покупки материалов и получения услуг от поставщиков или дилеров называется закупками. Этапы, необходимые для закупки материалов, составляют цикл закупок. Каждая организация выполняет несколько последовательных этапов для закупки материалов в нужном количестве по нужной цене. Важные этапы цикла закупок следующие:

1. **Определение потребности**
   Это первый этап в цикле закупок. Это логическая последовательность действий, в ходе которой определяется, какие материалы или услуги требуются компании и какой поставщик может удовлетворить эти потребности. Составляется список требований, который затем утверждается вышестоящим руководством организации. После утверждения составляется официальный список, который называется заказом на поставку и проходит еще один уровень утверждения, после чего отправляется поставщику.

2. **Создание заказа на покупку**
   Заказ на поставку — это официальное и окончательное подтверждение требований, которое отправляется поставщику для поставки материалов или услуг. В заказе на поставку содержится важная информация, такая как название материала с указанием завода-изготовителя, сведения о покупающей организации с кодом компании, название поставщика и дата поставки. Заказ на поставку можно создать, выполнив следующие действия:

3. **Учет Поступления товара**
   После обработки заказа на поставку поставщик доставляет товар заказчику, и этот процесс называется получением товара. На этом этапе заказчик получает товар и проверяет его состояние и качество. После проверки соответствия товара заранее установленным требованиям оформляется накладная на получение товара.

4. **Разноска счета-фактуры**
   Счёт-фактура поступает от поставщика после получения товара, а затем проверяется заказчиком. На этом этапе поставщик (продавец) получает оплату от компании, и осуществляется сверка счёта-фактуры и заказа. Счёт-фактуру можно выставить, выполнив следующие действия:

5. **Проверка счета-фактуры / Оплата Поставщику**
   На этом этапе компания выплачивает поставщику (продавцу) деньги, а также сверяет счёт-фактуру и платёжное поручение.
2025-04-22 00:09:17,653 - INFO - =====================
2025-04-22 00:09:17,685 - INFO - 127.0.0.1 - - [22/Apr/2025 00:09:17] "POST /analyze HTTP/1.1" 200 -
2025-04-22 00:16:02,320 - INFO -  * Detected change in 'c:\\Users\\NOVA\\OneDrive\\Рабочий стол\\AI-агент\\pet-project\\app.py', reloading
2025-04-22 00:16:02,920 - INFO -  * Restarting with stat
2025-04-22 00:16:06,994 - INFO - Load pretrained SentenceTransformer: sberbank-ai/sbert_large_nlu_ru
2025-04-22 00:16:11,050 - INFO - Операция: Начало чтения документов из директории: documents
2025-04-22 00:16:11,050 - INFO - Операция: Обработка файла
2025-04-22 00:16:11,051 - INFO - Детали: Тип файла: Документ Microsoft Word по заказу.docx
2025-04-22 00:16:11,051 - INFO - Операция: Чтение Word файла
2025-04-22 00:16:11,051 - INFO - Детали: Обработка файла: documents\Документ Microsoft Word по заказу.docx
2025-04-22 00:16:11,055 - INFO - Операция: Успешное чтение Word
2025-04-22 00:16:11,055 - INFO - Детали: Извлечено 2 секций
2025-04-22 00:16:11,055 - INFO - Операция: Секция 1 из файла Документ Microsoft Word по заказу.docx
2025-04-22 00:16:11,055 - INFO - Детали: Раздел: Заголовок документа, Превью: Название документа: Документ Microsoft Word по заказу


2025-04-22 00:16:11,055 - INFO - Операция: Секция 2 из файла Документ Microsoft Word по заказу.docx
2025-04-22 00:16:11,055 - INFO - Детали: Раздел: Основной текст, Превью: Чтобы создать заказ на доставку требуется использовать транзакцию me21n.
Чтобы изменить заказ на дос...
2025-04-22 00:16:11,056 - INFO - Операция: Успешно прочитан файл: Документ Microsoft Word по заказу.docx
2025-04-22 00:16:11,056 - INFO - Детали: Извлечено 2 секций
2025-04-22 00:16:11,056 - INFO - Операция: Обработка файла
2025-04-22 00:16:11,056 - INFO - Детали: Тип файла: Документ Microsoft Word.docx
2025-04-22 00:16:11,056 - INFO - Операция: Чтение Word файла
2025-04-22 00:16:11,056 - INFO - Детали: Обработка файла: documents\Документ Microsoft Word.docx
2025-04-22 00:16:11,058 - INFO - Операция: Успешное чтение Word
2025-04-22 00:16:11,058 - INFO - Детали: Извлечено 2 секций
2025-04-22 00:16:11,058 - INFO - Операция: Секция 1 из файла Документ Microsoft Word.docx
2025-04-22 00:16:11,058 - INFO - Детали: Раздел: Заголовок документа, Превью: Название документа: Документ Microsoft Word


2025-04-22 00:16:11,058 - INFO - Операция: Секция 2 из файла Документ Microsoft Word.docx
2025-04-22 00:16:11,058 - INFO - Детали: Раздел: Основной текст, Превью: Сколько лет я буду жить? Так долго, как пожелаешь….

Как научиться говорить? Ответ: Шёпотом!

Как со...
2025-04-22 00:16:11,059 - INFO - Операция: Успешно прочитан файл: Документ Microsoft Word.docx
2025-04-22 00:16:11,059 - INFO - Детали: Извлечено 2 секций
2025-04-22 00:16:11,059 - INFO - Операция: Обработка файла
2025-04-22 00:16:11,059 - INFO - Детали: Тип файла: Инструкция_по_сборке_LEGO.pdf
2025-04-22 00:16:11,059 - INFO - Операция: Чтение PDF файла
2025-04-22 00:16:11,059 - INFO - Детали: Обработка файла: documents\Инструкция_по_сборке_LEGO.pdf
2025-04-22 00:16:11,078 - INFO - Операция: Анализ PDF
2025-04-22 00:16:11,079 - INFO - Детали: Файл содержит 48 страниц
2025-04-22 00:16:11,937 - INFO - Операция: Успешное чтение PDF
2025-04-22 00:16:11,937 - INFO - Детали: Извлечено 47 секций
2025-04-22 00:16:11,937 - INFO - Операция: Успешно прочитан файл: Инструкция_по_сборке_LEGO.pdf
2025-04-22 00:16:11,937 - INFO - Детали: Извлечено 47 секций
2025-04-22 00:16:11,937 - INFO - Операция: Обработка файла
2025-04-22 00:16:11,937 - INFO - Детали: Тип файла: Лист Microsoft Excel.xlsx
2025-04-22 00:16:11,937 - INFO - Операция: Чтение Excel файла
2025-04-22 00:16:11,938 - INFO - Детали: Обработка файла: documents\Лист Microsoft Excel.xlsx
2025-04-22 00:16:12,046 - INFO - Операция: Успешное чтение Excel
2025-04-22 00:16:12,046 - INFO - Детали: Извлечено 1 секций
2025-04-22 00:16:12,046 - INFO - Операция: Успешно прочитан файл: Лист Microsoft Excel.xlsx
2025-04-22 00:16:12,046 - INFO - Детали: Извлечено 1 секций
2025-04-22 00:16:12,046 - INFO - Операция: Обработка файла
2025-04-22 00:16:12,046 - INFO - Детали: Тип файла: ММ САП.docx
2025-04-22 00:16:12,046 - INFO - Операция: Чтение Word файла
2025-04-22 00:16:12,047 - INFO - Детали: Обработка файла: documents\ММ САП.docx
2025-04-22 00:16:12,479 - INFO - Операция: Успешное чтение Word
2025-04-22 00:16:12,479 - INFO - Детали: Извлечено 4 секций
2025-04-22 00:16:12,479 - INFO - Операция: Секция 1 из файла ММ САП.docx
2025-04-22 00:16:12,479 - INFO - Детали: Раздел: Документ SAP MM, Превью: ДОКУМЕНТ SAP: ММ САП

Этот документ относится к системе SAP и модулю MM (Material Management). SAP M...
2025-04-22 00:16:12,479 - INFO - Операция: Секция 2 из файла ММ САП.docx
2025-04-22 00:16:12,479 - INFO - Детали: Раздел: Основной текст, Превью: SAP MM CONTENT: SAP MM - Краткое руководство

Предыдущая страница

Далее

SAP MM CONTENT: SAP MM - О...
2025-04-22 00:16:12,479 - INFO - Операция: Секция 3 из файла ММ САП.docx
2025-04-22 00:16:12,480 - INFO - Детали: Раздел: Таблица 1, Превью: SAP MM TABLE DATA:
Таблица 1:

Строка 1: Sr.No . | Закупочная Деятельность и Описание
Строка 2: 1 | ...
2025-04-22 00:16:12,480 - INFO - Операция: Секция 4 из файла ММ САП.docx
2025-04-22 00:16:12,480 - INFO - Детали: Раздел: Таблица 2, Превью: SAP MM TABLE DATA:
Таблица 2:

Строка 1: Sr.No . | T-Код и описание
Строка 2: 1 | ОКС15
Создать комп...
2025-04-22 00:16:12,480 - INFO - Операция: Успешно прочитан файл: ММ САП.docx
2025-04-22 00:16:12,480 - INFO - Детали: Извлечено 4 секций
2025-04-22 00:16:12,480 - INFO - Операция: Обработка файла
2025-04-22 00:16:12,480 - INFO - Детали: Тип файла: создание_заказа.txt
2025-04-22 00:16:12,480 - INFO - Операция: Чтение текстового файла: documents\создание_заказа.txt
2025-04-22 00:16:12,481 - INFO - Операция: Содержимое файла создание_заказа.txt
2025-04-22 00:16:12,481 - INFO - Детали: Размер: 1174 символов
2025-04-22 00:16:12,481 - INFO - Операция: Секция 1 из файла создание_заказа.txt
2025-04-22 00:16:12,481 - INFO - Детали: Раздел: Заголовок документа, Превью: Название документа: создание_заказа


2025-04-22 00:16:12,481 - INFO - Операция: Секция 2 из файла создание_заказа.txt
2025-04-22 00:16:12,481 - INFO - Детали: Раздел: # Инструкция по созданию заказа, Превью: # Инструкция по созданию заказа

## Шаги создания заказа в системе
2025-04-22 00:16:12,481 - INFO - Операция: Секция 3 из файла создание_заказа.txt
2025-04-22 00:16:12,481 - INFO - Детали: Раздел: 1. Войдите в личный кабинет, используя логин и пароль.
2. Нажмите на кнопку "Создать новый заказ" в верхнем меню.
3. Выберите товары из каталога, нажимая кнопку "Добавить в корзину".
4. После выбора всех товаров перейдите в корзину.
5. Проверьте состав заказа и общую сумму.
6. Выберите способ доставки из доступных вариантов:
   - Курьерская доставка
   - Самовывоз из пункта выдачи
   - Почтовая доставка
7. Укажите адрес доставки, если выбрана доставка курьером или почтой.
8. Выберите способ оплаты:
   - Банковской картой онлайн
   - При получении
   - Оплата "Улыбкой" (специальная программа лояльности)
9. Нажмите кнопку "Оформить заказ".
10. Вам придет подтверждение о создании заказа на email и SMS., Превью: 1. Войдите в личный кабинет, используя логин и пароль.
2. Нажмите на кнопку "Создать новый заказ" в ...
2025-04-22 00:16:12,482 - INFO - Операция: Секция 4 из файла создание_заказа.txt
2025-04-22 00:16:12,482 - INFO - Детали: Раздел: - Минимальная сумма заказа - 500 рублей.
- Срок доставки зависит от выбранного способа и региона.
- После оформления заказа его состав изменить нельзя.
- Вы можете отменить заказ до его отправки в службу доставки., Превью: - Минимальная сумма заказа - 500 рублей.
- Срок доставки зависит от выбранного способа и региона.
- ...
2025-04-22 00:16:12,482 - INFO - Операция: Успешное чтение TXT
2025-04-22 00:16:12,482 - INFO - Детали: Извлечено 4 секций
2025-04-22 00:16:12,482 - INFO - Операция: Успешно прочитан файл: создание_заказа.txt
2025-04-22 00:16:12,482 - INFO - Детали: Извлечено 4 секций
2025-04-22 00:16:12,482 - INFO - Операция: Статистика обработки
2025-04-22 00:16:12,482 - INFO - Детали: Обработано файлов: 6, Всего секций: 60
2025-04-22 00:16:12,482 - INFO - Операция: Создание документов LangChain
2025-04-22 00:16:12,482 - INFO - Детали: Преобразование 60 секций
2025-04-22 00:16:12,482 - INFO - Операция: Создание векторного хранилища
2025-04-22 00:16:12,483 - INFO - Детали: Начало
2025-04-22 00:16:12,483 - INFO - Операция: Создание векторного хранилища
2025-04-22 00:16:12,483 - INFO - Детали: Обработка 60 документов
2025-04-22 00:16:31,028 - INFO - Loading faiss with AVX512 support.
2025-04-22 00:16:31,028 - INFO - Could not load library with AVX512 support due to:
ModuleNotFoundError("No module named 'faiss.swigfaiss_avx512'")
2025-04-22 00:16:31,028 - INFO - Loading faiss with AVX2 support.
2025-04-22 00:16:31,039 - INFO - Successfully loaded faiss with AVX2 support.
2025-04-22 00:16:31,043 - INFO - Failed to load GPU Faiss: name 'GpuIndexIVFFlat' is not defined. Will not load constructor refs for GPU indexes.
2025-04-22 00:16:31,046 - INFO - Операция: Векторное хранилище создано
2025-04-22 00:16:31,046 - INFO - Детали: Успешно
2025-04-22 00:16:31,046 - INFO - Операция: Создание цепочки QA
2025-04-22 00:16:31,046 - INFO - Детали: Начало
2025-04-22 00:16:31,047 - INFO - Операция: Создание агента
2025-04-22 00:16:31,047 - INFO - Детали: Начало
2025-04-22 00:16:31,048 - INFO - Операция: Инициализация завершена
2025-04-22 00:16:31,048 - INFO - Детали: Успешно
2025-04-22 00:16:31,053 - WARNING -  * Debugger is active!
2025-04-22 00:16:31,055 - INFO -  * Debugger PIN: 127-184-279
2025-04-22 00:16:51,027 - INFO -  * Detected change in 'c:\\Users\\NOVA\\OneDrive\\Рабочий стол\\AI-агент\\pet-project\\app.py', reloading
2025-04-22 00:16:51,662 - INFO -  * Restarting with stat
2025-04-22 00:16:55,709 - INFO - Load pretrained SentenceTransformer: sberbank-ai/sbert_large_nlu_ru
2025-04-22 00:17:02,372 - INFO - Load pretrained SentenceTransformer: sberbank-ai/sbert_large_nlu_ru
2025-04-22 00:17:05,726 - INFO - Операция: Начало чтения документов из директории: documents
2025-04-22 00:17:05,726 - INFO - Операция: Обработка файла
2025-04-22 00:17:05,726 - INFO - Детали: Тип файла: Документ Microsoft Word по заказу.docx
2025-04-22 00:17:05,726 - INFO - Операция: Чтение Word файла
2025-04-22 00:17:05,726 - INFO - Детали: Обработка файла: documents\Документ Microsoft Word по заказу.docx
2025-04-22 00:17:05,730 - INFO - Операция: Успешное чтение Word
2025-04-22 00:17:05,730 - INFO - Детали: Извлечено 2 секций
2025-04-22 00:17:05,730 - INFO - Операция: Секция 1 из файла Документ Microsoft Word по заказу.docx
2025-04-22 00:17:05,730 - INFO - Детали: Раздел: Заголовок документа, Превью: Название документа: Документ Microsoft Word по заказу


2025-04-22 00:17:05,731 - INFO - Операция: Секция 2 из файла Документ Microsoft Word по заказу.docx
2025-04-22 00:17:05,731 - INFO - Детали: Раздел: Основной текст, Превью: Чтобы создать заказ на доставку требуется использовать транзакцию me21n.
Чтобы изменить заказ на дос...
2025-04-22 00:17:05,731 - INFO - Операция: Успешно прочитан файл: Документ Microsoft Word по заказу.docx
2025-04-22 00:17:05,731 - INFO - Детали: Извлечено 2 секций
2025-04-22 00:17:05,731 - INFO - Операция: Обработка файла
2025-04-22 00:17:05,731 - INFO - Детали: Тип файла: Документ Microsoft Word.docx
2025-04-22 00:17:05,731 - INFO - Операция: Чтение Word файла
2025-04-22 00:17:05,731 - INFO - Детали: Обработка файла: documents\Документ Microsoft Word.docx
2025-04-22 00:17:05,733 - INFO - Операция: Успешное чтение Word
2025-04-22 00:17:05,734 - INFO - Детали: Извлечено 2 секций
2025-04-22 00:17:05,734 - INFO - Операция: Секция 1 из файла Документ Microsoft Word.docx
2025-04-22 00:17:05,734 - INFO - Детали: Раздел: Заголовок документа, Превью: Название документа: Документ Microsoft Word


2025-04-22 00:17:05,734 - INFO - Операция: Секция 2 из файла Документ Microsoft Word.docx
2025-04-22 00:17:05,734 - INFO - Детали: Раздел: Основной текст, Превью: Сколько лет я буду жить? Так долго, как пожелаешь….

Как научиться говорить? Ответ: Шёпотом!

Как со...
2025-04-22 00:17:05,734 - INFO - Операция: Успешно прочитан файл: Документ Microsoft Word.docx
2025-04-22 00:17:05,734 - INFO - Детали: Извлечено 2 секций
2025-04-22 00:17:05,734 - INFO - Операция: Обработка файла
2025-04-22 00:17:05,735 - INFO - Детали: Тип файла: Инструкция_по_сборке_LEGO.pdf
2025-04-22 00:17:05,735 - INFO - Операция: Чтение PDF файла
2025-04-22 00:17:05,735 - INFO - Детали: Обработка файла: documents\Инструкция_по_сборке_LEGO.pdf
2025-04-22 00:17:05,754 - INFO - Операция: Анализ PDF
2025-04-22 00:17:05,754 - INFO - Детали: Файл содержит 48 страниц
2025-04-22 00:17:06,585 - INFO - Операция: Успешное чтение PDF
2025-04-22 00:17:06,585 - INFO - Детали: Извлечено 47 секций
2025-04-22 00:17:06,585 - INFO - Операция: Успешно прочитан файл: Инструкция_по_сборке_LEGO.pdf
2025-04-22 00:17:06,585 - INFO - Детали: Извлечено 47 секций
2025-04-22 00:17:06,585 - INFO - Операция: Обработка файла
2025-04-22 00:17:06,585 - INFO - Детали: Тип файла: Лист Microsoft Excel.xlsx
2025-04-22 00:17:06,585 - INFO - Операция: Чтение Excel файла
2025-04-22 00:17:06,586 - INFO - Детали: Обработка файла: documents\Лист Microsoft Excel.xlsx
2025-04-22 00:17:06,688 - INFO - Операция: Успешное чтение Excel
2025-04-22 00:17:06,688 - INFO - Детали: Извлечено 1 секций
2025-04-22 00:17:06,689 - INFO - Операция: Успешно прочитан файл: Лист Microsoft Excel.xlsx
2025-04-22 00:17:06,689 - INFO - Детали: Извлечено 1 секций
2025-04-22 00:17:06,689 - INFO - Операция: Обработка файла
2025-04-22 00:17:06,689 - INFO - Детали: Тип файла: ММ САП.docx
2025-04-22 00:17:06,689 - INFO - Операция: Чтение Word файла
2025-04-22 00:17:06,689 - INFO - Детали: Обработка файла: documents\ММ САП.docx
2025-04-22 00:17:07,125 - INFO - Операция: Успешное чтение Word
2025-04-22 00:17:07,126 - INFO - Детали: Извлечено 4 секций
2025-04-22 00:17:07,126 - INFO - Операция: Секция 1 из файла ММ САП.docx
2025-04-22 00:17:07,126 - INFO - Детали: Раздел: Документ SAP MM, Превью: ДОКУМЕНТ SAP: ММ САП

Этот документ относится к системе SAP и модулю MM (Material Management). SAP M...
2025-04-22 00:17:07,126 - INFO - Операция: Секция 2 из файла ММ САП.docx
2025-04-22 00:17:07,126 - INFO - Детали: Раздел: Основной текст, Превью: SAP MM CONTENT: SAP MM - Краткое руководство

Предыдущая страница

Далее

SAP MM CONTENT: SAP MM - О...
2025-04-22 00:17:07,126 - INFO - Операция: Секция 3 из файла ММ САП.docx
2025-04-22 00:17:07,126 - INFO - Детали: Раздел: Таблица 1, Превью: SAP MM TABLE DATA:
Таблица 1:

Строка 1: Sr.No . | Закупочная Деятельность и Описание
Строка 2: 1 | ...
2025-04-22 00:17:07,126 - INFO - Операция: Секция 4 из файла ММ САП.docx
2025-04-22 00:17:07,126 - INFO - Детали: Раздел: Таблица 2, Превью: SAP MM TABLE DATA:
Таблица 2:

Строка 1: Sr.No . | T-Код и описание
Строка 2: 1 | ОКС15
Создать комп...
2025-04-22 00:17:07,127 - INFO - Операция: Успешно прочитан файл: ММ САП.docx
2025-04-22 00:17:07,127 - INFO - Детали: Извлечено 4 секций
2025-04-22 00:17:07,127 - INFO - Операция: Обработка файла
2025-04-22 00:17:07,127 - INFO - Детали: Тип файла: создание_заказа.txt
2025-04-22 00:17:07,127 - INFO - Операция: Чтение текстового файла: documents\создание_заказа.txt
2025-04-22 00:17:07,127 - INFO - Операция: Содержимое файла создание_заказа.txt
2025-04-22 00:17:07,127 - INFO - Детали: Размер: 1174 символов
2025-04-22 00:17:07,128 - INFO - Операция: Секция 1 из файла создание_заказа.txt
2025-04-22 00:17:07,128 - INFO - Детали: Раздел: Заголовок документа, Превью: Название документа: создание_заказа


2025-04-22 00:17:07,128 - INFO - Операция: Секция 2 из файла создание_заказа.txt
2025-04-22 00:17:07,128 - INFO - Детали: Раздел: # Инструкция по созданию заказа, Превью: # Инструкция по созданию заказа

## Шаги создания заказа в системе
2025-04-22 00:17:07,128 - INFO - Операция: Секция 3 из файла создание_заказа.txt
2025-04-22 00:17:07,128 - INFO - Детали: Раздел: 1. Войдите в личный кабинет, используя логин и пароль.
2. Нажмите на кнопку "Создать новый заказ" в верхнем меню.
3. Выберите товары из каталога, нажимая кнопку "Добавить в корзину".
4. После выбора всех товаров перейдите в корзину.
5. Проверьте состав заказа и общую сумму.
6. Выберите способ доставки из доступных вариантов:
   - Курьерская доставка
   - Самовывоз из пункта выдачи
   - Почтовая доставка
7. Укажите адрес доставки, если выбрана доставка курьером или почтой.
8. Выберите способ оплаты:
   - Банковской картой онлайн
   - При получении
   - Оплата "Улыбкой" (специальная программа лояльности)
9. Нажмите кнопку "Оформить заказ".
10. Вам придет подтверждение о создании заказа на email и SMS., Превью: 1. Войдите в личный кабинет, используя логин и пароль.
2. Нажмите на кнопку "Создать новый заказ" в ...
2025-04-22 00:17:07,128 - INFO - Операция: Секция 4 из файла создание_заказа.txt
2025-04-22 00:17:07,129 - INFO - Детали: Раздел: - Минимальная сумма заказа - 500 рублей.
- Срок доставки зависит от выбранного способа и региона.
- После оформления заказа его состав изменить нельзя.
- Вы можете отменить заказ до его отправки в службу доставки., Превью: - Минимальная сумма заказа - 500 рублей.
- Срок доставки зависит от выбранного способа и региона.
- ...
2025-04-22 00:17:07,129 - INFO - Операция: Успешное чтение TXT
2025-04-22 00:17:07,129 - INFO - Детали: Извлечено 4 секций
2025-04-22 00:17:07,129 - INFO - Операция: Успешно прочитан файл: создание_заказа.txt
2025-04-22 00:17:07,129 - INFO - Детали: Извлечено 4 секций
2025-04-22 00:17:07,129 - INFO - Операция: Статистика обработки
2025-04-22 00:17:07,129 - INFO - Детали: Обработано файлов: 6, Всего секций: 60
2025-04-22 00:17:07,129 - INFO - Операция: Создание документов LangChain
2025-04-22 00:17:07,129 - INFO - Детали: Преобразование 60 секций
2025-04-22 00:17:07,129 - INFO - Операция: Создание векторного хранилища
2025-04-22 00:17:07,130 - INFO - Детали: Начало
2025-04-22 00:17:07,130 - INFO - Операция: Создание векторного хранилища
2025-04-22 00:17:07,130 - INFO - Детали: Обработка 60 документов
2025-04-22 00:17:25,273 - INFO - Loading faiss with AVX512 support.
2025-04-22 00:17:25,273 - INFO - Could not load library with AVX512 support due to:
ModuleNotFoundError("No module named 'faiss.swigfaiss_avx512'")
2025-04-22 00:17:25,274 - INFO - Loading faiss with AVX2 support.
2025-04-22 00:17:25,286 - INFO - Successfully loaded faiss with AVX2 support.
2025-04-22 00:17:25,289 - INFO - Failed to load GPU Faiss: name 'GpuIndexIVFFlat' is not defined. Will not load constructor refs for GPU indexes.
2025-04-22 00:17:25,292 - INFO - Операция: Векторное хранилище создано
2025-04-22 00:17:25,292 - INFO - Детали: Успешно
2025-04-22 00:17:25,292 - INFO - Операция: Создание цепочки QA
2025-04-22 00:17:25,292 - INFO - Детали: Начало
2025-04-22 00:17:25,293 - INFO - Операция: Создание агента
2025-04-22 00:17:25,293 - INFO - Детали: Начало
2025-04-22 00:17:25,294 - INFO - Операция: Инициализация завершена
2025-04-22 00:17:25,294 - INFO - Детали: Успешно
2025-04-22 00:17:25,306 - INFO - [31m[1mWARNING: This is a development server. Do not use it in a production deployment. Use a production WSGI server instead.[0m
 * Running on all addresses (0.0.0.0)
 * Running on http://127.0.0.1:5000
 * Running on http://192.168.1.110:5000
2025-04-22 00:17:25,306 - INFO - [33mPress CTRL+C to quit[0m
2025-04-22 00:17:25,307 - INFO -  * Restarting with stat
2025-04-22 00:17:29,317 - INFO - Load pretrained SentenceTransformer: sberbank-ai/sbert_large_nlu_ru
2025-04-22 00:17:32,835 - INFO - Операция: Начало чтения документов из директории: documents
2025-04-22 00:17:32,835 - INFO - Операция: Обработка файла
2025-04-22 00:17:32,835 - INFO - Детали: Тип файла: Документ Microsoft Word по заказу.docx
2025-04-22 00:17:32,835 - INFO - Операция: Чтение Word файла
2025-04-22 00:17:32,835 - INFO - Детали: Обработка файла: documents\Документ Microsoft Word по заказу.docx
2025-04-22 00:17:32,839 - INFO - Операция: Успешное чтение Word
2025-04-22 00:17:32,839 - INFO - Детали: Извлечено 2 секций
2025-04-22 00:17:32,839 - INFO - Операция: Секция 1 из файла Документ Microsoft Word по заказу.docx
2025-04-22 00:17:32,839 - INFO - Детали: Раздел: Заголовок документа, Превью: Название документа: Документ Microsoft Word по заказу


2025-04-22 00:17:32,840 - INFO - Операция: Секция 2 из файла Документ Microsoft Word по заказу.docx
2025-04-22 00:17:32,840 - INFO - Детали: Раздел: Основной текст, Превью: Чтобы создать заказ на доставку требуется использовать транзакцию me21n.
Чтобы изменить заказ на дос...
2025-04-22 00:17:32,840 - INFO - Операция: Успешно прочитан файл: Документ Microsoft Word по заказу.docx
2025-04-22 00:17:32,840 - INFO - Детали: Извлечено 2 секций
2025-04-22 00:17:32,840 - INFO - Операция: Обработка файла
2025-04-22 00:17:32,840 - INFO - Детали: Тип файла: Документ Microsoft Word.docx
2025-04-22 00:17:32,840 - INFO - Операция: Чтение Word файла
2025-04-22 00:17:32,840 - INFO - Детали: Обработка файла: documents\Документ Microsoft Word.docx
2025-04-22 00:17:32,842 - INFO - Операция: Успешное чтение Word
2025-04-22 00:17:32,842 - INFO - Детали: Извлечено 2 секций
2025-04-22 00:17:32,842 - INFO - Операция: Секция 1 из файла Документ Microsoft Word.docx
2025-04-22 00:17:32,843 - INFO - Детали: Раздел: Заголовок документа, Превью: Название документа: Документ Microsoft Word


2025-04-22 00:17:32,843 - INFO - Операция: Секция 2 из файла Документ Microsoft Word.docx
2025-04-22 00:17:32,843 - INFO - Детали: Раздел: Основной текст, Превью: Сколько лет я буду жить? Так долго, как пожелаешь….

Как научиться говорить? Ответ: Шёпотом!

Как со...
2025-04-22 00:17:32,843 - INFO - Операция: Успешно прочитан файл: Документ Microsoft Word.docx
2025-04-22 00:17:32,843 - INFO - Детали: Извлечено 2 секций
2025-04-22 00:17:32,843 - INFO - Операция: Обработка файла
2025-04-22 00:17:32,843 - INFO - Детали: Тип файла: Инструкция_по_сборке_LEGO.pdf
2025-04-22 00:17:32,843 - INFO - Операция: Чтение PDF файла
2025-04-22 00:17:32,844 - INFO - Детали: Обработка файла: documents\Инструкция_по_сборке_LEGO.pdf
2025-04-22 00:17:32,862 - INFO - Операция: Анализ PDF
2025-04-22 00:17:32,862 - INFO - Детали: Файл содержит 48 страниц
2025-04-22 00:17:33,711 - INFO - Операция: Успешное чтение PDF
2025-04-22 00:17:33,712 - INFO - Детали: Извлечено 47 секций
2025-04-22 00:17:33,712 - INFO - Операция: Успешно прочитан файл: Инструкция_по_сборке_LEGO.pdf
2025-04-22 00:17:33,712 - INFO - Детали: Извлечено 47 секций
2025-04-22 00:17:33,712 - INFO - Операция: Обработка файла
2025-04-22 00:17:33,712 - INFO - Детали: Тип файла: Лист Microsoft Excel.xlsx
2025-04-22 00:17:33,712 - INFO - Операция: Чтение Excel файла
2025-04-22 00:17:33,712 - INFO - Детали: Обработка файла: documents\Лист Microsoft Excel.xlsx
2025-04-22 00:17:33,817 - INFO - Операция: Успешное чтение Excel
2025-04-22 00:17:33,817 - INFO - Детали: Извлечено 1 секций
2025-04-22 00:17:33,818 - INFO - Операция: Успешно прочитан файл: Лист Microsoft Excel.xlsx
2025-04-22 00:17:33,818 - INFO - Детали: Извлечено 1 секций
2025-04-22 00:17:33,818 - INFO - Операция: Обработка файла
2025-04-22 00:17:33,818 - INFO - Детали: Тип файла: ММ САП.docx
2025-04-22 00:17:33,818 - INFO - Операция: Чтение Word файла
2025-04-22 00:17:33,818 - INFO - Детали: Обработка файла: documents\ММ САП.docx
2025-04-22 00:17:34,262 - INFO - Операция: Успешное чтение Word
2025-04-22 00:17:34,262 - INFO - Детали: Извлечено 4 секций
2025-04-22 00:17:34,262 - INFO - Операция: Секция 1 из файла ММ САП.docx
2025-04-22 00:17:34,262 - INFO - Детали: Раздел: Документ SAP MM, Превью: ДОКУМЕНТ SAP: ММ САП

Этот документ относится к системе SAP и модулю MM (Material Management). SAP M...
2025-04-22 00:17:34,262 - INFO - Операция: Секция 2 из файла ММ САП.docx
2025-04-22 00:17:34,263 - INFO - Детали: Раздел: Основной текст, Превью: SAP MM CONTENT: SAP MM - Краткое руководство

Предыдущая страница

Далее

SAP MM CONTENT: SAP MM - О...
2025-04-22 00:17:34,263 - INFO - Операция: Секция 3 из файла ММ САП.docx
2025-04-22 00:17:34,263 - INFO - Детали: Раздел: Таблица 1, Превью: SAP MM TABLE DATA:
Таблица 1:

Строка 1: Sr.No . | Закупочная Деятельность и Описание
Строка 2: 1 | ...
2025-04-22 00:17:34,263 - INFO - Операция: Секция 4 из файла ММ САП.docx
2025-04-22 00:17:34,263 - INFO - Детали: Раздел: Таблица 2, Превью: SAP MM TABLE DATA:
Таблица 2:

Строка 1: Sr.No . | T-Код и описание
Строка 2: 1 | ОКС15
Создать комп...
2025-04-22 00:17:34,263 - INFO - Операция: Успешно прочитан файл: ММ САП.docx
2025-04-22 00:17:34,263 - INFO - Детали: Извлечено 4 секций
2025-04-22 00:17:34,263 - INFO - Операция: Обработка файла
2025-04-22 00:17:34,264 - INFO - Детали: Тип файла: создание_заказа.txt
2025-04-22 00:17:34,264 - INFO - Операция: Чтение текстового файла: documents\создание_заказа.txt
2025-04-22 00:17:34,264 - INFO - Операция: Содержимое файла создание_заказа.txt
2025-04-22 00:17:34,264 - INFO - Детали: Размер: 1174 символов
2025-04-22 00:17:34,264 - INFO - Операция: Секция 1 из файла создание_заказа.txt
2025-04-22 00:17:34,264 - INFO - Детали: Раздел: Заголовок документа, Превью: Название документа: создание_заказа


2025-04-22 00:17:34,265 - INFO - Операция: Секция 2 из файла создание_заказа.txt
2025-04-22 00:17:34,265 - INFO - Детали: Раздел: # Инструкция по созданию заказа, Превью: # Инструкция по созданию заказа

## Шаги создания заказа в системе
2025-04-22 00:17:34,265 - INFO - Операция: Секция 3 из файла создание_заказа.txt
2025-04-22 00:17:34,265 - INFO - Детали: Раздел: 1. Войдите в личный кабинет, используя логин и пароль.
2. Нажмите на кнопку "Создать новый заказ" в верхнем меню.
3. Выберите товары из каталога, нажимая кнопку "Добавить в корзину".
4. После выбора всех товаров перейдите в корзину.
5. Проверьте состав заказа и общую сумму.
6. Выберите способ доставки из доступных вариантов:
   - Курьерская доставка
   - Самовывоз из пункта выдачи
   - Почтовая доставка
7. Укажите адрес доставки, если выбрана доставка курьером или почтой.
8. Выберите способ оплаты:
   - Банковской картой онлайн
   - При получении
   - Оплата "Улыбкой" (специальная программа лояльности)
9. Нажмите кнопку "Оформить заказ".
10. Вам придет подтверждение о создании заказа на email и SMS., Превью: 1. Войдите в личный кабинет, используя логин и пароль.
2. Нажмите на кнопку "Создать новый заказ" в ...
2025-04-22 00:17:34,265 - INFO - Операция: Секция 4 из файла создание_заказа.txt
2025-04-22 00:17:34,265 - INFO - Детали: Раздел: - Минимальная сумма заказа - 500 рублей.
- Срок доставки зависит от выбранного способа и региона.
- После оформления заказа его состав изменить нельзя.
- Вы можете отменить заказ до его отправки в службу доставки., Превью: - Минимальная сумма заказа - 500 рублей.
- Срок доставки зависит от выбранного способа и региона.
- ...
2025-04-22 00:17:34,265 - INFO - Операция: Успешное чтение TXT
2025-04-22 00:17:34,265 - INFO - Детали: Извлечено 4 секций
2025-04-22 00:17:34,265 - INFO - Операция: Успешно прочитан файл: создание_заказа.txt
2025-04-22 00:17:34,265 - INFO - Детали: Извлечено 4 секций
2025-04-22 00:17:34,265 - INFO - Операция: Статистика обработки
2025-04-22 00:17:34,266 - INFO - Детали: Обработано файлов: 6, Всего секций: 60
2025-04-22 00:17:34,266 - INFO - Операция: Создание документов LangChain
2025-04-22 00:17:34,266 - INFO - Детали: Преобразование 60 секций
2025-04-22 00:17:34,266 - INFO - Операция: Создание векторного хранилища
2025-04-22 00:17:34,266 - INFO - Детали: Начало
2025-04-22 00:17:34,266 - INFO - Операция: Создание векторного хранилища
2025-04-22 00:17:34,266 - INFO - Детали: Обработка 60 документов
2025-04-22 00:17:52,478 - INFO - Loading faiss with AVX512 support.
2025-04-22 00:17:52,478 - INFO - Could not load library with AVX512 support due to:
ModuleNotFoundError("No module named 'faiss.swigfaiss_avx512'")
2025-04-22 00:17:52,478 - INFO - Loading faiss with AVX2 support.
2025-04-22 00:17:52,491 - INFO - Successfully loaded faiss with AVX2 support.
2025-04-22 00:17:52,494 - INFO - Failed to load GPU Faiss: name 'GpuIndexIVFFlat' is not defined. Will not load constructor refs for GPU indexes.
2025-04-22 00:17:52,498 - INFO - Операция: Векторное хранилище создано
2025-04-22 00:17:52,498 - INFO - Детали: Успешно
2025-04-22 00:17:52,498 - INFO - Операция: Создание цепочки QA
2025-04-22 00:17:52,498 - INFO - Детали: Начало
2025-04-22 00:17:52,498 - INFO - Операция: Создание агента
2025-04-22 00:17:52,499 - INFO - Детали: Начало
2025-04-22 00:17:52,500 - INFO - Операция: Инициализация завершена
2025-04-22 00:17:52,500 - INFO - Детали: Успешно
2025-04-22 00:17:52,506 - WARNING -  * Debugger is active!
2025-04-22 00:17:52,507 - INFO -  * Debugger PIN: 127-184-279
2025-04-22 00:17:58,633 - INFO - 127.0.0.1 - - [22/Apr/2025 00:17:58] "GET / HTTP/1.1" 200 -
2025-04-22 00:17:58,639 - INFO - 127.0.0.1 - - [22/Apr/2025 00:17:58] "[36mGET /static/css/style.css HTTP/1.1[0m" 304 -
2025-04-22 00:17:58,639 - INFO - 127.0.0.1 - - [22/Apr/2025 00:17:58] "GET /static/js/app.js HTTP/1.1" 200 -
2025-04-22 00:18:08,140 - INFO - Операция: Анализ запроса
2025-04-22 00:18:08,140 - INFO - Детали: Начало анализа
2025-04-22 00:18:08,141 - INFO - === Запрос пользователя ===
2025-04-22 00:18:08,141 - INFO - Требуется информация что такое sap mm?
2025-04-22 00:18:08,141 - INFO - === Ответ системы ===
2025-04-22 00:18:08,141 - INFO - 
2025-04-22 00:18:08,141 - INFO - =====================
2025-04-22 00:18:08,141 - INFO - Операция: Обработка запроса
2025-04-22 00:18:08,141 - INFO - Детали: Ключевые слова: 'что такое sap mm?'
2025-04-22 00:18:08,141 - INFO - Операция: Определен SAP-запрос
2025-04-22 00:18:08,142 - INFO - Детали: Запуск специализированного поиска
2025-04-22 00:18:08,230 - INFO - Операция: Найдены SAP-документы
2025-04-22 00:18:08,230 - INFO - Детали: 10 результатов
2025-04-22 00:18:08,231 - INFO - Операция: Проверка документа
2025-04-22 00:18:08,231 - INFO - Детали: Файл: мм сап.docx, Раздел: документ sap mm
2025-04-22 00:18:08,231 - INFO - Операция: Найдено SAP MM совпадение
2025-04-22 00:18:08,231 - INFO - Детали: Файл: мм сап.docx, Раздел: документ sap mm, Превью: документ sap: мм сап

этот документ относится к системе sap и модулю mm (material management). sap m...
2025-04-22 00:18:08,231 - INFO - Операция: Проверка документа
2025-04-22 00:18:08,231 - INFO - Детали: Файл: документ microsoft word по заказу.docx, Раздел: заголовок документа
2025-04-22 00:18:08,231 - INFO - Операция: Проверка документа
2025-04-22 00:18:08,231 - INFO - Детали: Файл: документ microsoft word.docx, Раздел: заголовок документа
2025-04-22 00:18:08,231 - INFO - Операция: Проверка документа
2025-04-22 00:18:08,232 - INFO - Детали: Файл: создание_заказа.txt, Раздел: # инструкция по созданию заказа
2025-04-22 00:18:08,232 - INFO - Операция: Проверка документа
2025-04-22 00:18:08,232 - INFO - Детали: Файл: создание_заказа.txt, Раздел: заголовок документа
2025-04-22 00:18:08,232 - INFO - Операция: Проверка документа
2025-04-22 00:18:08,232 - INFO - Детали: Файл: мм сап.docx, Раздел: основной текст
2025-04-22 00:18:08,233 - INFO - Операция: Найдено SAP MM совпадение
2025-04-22 00:18:08,233 - INFO - Детали: Файл: мм сап.docx, Раздел: основной текст, Превью: sap mm content: sap mm - краткое руководство

предыдущая страница

далее

sap mm content: sap mm - о...
2025-04-22 00:18:08,233 - INFO - Операция: Проверка документа
2025-04-22 00:18:08,233 - INFO - Детали: Файл: инструкция_по_сборке_lego.pdf, Раздел: страница 35
2025-04-22 00:18:08,233 - INFO - Операция: Проверка документа
2025-04-22 00:18:08,233 - INFO - Детали: Файл: инструкция_по_сборке_lego.pdf, Раздел: страница 40
2025-04-22 00:18:08,233 - INFO - Операция: Проверка документа
2025-04-22 00:18:08,233 - INFO - Детали: Файл: мм сап.docx, Раздел: таблица 1
2025-04-22 00:18:08,233 - INFO - Операция: Найдено SAP MM совпадение
2025-04-22 00:18:08,233 - INFO - Детали: Файл: мм сап.docx, Раздел: таблица 1, Превью: sap mm table data:
таблица 1:

строка 1: sr.no . | закупочная деятельность и описание
строка 2: 1 | ...
2025-04-22 00:18:08,234 - INFO - Операция: Проверка документа
2025-04-22 00:18:08,234 - INFO - Детали: Файл: документ microsoft word по заказу.docx, Раздел: основной текст
2025-04-22 00:18:08,234 - INFO - Операция: Отфильтровано 3 SAP документов
2025-04-22 00:18:08,234 - INFO - Детали: Формирование прямого ответа на основе SAP документов
2025-04-22 00:18:11,550 - INFO - Операция: Получен ответ на SAP-запрос
2025-04-22 00:18:11,551 - INFO - Детали: Длина ответа: 1428 символов
2025-04-22 00:18:11,552 - INFO - === Запрос пользователя ===
2025-04-22 00:18:11,552 - INFO - Требуется информация что такое sap mm?
2025-04-22 00:18:11,552 - INFO - === Ответ системы ===
2025-04-22 00:18:11,552 - INFO - Информация найдена на странице 1 в разделе **Основной текст**:

SAP MM CONTENT: SAP MM - Процесс закупок

SAP MM CONTENT: Каждая организация приобретает материалы или услуги для удовлетворения своих бизнес-потребностей. Процесс покупки материалов и получения услуг от поставщиков или дилеров называется закупками. Этапы, необходимые для закупки материалов, составляют цикл закупок. Каждая организация выполняет несколько последовательных этапов для закупки материалов в нужном количестве по нужной цене.  

Информация найдена на странице 1 в разделе **Основной текст**:

SAP MM CONTENT: SAP MM - Определение источника / Список

Объединенная информация о материале и поставщике хранится в записи, известной как запись информации о покупке. Но конкретный материал можно заказать у разных поставщиков через разные промежутки времени. Эта информация может храниться в списке, который называется списком источников. Ключевые моменты, на которые следует обратить внимание при составлении списка источников, следующие:

Список источников включает в себя перечень возможных источников поставок материала в течение определённого периода времени.

Список источников указывает период времени, в течение которого был заказан конкретный материал у определённого поставщика.

Список источников может быть скопирован с одного растения на другое растение.

Список источников может быть создан следующими двумя способами:

Автоматически

Вручную
2025-04-22 00:18:11,552 - INFO - =====================
2025-04-22 00:18:11,586 - INFO - 127.0.0.1 - - [22/Apr/2025 00:18:11] "POST /analyze HTTP/1.1" 200 -
2025-04-22 00:24:34,493 - INFO - Load pretrained SentenceTransformer: sberbank-ai/sbert_large_nlu_ru
2025-04-22 00:24:38,377 - INFO - Операция: Начало чтения документов из директории: documents
2025-04-22 00:24:38,377 - INFO - Операция: Обработка файла
2025-04-22 00:24:38,377 - INFO - Детали: Тип файла: Документ Microsoft Word по заказу.docx
2025-04-22 00:24:38,378 - INFO - Операция: Чтение Word файла
2025-04-22 00:24:38,378 - INFO - Детали: Обработка файла: documents\Документ Microsoft Word по заказу.docx
2025-04-22 00:24:38,382 - INFO - Операция: Успешное чтение Word
2025-04-22 00:24:38,382 - INFO - Детали: Извлечено 2 секций
2025-04-22 00:24:38,382 - INFO - Операция: Секция 1 из файла Документ Microsoft Word по заказу.docx
2025-04-22 00:24:38,383 - INFO - Детали: Раздел: Заголовок документа, Превью: Название документа: Документ Microsoft Word по заказу


2025-04-22 00:24:38,383 - INFO - Операция: Секция 2 из файла Документ Microsoft Word по заказу.docx
2025-04-22 00:24:38,383 - INFO - Детали: Раздел: Основной текст, Превью: Чтобы создать заказ на доставку требуется использовать транзакцию me21n.
Чтобы изменить заказ на дос...
2025-04-22 00:24:38,383 - INFO - Операция: Успешно прочитан файл: Документ Microsoft Word по заказу.docx
2025-04-22 00:24:38,383 - INFO - Детали: Извлечено 2 секций
2025-04-22 00:24:38,383 - INFO - Операция: Обработка файла
2025-04-22 00:24:38,384 - INFO - Детали: Тип файла: Документ Microsoft Word.docx
2025-04-22 00:24:38,384 - INFO - Операция: Чтение Word файла
2025-04-22 00:24:38,384 - INFO - Детали: Обработка файла: documents\Документ Microsoft Word.docx
2025-04-22 00:24:38,386 - INFO - Операция: Успешное чтение Word
2025-04-22 00:24:38,386 - INFO - Детали: Извлечено 2 секций
2025-04-22 00:24:38,386 - INFO - Операция: Секция 1 из файла Документ Microsoft Word.docx
2025-04-22 00:24:38,386 - INFO - Детали: Раздел: Заголовок документа, Превью: Название документа: Документ Microsoft Word


2025-04-22 00:24:38,386 - INFO - Операция: Секция 2 из файла Документ Microsoft Word.docx
2025-04-22 00:24:38,386 - INFO - Детали: Раздел: Основной текст, Превью: Сколько лет я буду жить? Так долго, как пожелаешь….

Как научиться говорить? Ответ: Шёпотом!

Как со...
2025-04-22 00:24:38,387 - INFO - Операция: Успешно прочитан файл: Документ Microsoft Word.docx
2025-04-22 00:24:38,387 - INFO - Детали: Извлечено 2 секций
2025-04-22 00:24:38,387 - INFO - Операция: Обработка файла
2025-04-22 00:24:38,387 - INFO - Детали: Тип файла: Инструкция_по_сборке_LEGO.pdf
2025-04-22 00:24:38,387 - INFO - Операция: Чтение PDF файла
2025-04-22 00:24:38,387 - INFO - Детали: Обработка файла: documents\Инструкция_по_сборке_LEGO.pdf
2025-04-22 00:24:38,406 - INFO - Операция: Анализ PDF
2025-04-22 00:24:38,406 - INFO - Детали: Файл содержит 48 страниц
2025-04-22 00:24:39,239 - INFO - Операция: Успешное чтение PDF
2025-04-22 00:24:39,240 - INFO - Детали: Извлечено 47 секций
2025-04-22 00:24:39,240 - INFO - Операция: Успешно прочитан файл: Инструкция_по_сборке_LEGO.pdf
2025-04-22 00:24:39,240 - INFO - Детали: Извлечено 47 секций
2025-04-22 00:24:39,240 - INFO - Операция: Обработка файла
2025-04-22 00:24:39,240 - INFO - Детали: Тип файла: Лист Microsoft Excel.xlsx
2025-04-22 00:24:39,240 - INFO - Операция: Чтение Excel файла
2025-04-22 00:24:39,240 - INFO - Детали: Обработка файла: documents\Лист Microsoft Excel.xlsx
2025-04-22 00:24:39,348 - INFO - Операция: Успешное чтение Excel
2025-04-22 00:24:39,348 - INFO - Детали: Извлечено 1 секций
2025-04-22 00:24:39,348 - INFO - Операция: Успешно прочитан файл: Лист Microsoft Excel.xlsx
2025-04-22 00:24:39,348 - INFO - Детали: Извлечено 1 секций
2025-04-22 00:24:39,348 - INFO - Операция: Обработка файла
2025-04-22 00:24:39,348 - INFO - Детали: Тип файла: ММ САП.docx
2025-04-22 00:24:39,348 - INFO - Операция: Чтение Word файла
2025-04-22 00:24:39,348 - INFO - Детали: Обработка файла: documents\ММ САП.docx
2025-04-22 00:24:39,789 - INFO - Операция: Успешное чтение Word
2025-04-22 00:24:39,789 - INFO - Детали: Извлечено 4 секций
2025-04-22 00:24:39,789 - INFO - Операция: Секция 1 из файла ММ САП.docx
2025-04-22 00:24:39,790 - INFO - Детали: Раздел: Документ SAP MM, Превью: ДОКУМЕНТ SAP: ММ САП

Этот документ относится к системе SAP и модулю MM (Material Management). SAP M...
2025-04-22 00:24:39,790 - INFO - Операция: Секция 2 из файла ММ САП.docx
2025-04-22 00:24:39,790 - INFO - Детали: Раздел: Основной текст, Превью: SAP MM CONTENT: SAP MM - Краткое руководство

Предыдущая страница

Далее

SAP MM CONTENT: SAP MM - О...
2025-04-22 00:24:39,790 - INFO - Операция: Секция 3 из файла ММ САП.docx
2025-04-22 00:24:39,790 - INFO - Детали: Раздел: Таблица 1, Превью: SAP MM TABLE DATA:
Таблица 1:

Строка 1: Sr.No . | Закупочная Деятельность и Описание
Строка 2: 1 | ...
2025-04-22 00:24:39,790 - INFO - Операция: Секция 4 из файла ММ САП.docx
2025-04-22 00:24:39,790 - INFO - Детали: Раздел: Таблица 2, Превью: SAP MM TABLE DATA:
Таблица 2:

Строка 1: Sr.No . | T-Код и описание
Строка 2: 1 | ОКС15
Создать комп...
2025-04-22 00:24:39,790 - INFO - Операция: Успешно прочитан файл: ММ САП.docx
2025-04-22 00:24:39,790 - INFO - Детали: Извлечено 4 секций
2025-04-22 00:24:39,791 - INFO - Операция: Обработка файла
2025-04-22 00:24:39,791 - INFO - Детали: Тип файла: создание_заказа.txt
2025-04-22 00:24:39,791 - INFO - Операция: Чтение текстового файла: documents\создание_заказа.txt
2025-04-22 00:24:39,791 - INFO - Операция: Содержимое файла создание_заказа.txt
2025-04-22 00:24:39,791 - INFO - Детали: Размер: 1174 символов
2025-04-22 00:24:39,791 - INFO - Операция: Секция 1 из файла создание_заказа.txt
2025-04-22 00:24:39,791 - INFO - Детали: Раздел: Заголовок документа, Превью: Название документа: создание_заказа


2025-04-22 00:24:39,792 - INFO - Операция: Секция 2 из файла создание_заказа.txt
2025-04-22 00:24:39,792 - INFO - Детали: Раздел: # Инструкция по созданию заказа, Превью: # Инструкция по созданию заказа

## Шаги создания заказа в системе
2025-04-22 00:24:39,792 - INFO - Операция: Секция 3 из файла создание_заказа.txt
2025-04-22 00:24:39,792 - INFO - Детали: Раздел: 1. Войдите в личный кабинет, используя логин и пароль.
2. Нажмите на кнопку "Создать новый заказ" в верхнем меню.
3. Выберите товары из каталога, нажимая кнопку "Добавить в корзину".
4. После выбора всех товаров перейдите в корзину.
5. Проверьте состав заказа и общую сумму.
6. Выберите способ доставки из доступных вариантов:
   - Курьерская доставка
   - Самовывоз из пункта выдачи
   - Почтовая доставка
7. Укажите адрес доставки, если выбрана доставка курьером или почтой.
8. Выберите способ оплаты:
   - Банковской картой онлайн
   - При получении
   - Оплата "Улыбкой" (специальная программа лояльности)
9. Нажмите кнопку "Оформить заказ".
10. Вам придет подтверждение о создании заказа на email и SMS., Превью: 1. Войдите в личный кабинет, используя логин и пароль.
2. Нажмите на кнопку "Создать новый заказ" в ...
2025-04-22 00:24:39,792 - INFO - Операция: Секция 4 из файла создание_заказа.txt
2025-04-22 00:24:39,792 - INFO - Детали: Раздел: - Минимальная сумма заказа - 500 рублей.
- Срок доставки зависит от выбранного способа и региона.
- После оформления заказа его состав изменить нельзя.
- Вы можете отменить заказ до его отправки в службу доставки., Превью: - Минимальная сумма заказа - 500 рублей.
- Срок доставки зависит от выбранного способа и региона.
- ...
2025-04-22 00:24:39,792 - INFO - Операция: Успешное чтение TXT
2025-04-22 00:24:39,792 - INFO - Детали: Извлечено 4 секций
2025-04-22 00:24:39,793 - INFO - Операция: Успешно прочитан файл: создание_заказа.txt
2025-04-22 00:24:39,793 - INFO - Детали: Извлечено 4 секций
2025-04-22 00:24:39,793 - INFO - Операция: Статистика обработки
2025-04-22 00:24:39,793 - INFO - Детали: Обработано файлов: 6, Всего секций: 60
2025-04-22 00:24:39,793 - INFO - Операция: Создание документов LangChain
2025-04-22 00:24:39,793 - INFO - Детали: Преобразование 60 секций
2025-04-22 00:24:39,793 - INFO - Операция: Создание векторного хранилища
2025-04-22 00:24:39,793 - INFO - Детали: Начало
2025-04-22 00:24:39,793 - INFO - Операция: Создание векторного хранилища
2025-04-22 00:24:39,794 - INFO - Детали: Обработка 60 документов
2025-04-22 00:24:57,745 - INFO - Loading faiss with AVX512 support.
2025-04-22 00:24:57,745 - INFO - Could not load library with AVX512 support due to:
ModuleNotFoundError("No module named 'faiss.swigfaiss_avx512'")
2025-04-22 00:24:57,745 - INFO - Loading faiss with AVX2 support.
2025-04-22 00:24:57,757 - INFO - Successfully loaded faiss with AVX2 support.
2025-04-22 00:24:57,760 - INFO - Failed to load GPU Faiss: name 'GpuIndexIVFFlat' is not defined. Will not load constructor refs for GPU indexes.
2025-04-22 00:24:57,764 - INFO - Операция: Векторное хранилище создано
2025-04-22 00:24:57,764 - INFO - Детали: Успешно
2025-04-22 00:24:57,764 - INFO - Операция: Создание цепочки QA
2025-04-22 00:24:57,764 - INFO - Детали: Начало
2025-04-22 00:24:57,765 - INFO - Операция: Создание агента
2025-04-22 00:24:57,765 - INFO - Детали: Начало
2025-04-22 00:24:57,766 - INFO - Операция: Инициализация завершена
2025-04-22 00:24:57,767 - INFO - Детали: Успешно
2025-04-22 00:24:57,774 - INFO - [31m[1mWARNING: This is a development server. Do not use it in a production deployment. Use a production WSGI server instead.[0m
 * Running on all addresses (0.0.0.0)
 * Running on http://127.0.0.1:5000
 * Running on http://192.168.1.110:5000
2025-04-22 00:24:57,774 - INFO - [33mPress CTRL+C to quit[0m
2025-04-22 00:24:57,775 - INFO -  * Restarting with stat
2025-04-22 00:25:01,788 - INFO - Load pretrained SentenceTransformer: sberbank-ai/sbert_large_nlu_ru
2025-04-22 00:25:05,670 - INFO - Операция: Начало чтения документов из директории: documents
2025-04-22 00:25:05,671 - INFO - Операция: Обработка файла
2025-04-22 00:25:05,671 - INFO - Детали: Тип файла: Документ Microsoft Word по заказу.docx
2025-04-22 00:25:05,671 - INFO - Операция: Чтение Word файла
2025-04-22 00:25:05,671 - INFO - Детали: Обработка файла: documents\Документ Microsoft Word по заказу.docx
2025-04-22 00:25:05,675 - INFO - Операция: Успешное чтение Word
2025-04-22 00:25:05,675 - INFO - Детали: Извлечено 2 секций
2025-04-22 00:25:05,675 - INFO - Операция: Секция 1 из файла Документ Microsoft Word по заказу.docx
2025-04-22 00:25:05,675 - INFO - Детали: Раздел: Заголовок документа, Превью: Название документа: Документ Microsoft Word по заказу


2025-04-22 00:25:05,675 - INFO - Операция: Секция 2 из файла Документ Microsoft Word по заказу.docx
2025-04-22 00:25:05,676 - INFO - Детали: Раздел: Основной текст, Превью: Чтобы создать заказ на доставку требуется использовать транзакцию me21n.
Чтобы изменить заказ на дос...
2025-04-22 00:25:05,676 - INFO - Операция: Успешно прочитан файл: Документ Microsoft Word по заказу.docx
2025-04-22 00:25:05,676 - INFO - Детали: Извлечено 2 секций
2025-04-22 00:25:05,676 - INFO - Операция: Обработка файла
2025-04-22 00:25:05,676 - INFO - Детали: Тип файла: Документ Microsoft Word.docx
2025-04-22 00:25:05,676 - INFO - Операция: Чтение Word файла
2025-04-22 00:25:05,676 - INFO - Детали: Обработка файла: documents\Документ Microsoft Word.docx
2025-04-22 00:25:05,678 - INFO - Операция: Успешное чтение Word
2025-04-22 00:25:05,678 - INFO - Детали: Извлечено 2 секций
2025-04-22 00:25:05,678 - INFO - Операция: Секция 1 из файла Документ Microsoft Word.docx
2025-04-22 00:25:05,678 - INFO - Детали: Раздел: Заголовок документа, Превью: Название документа: Документ Microsoft Word


2025-04-22 00:25:05,678 - INFO - Операция: Секция 2 из файла Документ Microsoft Word.docx
2025-04-22 00:25:05,679 - INFO - Детали: Раздел: Основной текст, Превью: Сколько лет я буду жить? Так долго, как пожелаешь….

Как научиться говорить? Ответ: Шёпотом!

Как со...
2025-04-22 00:25:05,679 - INFO - Операция: Успешно прочитан файл: Документ Microsoft Word.docx
2025-04-22 00:25:05,679 - INFO - Детали: Извлечено 2 секций
2025-04-22 00:25:05,679 - INFO - Операция: Обработка файла
2025-04-22 00:25:05,679 - INFO - Детали: Тип файла: Инструкция_по_сборке_LEGO.pdf
2025-04-22 00:25:05,679 - INFO - Операция: Чтение PDF файла
2025-04-22 00:25:05,679 - INFO - Детали: Обработка файла: documents\Инструкция_по_сборке_LEGO.pdf
2025-04-22 00:25:05,701 - INFO - Операция: Анализ PDF
2025-04-22 00:25:05,701 - INFO - Детали: Файл содержит 48 страниц
2025-04-22 00:25:06,560 - INFO - Операция: Успешное чтение PDF
2025-04-22 00:25:06,560 - INFO - Детали: Извлечено 47 секций
2025-04-22 00:25:06,560 - INFO - Операция: Успешно прочитан файл: Инструкция_по_сборке_LEGO.pdf
2025-04-22 00:25:06,560 - INFO - Детали: Извлечено 47 секций
2025-04-22 00:25:06,560 - INFO - Операция: Обработка файла
2025-04-22 00:25:06,561 - INFO - Детали: Тип файла: Лист Microsoft Excel.xlsx
2025-04-22 00:25:06,561 - INFO - Операция: Чтение Excel файла
2025-04-22 00:25:06,561 - INFO - Детали: Обработка файла: documents\Лист Microsoft Excel.xlsx
2025-04-22 00:25:06,666 - INFO - Операция: Успешное чтение Excel
2025-04-22 00:25:06,666 - INFO - Детали: Извлечено 1 секций
2025-04-22 00:25:06,666 - INFO - Операция: Успешно прочитан файл: Лист Microsoft Excel.xlsx
2025-04-22 00:25:06,666 - INFO - Детали: Извлечено 1 секций
2025-04-22 00:25:06,666 - INFO - Операция: Обработка файла
2025-04-22 00:25:06,666 - INFO - Детали: Тип файла: ММ САП.docx
2025-04-22 00:25:06,666 - INFO - Операция: Чтение Word файла
2025-04-22 00:25:06,667 - INFO - Детали: Обработка файла: documents\ММ САП.docx
2025-04-22 00:25:07,162 - INFO - Операция: Успешное чтение Word
2025-04-22 00:25:07,162 - INFO - Детали: Извлечено 4 секций
2025-04-22 00:25:07,162 - INFO - Операция: Секция 1 из файла ММ САП.docx
2025-04-22 00:25:07,162 - INFO - Детали: Раздел: Документ SAP MM, Превью: ДОКУМЕНТ SAP: ММ САП

Этот документ относится к системе SAP и модулю MM (Material Management). SAP M...
2025-04-22 00:25:07,162 - INFO - Операция: Секция 2 из файла ММ САП.docx
2025-04-22 00:25:07,162 - INFO - Детали: Раздел: Основной текст, Превью: SAP MM CONTENT: SAP MM - Краткое руководство

Предыдущая страница

Далее

SAP MM CONTENT: SAP MM - О...
2025-04-22 00:25:07,163 - INFO - Операция: Секция 3 из файла ММ САП.docx
2025-04-22 00:25:07,163 - INFO - Детали: Раздел: Таблица 1, Превью: SAP MM TABLE DATA:
Таблица 1:

Строка 1: Sr.No . | Закупочная Деятельность и Описание
Строка 2: 1 | ...
2025-04-22 00:25:07,163 - INFO - Операция: Секция 4 из файла ММ САП.docx
2025-04-22 00:25:07,163 - INFO - Детали: Раздел: Таблица 2, Превью: SAP MM TABLE DATA:
Таблица 2:

Строка 1: Sr.No . | T-Код и описание
Строка 2: 1 | ОКС15
Создать комп...
2025-04-22 00:25:07,163 - INFO - Операция: Успешно прочитан файл: ММ САП.docx
2025-04-22 00:25:07,163 - INFO - Детали: Извлечено 4 секций
2025-04-22 00:25:07,164 - INFO - Операция: Обработка файла
2025-04-22 00:25:07,164 - INFO - Детали: Тип файла: создание_заказа.txt
2025-04-22 00:25:07,164 - INFO - Операция: Чтение текстового файла: documents\создание_заказа.txt
2025-04-22 00:25:07,164 - INFO - Операция: Содержимое файла создание_заказа.txt
2025-04-22 00:25:07,164 - INFO - Детали: Размер: 1174 символов
2025-04-22 00:25:07,164 - INFO - Операция: Секция 1 из файла создание_заказа.txt
2025-04-22 00:25:07,164 - INFO - Детали: Раздел: Заголовок документа, Превью: Название документа: создание_заказа


2025-04-22 00:25:07,165 - INFO - Операция: Секция 2 из файла создание_заказа.txt
2025-04-22 00:25:07,165 - INFO - Детали: Раздел: # Инструкция по созданию заказа, Превью: # Инструкция по созданию заказа

## Шаги создания заказа в системе
2025-04-22 00:25:07,165 - INFO - Операция: Секция 3 из файла создание_заказа.txt
2025-04-22 00:25:07,165 - INFO - Детали: Раздел: 1. Войдите в личный кабинет, используя логин и пароль.
2. Нажмите на кнопку "Создать новый заказ" в верхнем меню.
3. Выберите товары из каталога, нажимая кнопку "Добавить в корзину".
4. После выбора всех товаров перейдите в корзину.
5. Проверьте состав заказа и общую сумму.
6. Выберите способ доставки из доступных вариантов:
   - Курьерская доставка
   - Самовывоз из пункта выдачи
   - Почтовая доставка
7. Укажите адрес доставки, если выбрана доставка курьером или почтой.
8. Выберите способ оплаты:
   - Банковской картой онлайн
   - При получении
   - Оплата "Улыбкой" (специальная программа лояльности)
9. Нажмите кнопку "Оформить заказ".
10. Вам придет подтверждение о создании заказа на email и SMS., Превью: 1. Войдите в личный кабинет, используя логин и пароль.
2. Нажмите на кнопку "Создать новый заказ" в ...
2025-04-22 00:25:07,165 - INFO - Операция: Секция 4 из файла создание_заказа.txt
2025-04-22 00:25:07,165 - INFO - Детали: Раздел: - Минимальная сумма заказа - 500 рублей.
- Срок доставки зависит от выбранного способа и региона.
- После оформления заказа его состав изменить нельзя.
- Вы можете отменить заказ до его отправки в службу доставки., Превью: - Минимальная сумма заказа - 500 рублей.
- Срок доставки зависит от выбранного способа и региона.
- ...
2025-04-22 00:25:07,165 - INFO - Операция: Успешное чтение TXT
2025-04-22 00:25:07,165 - INFO - Детали: Извлечено 4 секций
2025-04-22 00:25:07,166 - INFO - Операция: Успешно прочитан файл: создание_заказа.txt
2025-04-22 00:25:07,166 - INFO - Детали: Извлечено 4 секций
2025-04-22 00:25:07,166 - INFO - Операция: Статистика обработки
2025-04-22 00:25:07,166 - INFO - Детали: Обработано файлов: 6, Всего секций: 60
2025-04-22 00:25:07,166 - INFO - Операция: Создание документов LangChain
2025-04-22 00:25:07,166 - INFO - Детали: Преобразование 60 секций
2025-04-22 00:25:07,166 - INFO - Операция: Создание векторного хранилища
2025-04-22 00:25:07,166 - INFO - Детали: Начало
2025-04-22 00:25:07,167 - INFO - Операция: Создание векторного хранилища
2025-04-22 00:25:07,167 - INFO - Детали: Обработка 60 документов
2025-04-22 00:25:26,851 - INFO - Loading faiss with AVX512 support.
2025-04-22 00:25:26,851 - INFO - Could not load library with AVX512 support due to:
ModuleNotFoundError("No module named 'faiss.swigfaiss_avx512'")
2025-04-22 00:25:26,851 - INFO - Loading faiss with AVX2 support.
2025-04-22 00:25:26,863 - INFO - Successfully loaded faiss with AVX2 support.
2025-04-22 00:25:26,867 - INFO - Failed to load GPU Faiss: name 'GpuIndexIVFFlat' is not defined. Will not load constructor refs for GPU indexes.
2025-04-22 00:25:26,870 - INFO - Операция: Векторное хранилище создано
2025-04-22 00:25:26,870 - INFO - Детали: Успешно
2025-04-22 00:25:26,870 - INFO - Операция: Создание цепочки QA
2025-04-22 00:25:26,871 - INFO - Детали: Начало
2025-04-22 00:25:26,871 - INFO - Операция: Создание агента
2025-04-22 00:25:26,871 - INFO - Детали: Начало
2025-04-22 00:25:26,873 - INFO - Операция: Инициализация завершена
2025-04-22 00:25:26,873 - INFO - Детали: Успешно
2025-04-22 00:25:26,878 - WARNING -  * Debugger is active!
2025-04-22 00:25:26,880 - INFO -  * Debugger PIN: 127-184-279
2025-04-22 00:25:26,941 - INFO - 127.0.0.1 - - [22/Apr/2025 00:25:26] "GET / HTTP/1.1" 200 -
2025-04-22 00:25:26,946 - INFO - 127.0.0.1 - - [22/Apr/2025 00:25:26] "[36mGET /static/css/style.css HTTP/1.1[0m" 304 -
2025-04-22 00:25:26,947 - INFO - 127.0.0.1 - - [22/Apr/2025 00:25:26] "GET /static/js/app.js HTTP/1.1" 200 -
2025-04-22 00:25:36,790 - INFO - Операция: Анализ запроса
2025-04-22 00:25:36,790 - INFO - Детали: Начало анализа
2025-04-22 00:25:36,791 - INFO - === Запрос пользователя ===
2025-04-22 00:25:36,791 - INFO - Требуется информация что такое sap mm?
2025-04-22 00:25:36,791 - INFO - === Ответ системы ===
2025-04-22 00:25:36,792 - INFO - 
2025-04-22 00:25:36,792 - INFO - =====================
2025-04-22 00:25:36,792 - INFO - Операция: Обработка запроса
2025-04-22 00:25:36,792 - INFO - Детали: Ключевые слова: 'что такое sap mm?'
2025-04-22 00:25:36,792 - INFO - Операция: Определен SAP-запрос
2025-04-22 00:25:36,792 - INFO - Детали: Запуск специализированного поиска
2025-04-22 00:25:36,871 - INFO - Операция: Найдены SAP-документы
2025-04-22 00:25:36,872 - INFO - Детали: 10 результатов
2025-04-22 00:25:36,872 - INFO - Операция: Проверка документа
2025-04-22 00:25:36,872 - INFO - Детали: Файл: мм сап.docx, Раздел: документ sap mm
2025-04-22 00:25:36,872 - INFO - Операция: Найдено SAP MM совпадение
2025-04-22 00:25:36,872 - INFO - Детали: Файл: мм сап.docx, Раздел: документ sap mm, Превью: документ sap: мм сап

этот документ относится к системе sap и модулю mm (material management). sap m...
2025-04-22 00:25:36,872 - INFO - Операция: Проверка документа
2025-04-22 00:25:36,872 - INFO - Детали: Файл: документ microsoft word по заказу.docx, Раздел: заголовок документа
2025-04-22 00:25:36,872 - INFO - Операция: Проверка документа
2025-04-22 00:25:36,873 - INFO - Детали: Файл: документ microsoft word.docx, Раздел: заголовок документа
2025-04-22 00:25:36,873 - INFO - Операция: Проверка документа
2025-04-22 00:25:36,873 - INFO - Детали: Файл: создание_заказа.txt, Раздел: # инструкция по созданию заказа
2025-04-22 00:25:36,873 - INFO - Операция: Проверка документа
2025-04-22 00:25:36,873 - INFO - Детали: Файл: создание_заказа.txt, Раздел: заголовок документа
2025-04-22 00:25:36,874 - INFO - Операция: Проверка документа
2025-04-22 00:25:36,874 - INFO - Детали: Файл: мм сап.docx, Раздел: основной текст
2025-04-22 00:25:36,874 - INFO - Операция: Найдено SAP MM совпадение
2025-04-22 00:25:36,874 - INFO - Детали: Файл: мм сап.docx, Раздел: основной текст, Превью: sap mm content: sap mm - краткое руководство

предыдущая страница

далее

sap mm content: sap mm - о...
2025-04-22 00:25:36,874 - INFO - Операция: Проверка документа
2025-04-22 00:25:36,875 - INFO - Детали: Файл: инструкция_по_сборке_lego.pdf, Раздел: страница 35
2025-04-22 00:25:36,875 - INFO - Операция: Проверка документа
2025-04-22 00:25:36,875 - INFO - Детали: Файл: инструкция_по_сборке_lego.pdf, Раздел: страница 40
2025-04-22 00:25:36,875 - INFO - Операция: Проверка документа
2025-04-22 00:25:36,875 - INFO - Детали: Файл: мм сап.docx, Раздел: таблица 1
2025-04-22 00:25:36,875 - INFO - Операция: Найдено SAP MM совпадение
2025-04-22 00:25:36,875 - INFO - Детали: Файл: мм сап.docx, Раздел: таблица 1, Превью: sap mm table data:
таблица 1:

строка 1: sr.no . | закупочная деятельность и описание
строка 2: 1 | ...
2025-04-22 00:25:36,875 - INFO - Операция: Проверка документа
2025-04-22 00:25:36,875 - INFO - Детали: Файл: документ microsoft word по заказу.docx, Раздел: основной текст
2025-04-22 00:25:36,875 - INFO - Операция: Отфильтровано 3 SAP документов
2025-04-22 00:25:36,875 - INFO - Детали: Формирование прямого ответа на основе SAP документов
2025-04-22 00:25:45,398 - INFO - Операция: Получен ответ на SAP-запрос
2025-04-22 00:25:45,399 - INFO - Детали: Длина ответа: 4509 символов
2025-04-22 00:25:45,400 - INFO - === Запрос пользователя ===
2025-04-22 00:25:45,400 - INFO - Требуется информация что такое sap mm?
2025-04-22 00:25:45,401 - INFO - === Ответ системы ===
2025-04-22 00:25:45,401 - INFO - Информация найдена на странице 1 в разделе **Основной текст**:

SAP MM CONTENT: SAP MM - Процесс закупок

SAP MM CONTENT: Каждая организация приобретает материалы или услуги для удовлетворения своих бизнес-потребностей. Процесс покупки материалов и получения услуг от поставщиков или дилеров называется закупками. Этапы, необходимые для закупки материалов, составляют цикл закупок. Каждая организация выполняет несколько последовательных этапов для закупки материалов в нужном количестве по нужной цене.  

Информация найдена на странице 1 в разделе **Основной текст**:

SAP MM CONTENT: SAP MM - Запрос ценового предложения

Запрос ценовых предложений (RFQ) — это форма приглашения, которая отправляется поставщикам с просьбой предоставить ценовое предложение с указанием цен и условий. Это включает в себя информацию о товарах или услугах, количестве, дате поставки и дате подачи заявки.

Информация найдена на странице 1 в разделе **Основной текст**:

SAP MM CONTENT: SAP MM - Общее соглашение

Общее соглашение — это долгосрочное соглашение о закупке с поставщиком, содержащее условия поставки материалов поставщиком. Оно может быть двух типов:

- Контракт
- Соглашение о расписании

Информация найдена на странице 1 в разделе **Основной текст**:

SAP MM CONTENT: SAP MM - Порядок распределения квот

Квотирование распределяет общую потребность в материалах между определёнными источниками поставок, то есть поставщиками, а затем устанавливает квоту для каждого источника. Рейтинг квоты используется для определения количества материалов, которые должны быть предоставлены конкретному источнику или поставщику.

Информация найдена на странице 1 в разделе **Основной текст**:

SAP MM CONTENT: SAP MM - Период публикации

Период публикации позволяет публиковать документы и вносить в них изменения только в течение определённого периода времени. Это особенно полезно для защиты документов от ошибок, которые могут возникнуть при внесении изменений в неподходящее время.

Информация найдена на странице 1 в разделе **Основной текст**:

SAP MM CONTENT: SAP MM - Типы заказов на поставку

Система SAP ERP была разработана для эффективного осуществления закупок с точки зрения времени и затрат. Заказы на поставку могут быть созданы для различных видов закупок, таких как субподряд, консигнация, перемещение запасов и услуги.

Информация найдена на странице 1 в разделе **Основной текст**:

SAP MM CONTENT: SAP MM - Управление запасами

Управление запасами связано с размещением и обработкой запасов, полученных от поставщиков, в правильном месте в помещениях компании. Этот процесс включает в себя планирование, ввод данных и ведение учёта всех перемещений товаров.

Информация найдена на странице 1 в разделе **Основной текст**:

SAP MM CONTENT: SAP MM - Проверка счета-фактуры

Проверка счета-фактуры — это процесс завершения закупки после оформления заказа на поставку и получения товара. Он включает в себя сверку счёта-фактуры и накладной, а также оплату поставщику.

Информация найдена на странице 1 в разделе **Основной текст**:

SAP MM CONTENT: SAP MM - Управление сервисами

Управление услугами включает в себя закупку услуг, таких как техническое обслуживание, ремонт и уборка. Эти услуги предоставляются внешними подрядчиками, и весь процесс закупки услуг называется управлением услугами.

Информация найдена на странице 1 в разделе **Основной текст**:

SAP MM CONTENT: SAP MM - Оценка

Оценка материалов помогает определить их стоимость и то, на каком счёте в главной книге учёта их нужно отразить. Она интегрируется с модулем FI (финансовый учёт), обновляя счета главной книги.

Информация найдена на странице 1 в разделе **Основной текст**:

SAP MM CONTENT: SAP MM - Определение учетной записи

Определение учетной записи в SAP MM помогает автоматически определять правильный счет в главной бухгалтерской книге, на который нужно отнести расходы. Это особенно полезно для автоматизации процесса оплаты товаров и услуг.

Информация найдена на странице 1 в разделе **Основной текст**:

SAP MM CONTENT: SAP MM - Конфигурация

Конфигурации в SAP MM позволяют изменять его настройки в соответствии с бизнес-требованиями организации. Они включают настройку полей, экранов данных, кодов группировки и многое другое.

Информация найдена на странице 1 в разделе **Основной текст**:

SAP MM CONTENT: SAP MM - Коды транзакций

Коды транзакций в SAP MM представляют собой сочетания клавиш, которые позволяют мгновенно перейти на нужный экран. Они используются для быстрого доступа к различным функциям системы.
2025-04-22 00:25:45,402 - INFO - =====================
2025-04-22 00:25:45,442 - INFO - 127.0.0.1 - - [22/Apr/2025 00:25:45] "POST /analyze HTTP/1.1" 200 -
2025-04-22 00:26:22,083 - INFO - Операция: Анализ запроса
2025-04-22 00:26:22,083 - INFO - Детали: Начало анализа
2025-04-22 00:26:22,084 - INFO - === Запрос пользователя ===
2025-04-22 00:26:22,084 - INFO - Требуется информация Контакты для помощи?
2025-04-22 00:26:22,084 - INFO - === Ответ системы ===
2025-04-22 00:26:22,084 - INFO - 
2025-04-22 00:26:22,084 - INFO - =====================
2025-04-22 00:26:22,084 - INFO - Операция: Обработка запроса
2025-04-22 00:26:22,085 - INFO - Детали: Ключевые слова: 'контакты для помощи?'
2025-04-22 00:26:22,085 - INFO - Операция: Определение типа запроса
2025-04-22 00:26:22,085 - INFO - Детали: Конкретный информационный запрос
2025-04-22 00:26:22,085 - INFO - Операция: Запуск QA цепочки
2025-04-22 00:26:22,085 - INFO - Детали: Начало обработки конкретного запроса
2025-04-22 00:26:22,153 - INFO - Операция: Найдено документов
2025-04-22 00:26:22,153 - INFO - Детали: 10 результатов
2025-04-22 00:26:22,153 - INFO - Операция: Документ 1
2025-04-22 00:26:22,153 - INFO - Детали: Источник: создание_заказа.txt, Раздел: Заголовок документа, Превью: Название документа: создание_заказа


2025-04-22 00:26:22,153 - INFO - Операция: Документ 2
2025-04-22 00:26:22,154 - INFO - Детали: Источник: Документ Microsoft Word по заказу.docx, Раздел: Заголовок документа, Превью: Название документа: Документ Microsoft Word по заказу


2025-04-22 00:26:22,154 - INFO - Операция: Документ 3
2025-04-22 00:26:22,154 - INFO - Детали: Источник: Документ Microsoft Word.docx, Раздел: Заголовок документа, Превью: Название документа: Документ Microsoft Word


2025-04-22 00:26:22,154 - INFO - Операция: Документ 4
2025-04-22 00:26:22,154 - INFO - Детали: Источник: Документ Microsoft Word.docx, Раздел: Основной текст, Превью: Сколько лет я буду жить? Так долго, как пожелаешь….

Как научиться говорить? Ответ: Шёпотом!

Как со...
2025-04-22 00:26:22,154 - INFO - Операция: Документ 5
2025-04-22 00:26:22,154 - INFO - Детали: Источник: ММ САП.docx, Раздел: Документ SAP MM, Превью: ДОКУМЕНТ SAP: ММ САП

Этот документ относится к системе SAP и модулю MM (Material Management). SAP M...
2025-04-22 00:26:22,154 - INFO - Операция: Документ 6
2025-04-22 00:26:22,154 - INFO - Детали: Источник: создание_заказа.txt, Раздел: - Минимальная сумма заказа - 500 рублей.
- Срок доставки зависит от выбранного способа и региона.
- После оформления заказа его состав изменить нельзя.
- Вы можете отменить заказ до его отправки в службу доставки., Превью: - Минимальная сумма заказа - 500 рублей.
- Срок доставки зависит от выбранного способа и региона.
- ...
2025-04-22 00:26:22,155 - INFO - Операция: Документ 7
2025-04-22 00:26:22,155 - INFO - Детали: Источник: создание_заказа.txt, Раздел: # Инструкция по созданию заказа, Превью: # Инструкция по созданию заказа

## Шаги создания заказа в системе
2025-04-22 00:26:22,155 - INFO - Операция: Документ 8
2025-04-22 00:26:22,155 - INFO - Детали: Источник: создание_заказа.txt, Раздел: 1. Войдите в личный кабинет, используя логин и пароль.
2. Нажмите на кнопку "Создать новый заказ" в верхнем меню.
3. Выберите товары из каталога, нажимая кнопку "Добавить в корзину".
4. После выбора всех товаров перейдите в корзину.
5. Проверьте состав заказа и общую сумму.
6. Выберите способ доставки из доступных вариантов:
   - Курьерская доставка
   - Самовывоз из пункта выдачи
   - Почтовая доставка
7. Укажите адрес доставки, если выбрана доставка курьером или почтой.
8. Выберите способ оплаты:
   - Банковской картой онлайн
   - При получении
   - Оплата "Улыбкой" (специальная программа лояльности)
9. Нажмите кнопку "Оформить заказ".
10. Вам придет подтверждение о создании заказа на email и SMS., Превью: 1. Войдите в личный кабинет, используя логин и пароль.
2. Нажмите на кнопку "Создать новый заказ" в ...
2025-04-22 00:26:22,155 - INFO - Операция: Документ 9
2025-04-22 00:26:22,155 - INFO - Детали: Источник: Инструкция_по_сборке_LEGO.pdf, Раздел: Страница 3, Превью: LEGO® Builder


2025-04-22 00:26:22,155 - INFO - Операция: Документ 10
2025-04-22 00:26:22,155 - INFO - Детали: Источник: Лист Microsoft Excel.xlsx, Раздел: н/д, Превью: Заголовки таблицы: Вопрос | Ответ

Строка 1: Где находится Караганда? | Нужно спросить у Эмми
Строка...
2025-04-22 00:26:22,477 - INFO - Операция: Ответ QA получен
2025-04-22 00:26:22,477 - INFO - Детали: Длина ответа: 21 символов
2025-04-22 00:26:22,478 - INFO - === Запрос пользователя ===
2025-04-22 00:26:22,478 - INFO - Требуется информация Контакты для помощи?
2025-04-22 00:26:22,478 - INFO - === Ответ системы ===
2025-04-22 00:26:22,478 - INFO - Информация не найдена
2025-04-22 00:26:22,478 - INFO - =====================
2025-04-22 00:26:22,479 - INFO - 127.0.0.1 - - [22/Apr/2025 00:26:22] "POST /analyze HTTP/1.1" 200 -
2025-04-22 00:26:41,739 - INFO - Операция: Анализ запроса
2025-04-22 00:26:41,739 - INFO - Детали: Начало анализа
2025-04-22 00:26:41,741 - INFO - === Запрос пользователя ===
2025-04-22 00:26:41,741 - INFO - Требуется информация Как научиться говорить?
2025-04-22 00:26:41,741 - INFO - === Ответ системы ===
2025-04-22 00:26:41,741 - INFO - 
2025-04-22 00:26:41,741 - INFO - =====================
2025-04-22 00:26:41,741 - INFO - Операция: Обработка запроса
2025-04-22 00:26:41,742 - INFO - Детали: Ключевые слова: 'как научиться говорить?'
2025-04-22 00:26:41,742 - INFO - Операция: Определение типа запроса
2025-04-22 00:26:41,742 - INFO - Детали: Конкретный информационный запрос
2025-04-22 00:26:41,742 - INFO - Операция: Запуск QA цепочки
2025-04-22 00:26:41,742 - INFO - Детали: Начало обработки конкретного запроса
2025-04-22 00:26:41,803 - INFO - Операция: Найдено документов
2025-04-22 00:26:41,804 - INFO - Детали: 10 результатов
2025-04-22 00:26:41,804 - INFO - Операция: Документ 1
2025-04-22 00:26:41,804 - INFO - Детали: Источник: Документ Microsoft Word.docx, Раздел: Основной текст, Превью: Сколько лет я буду жить? Так долго, как пожелаешь….

Как научиться говорить? Ответ: Шёпотом!

Как со...
2025-04-22 00:26:41,804 - INFO - Операция: Документ 2
2025-04-22 00:26:41,804 - INFO - Детали: Источник: Лист Microsoft Excel.xlsx, Раздел: н/д, Превью: Заголовки таблицы: Вопрос | Ответ

Строка 1: Где находится Караганда? | Нужно спросить у Эмми
Строка...
2025-04-22 00:26:41,804 - INFO - Операция: Документ 3
2025-04-22 00:26:41,804 - INFO - Детали: Источник: Документ Microsoft Word.docx, Раздел: Заголовок документа, Превью: Название документа: Документ Microsoft Word


2025-04-22 00:26:41,805 - INFO - Операция: Документ 4
2025-04-22 00:26:41,805 - INFO - Детали: Источник: создание_заказа.txt, Раздел: Заголовок документа, Превью: Название документа: создание_заказа


2025-04-22 00:26:41,805 - INFO - Операция: Документ 5
2025-04-22 00:26:41,805 - INFO - Детали: Источник: Документ Microsoft Word по заказу.docx, Раздел: Заголовок документа, Превью: Название документа: Документ Microsoft Word по заказу


2025-04-22 00:26:41,805 - INFO - Операция: Документ 6
2025-04-22 00:26:41,805 - INFO - Детали: Источник: создание_заказа.txt, Раздел: # Инструкция по созданию заказа, Превью: # Инструкция по созданию заказа

## Шаги создания заказа в системе
2025-04-22 00:26:41,805 - INFO - Операция: Документ 7
2025-04-22 00:26:41,805 - INFO - Детали: Источник: ММ САП.docx, Раздел: Документ SAP MM, Превью: ДОКУМЕНТ SAP: ММ САП

Этот документ относится к системе SAP и модулю MM (Material Management). SAP M...
2025-04-22 00:26:41,805 - INFO - Операция: Документ 8
2025-04-22 00:26:41,805 - INFO - Детали: Источник: Инструкция_по_сборке_LEGO.pdf, Раздел: Страница 3, Превью: LEGO® Builder


2025-04-22 00:26:41,806 - INFO - Операция: Документ 9
2025-04-22 00:26:41,806 - INFO - Детали: Источник: Документ Microsoft Word по заказу.docx, Раздел: Основной текст, Превью: Чтобы создать заказ на доставку требуется использовать транзакцию me21n.
Чтобы изменить заказ на дос...
2025-04-22 00:26:41,806 - INFO - Операция: Документ 10
2025-04-22 00:26:41,806 - INFO - Детали: Источник: Инструкция_по_сборке_LEGO.pdf, Раздел: Страница 8, Превью: 1x
 1x
1
8


2025-04-22 00:26:42,961 - INFO - Операция: Ответ QA получен
2025-04-22 00:26:42,961 - INFO - Детали: Длина ответа: 22 символов
2025-04-22 00:26:42,962 - INFO - === Запрос пользователя ===
2025-04-22 00:26:42,962 - INFO - Требуется информация Как научиться говорить?
2025-04-22 00:26:42,962 - INFO - === Ответ системы ===
2025-04-22 00:26:42,962 - INFO - Информация не найдена.
2025-04-22 00:26:42,963 - INFO - =====================
2025-04-22 00:26:42,964 - INFO - 127.0.0.1 - - [22/Apr/2025 00:26:42] "POST /analyze HTTP/1.1" 200 -
2025-04-22 00:28:14,257 - INFO - 127.0.0.1 - - [22/Apr/2025 00:28:14] "[35m[1mPOST /analyze HTTP/1.1[0m" 500 -
2025-04-22 00:28:15,980 - INFO - 127.0.0.1 - - [22/Apr/2025 00:28:15] "[35m[1mPOST /analyze HTTP/1.1[0m" 500 -
2025-04-22 00:28:17,396 - INFO - 127.0.0.1 - - [22/Apr/2025 00:28:17] "[35m[1mPOST /analyze HTTP/1.1[0m" 500 -
2025-04-22 00:28:17,595 - INFO - 127.0.0.1 - - [22/Apr/2025 00:28:17] "[35m[1mPOST /analyze HTTP/1.1[0m" 500 -
2025-04-22 00:28:17,768 - INFO - 127.0.0.1 - - [22/Apr/2025 00:28:17] "[35m[1mPOST /analyze HTTP/1.1[0m" 500 -
2025-04-22 00:28:17,957 - INFO - 127.0.0.1 - - [22/Apr/2025 00:28:17] "[35m[1mPOST /analyze HTTP/1.1[0m" 500 -
2025-04-22 00:28:18,149 - INFO - 127.0.0.1 - - [22/Apr/2025 00:28:18] "[35m[1mPOST /analyze HTTP/1.1[0m" 500 -
2025-04-22 00:28:18,329 - INFO - 127.0.0.1 - - [22/Apr/2025 00:28:18] "[35m[1mPOST /analyze HTTP/1.1[0m" 500 -
2025-04-22 00:29:11,181 - INFO -  * Detected change in 'c:\\Users\\NOVA\\OneDrive\\Рабочий стол\\AI-агент\\pet-project\\app.py', reloading
2025-04-22 00:29:11,800 - INFO -  * Restarting with stat
2025-04-22 00:29:16,011 - INFO - Load pretrained SentenceTransformer: sberbank-ai/sbert_large_nlu_ru
2025-04-22 00:29:19,345 - INFO - Операция: Начало чтения документов из директории: documents
2025-04-22 00:29:19,345 - INFO - Операция: Обработка файла
2025-04-22 00:29:19,345 - INFO - Детали: Тип файла: Документ Microsoft Word по заказу.docx
2025-04-22 00:29:19,345 - INFO - Операция: Чтение Word файла
2025-04-22 00:29:19,345 - INFO - Детали: Обработка файла: documents\Документ Microsoft Word по заказу.docx
2025-04-22 00:29:19,349 - INFO - Операция: Успешное чтение Word
2025-04-22 00:29:19,349 - INFO - Детали: Извлечено 2 секций
2025-04-22 00:29:19,349 - INFO - Операция: Секция 1 из файла Документ Microsoft Word по заказу.docx
2025-04-22 00:29:19,350 - INFO - Детали: Раздел: Заголовок документа, Превью: Название документа: Документ Microsoft Word по заказу


2025-04-22 00:29:19,350 - INFO - Операция: Секция 2 из файла Документ Microsoft Word по заказу.docx
2025-04-22 00:29:19,350 - INFO - Детали: Раздел: Основной текст, Превью: Чтобы создать заказ на доставку требуется использовать транзакцию me21n.
Чтобы изменить заказ на дос...
2025-04-22 00:29:19,350 - INFO - Операция: Успешно прочитан файл: Документ Microsoft Word по заказу.docx
2025-04-22 00:29:19,350 - INFO - Детали: Извлечено 2 секций
2025-04-22 00:29:19,350 - INFO - Операция: Обработка файла
2025-04-22 00:29:19,350 - INFO - Детали: Тип файла: Документ Microsoft Word.docx
2025-04-22 00:29:19,350 - INFO - Операция: Чтение Word файла
2025-04-22 00:29:19,350 - INFO - Детали: Обработка файла: documents\Документ Microsoft Word.docx
2025-04-22 00:29:19,352 - INFO - Операция: Успешное чтение Word
2025-04-22 00:29:19,353 - INFO - Детали: Извлечено 2 секций
2025-04-22 00:29:19,353 - INFO - Операция: Секция 1 из файла Документ Microsoft Word.docx
2025-04-22 00:29:19,353 - INFO - Детали: Раздел: Заголовок документа, Превью: Название документа: Документ Microsoft Word


2025-04-22 00:29:19,353 - INFO - Операция: Секция 2 из файла Документ Microsoft Word.docx
2025-04-22 00:29:19,353 - INFO - Детали: Раздел: Основной текст, Превью: Сколько лет я буду жить? Так долго, как пожелаешь….

Как научиться говорить? Ответ: Шёпотом!

Как со...
2025-04-22 00:29:19,353 - INFO - Операция: Успешно прочитан файл: Документ Microsoft Word.docx
2025-04-22 00:29:19,353 - INFO - Детали: Извлечено 2 секций
2025-04-22 00:29:19,354 - INFO - Операция: Обработка файла
2025-04-22 00:29:19,354 - INFO - Детали: Тип файла: Инструкция_по_сборке_LEGO.pdf
2025-04-22 00:29:19,354 - INFO - Операция: Чтение PDF файла
2025-04-22 00:29:19,354 - INFO - Детали: Обработка файла: documents\Инструкция_по_сборке_LEGO.pdf
2025-04-22 00:29:19,373 - INFO - Операция: Анализ PDF
2025-04-22 00:29:19,374 - INFO - Детали: Файл содержит 48 страниц
2025-04-22 00:29:20,232 - INFO - Операция: Успешное чтение PDF
2025-04-22 00:29:20,232 - INFO - Детали: Извлечено 47 секций
2025-04-22 00:29:20,232 - INFO - Операция: Успешно прочитан файл: Инструкция_по_сборке_LEGO.pdf
2025-04-22 00:29:20,233 - INFO - Детали: Извлечено 47 секций
2025-04-22 00:29:20,233 - INFO - Операция: Обработка файла
2025-04-22 00:29:20,233 - INFO - Детали: Тип файла: Лист Microsoft Excel.xlsx
2025-04-22 00:29:20,233 - INFO - Операция: Чтение Excel файла
2025-04-22 00:29:20,233 - INFO - Детали: Обработка файла: documents\Лист Microsoft Excel.xlsx
2025-04-22 00:29:20,343 - INFO - Операция: Успешное чтение Excel
2025-04-22 00:29:20,343 - INFO - Детали: Извлечено 1 секций
2025-04-22 00:29:20,343 - INFO - Операция: Успешно прочитан файл: Лист Microsoft Excel.xlsx
2025-04-22 00:29:20,343 - INFO - Детали: Извлечено 1 секций
2025-04-22 00:29:20,343 - INFO - Операция: Обработка файла
2025-04-22 00:29:20,343 - INFO - Детали: Тип файла: ММ САП.docx
2025-04-22 00:29:20,344 - INFO - Операция: Чтение Word файла
2025-04-22 00:29:20,344 - INFO - Детали: Обработка файла: documents\ММ САП.docx
2025-04-22 00:29:20,780 - INFO - Операция: Успешное чтение Word
2025-04-22 00:29:20,781 - INFO - Детали: Извлечено 4 секций
2025-04-22 00:29:20,781 - INFO - Операция: Секция 1 из файла ММ САП.docx
2025-04-22 00:29:20,781 - INFO - Детали: Раздел: Документ SAP MM, Превью: ДОКУМЕНТ SAP: ММ САП

Этот документ относится к системе SAP и модулю MM (Material Management). SAP M...
2025-04-22 00:29:20,781 - INFO - Операция: Секция 2 из файла ММ САП.docx
2025-04-22 00:29:20,781 - INFO - Детали: Раздел: Основной текст, Превью: SAP MM CONTENT: SAP MM - Краткое руководство

Предыдущая страница

Далее

SAP MM CONTENT: SAP MM - О...
2025-04-22 00:29:20,781 - INFO - Операция: Секция 3 из файла ММ САП.docx
2025-04-22 00:29:20,781 - INFO - Детали: Раздел: Таблица 1, Превью: SAP MM TABLE DATA:
Таблица 1:

Строка 1: Sr.No . | Закупочная Деятельность и Описание
Строка 2: 1 | ...
2025-04-22 00:29:20,781 - INFO - Операция: Секция 4 из файла ММ САП.docx
2025-04-22 00:29:20,782 - INFO - Детали: Раздел: Таблица 2, Превью: SAP MM TABLE DATA:
Таблица 2:

Строка 1: Sr.No . | T-Код и описание
Строка 2: 1 | ОКС15
Создать комп...
2025-04-22 00:29:20,782 - INFO - Операция: Успешно прочитан файл: ММ САП.docx
2025-04-22 00:29:20,782 - INFO - Детали: Извлечено 4 секций
2025-04-22 00:29:20,782 - INFO - Операция: Обработка файла
2025-04-22 00:29:20,782 - INFO - Детали: Тип файла: создание_заказа.txt
2025-04-22 00:29:20,782 - INFO - Операция: Чтение текстового файла: documents\создание_заказа.txt
2025-04-22 00:29:20,782 - INFO - Операция: Содержимое файла создание_заказа.txt
2025-04-22 00:29:20,783 - INFO - Детали: Размер: 1174 символов
2025-04-22 00:29:20,783 - INFO - Операция: Секция 1 из файла создание_заказа.txt
2025-04-22 00:29:20,783 - INFO - Детали: Раздел: Заголовок документа, Превью: Название документа: создание_заказа


2025-04-22 00:29:20,783 - INFO - Операция: Секция 2 из файла создание_заказа.txt
2025-04-22 00:29:20,783 - INFO - Детали: Раздел: # Инструкция по созданию заказа, Превью: # Инструкция по созданию заказа

## Шаги создания заказа в системе
2025-04-22 00:29:20,783 - INFO - Операция: Секция 3 из файла создание_заказа.txt
2025-04-22 00:29:20,783 - INFO - Детали: Раздел: 1. Войдите в личный кабинет, используя логин и пароль.
2. Нажмите на кнопку "Создать новый заказ" в верхнем меню.
3. Выберите товары из каталога, нажимая кнопку "Добавить в корзину".
4. После выбора всех товаров перейдите в корзину.
5. Проверьте состав заказа и общую сумму.
6. Выберите способ доставки из доступных вариантов:
   - Курьерская доставка
   - Самовывоз из пункта выдачи
   - Почтовая доставка
7. Укажите адрес доставки, если выбрана доставка курьером или почтой.
8. Выберите способ оплаты:
   - Банковской картой онлайн
   - При получении
   - Оплата "Улыбкой" (специальная программа лояльности)
9. Нажмите кнопку "Оформить заказ".
10. Вам придет подтверждение о создании заказа на email и SMS., Превью: 1. Войдите в личный кабинет, используя логин и пароль.
2. Нажмите на кнопку "Создать новый заказ" в ...
2025-04-22 00:29:20,784 - INFO - Операция: Секция 4 из файла создание_заказа.txt
2025-04-22 00:29:20,784 - INFO - Детали: Раздел: - Минимальная сумма заказа - 500 рублей.
- Срок доставки зависит от выбранного способа и региона.
- После оформления заказа его состав изменить нельзя.
- Вы можете отменить заказ до его отправки в службу доставки., Превью: - Минимальная сумма заказа - 500 рублей.
- Срок доставки зависит от выбранного способа и региона.
- ...
2025-04-22 00:29:20,784 - INFO - Операция: Успешное чтение TXT
2025-04-22 00:29:20,784 - INFO - Детали: Извлечено 4 секций
2025-04-22 00:29:20,784 - INFO - Операция: Успешно прочитан файл: создание_заказа.txt
2025-04-22 00:29:20,784 - INFO - Детали: Извлечено 4 секций
2025-04-22 00:29:20,784 - INFO - Операция: Статистика обработки
2025-04-22 00:29:20,784 - INFO - Детали: Обработано файлов: 6, Всего секций: 60
2025-04-22 00:29:20,785 - INFO - Операция: Создание документов LangChain
2025-04-22 00:29:20,785 - INFO - Детали: Преобразование 60 секций
2025-04-22 00:29:20,785 - INFO - Операция: Создание векторного хранилища
2025-04-22 00:29:20,785 - INFO - Детали: Начало
2025-04-22 00:29:20,785 - INFO - Операция: Создание векторного хранилища
2025-04-22 00:29:20,785 - INFO - Детали: Обработка 60 документов
2025-04-22 00:29:36,643 - INFO - Load pretrained SentenceTransformer: sberbank-ai/sbert_large_nlu_ru
2025-04-22 00:29:40,124 - INFO - Операция: Начало чтения документов из директории: documents
2025-04-22 00:29:40,124 - INFO - Операция: Обработка файла
2025-04-22 00:29:40,124 - INFO - Детали: Тип файла: Документ Microsoft Word по заказу.docx
2025-04-22 00:29:40,124 - INFO - Операция: Чтение Word файла
2025-04-22 00:29:40,124 - INFO - Детали: Обработка файла: documents\Документ Microsoft Word по заказу.docx
2025-04-22 00:29:40,128 - INFO - Операция: Успешное чтение Word
2025-04-22 00:29:40,128 - INFO - Детали: Извлечено 2 секций
2025-04-22 00:29:40,128 - INFO - Операция: Секция 1 из файла Документ Microsoft Word по заказу.docx
2025-04-22 00:29:40,129 - INFO - Детали: Раздел: Заголовок документа, Превью: Название документа: Документ Microsoft Word по заказу


2025-04-22 00:29:40,129 - INFO - Операция: Секция 2 из файла Документ Microsoft Word по заказу.docx
2025-04-22 00:29:40,129 - INFO - Детали: Раздел: Основной текст, Превью: Чтобы создать заказ на доставку требуется использовать транзакцию me21n.
Чтобы изменить заказ на дос...
2025-04-22 00:29:40,129 - INFO - Операция: Успешно прочитан файл: Документ Microsoft Word по заказу.docx
2025-04-22 00:29:40,129 - INFO - Детали: Извлечено 2 секций
2025-04-22 00:29:40,129 - INFO - Операция: Обработка файла
2025-04-22 00:29:40,129 - INFO - Детали: Тип файла: Документ Microsoft Word.docx
2025-04-22 00:29:40,129 - INFO - Операция: Чтение Word файла
2025-04-22 00:29:40,130 - INFO - Детали: Обработка файла: documents\Документ Microsoft Word.docx
2025-04-22 00:29:40,132 - INFO - Операция: Успешное чтение Word
2025-04-22 00:29:40,132 - INFO - Детали: Извлечено 2 секций
2025-04-22 00:29:40,132 - INFO - Операция: Секция 1 из файла Документ Microsoft Word.docx
2025-04-22 00:29:40,132 - INFO - Детали: Раздел: Заголовок документа, Превью: Название документа: Документ Microsoft Word


2025-04-22 00:29:40,132 - INFO - Операция: Секция 2 из файла Документ Microsoft Word.docx
2025-04-22 00:29:40,132 - INFO - Детали: Раздел: Основной текст, Превью: Сколько лет я буду жить? Так долго, как пожелаешь….

Как научиться говорить? Ответ: Шёпотом!

Как со...
2025-04-22 00:29:40,132 - INFO - Операция: Успешно прочитан файл: Документ Microsoft Word.docx
2025-04-22 00:29:40,133 - INFO - Детали: Извлечено 2 секций
2025-04-22 00:29:40,133 - INFO - Операция: Обработка файла
2025-04-22 00:29:40,133 - INFO - Детали: Тип файла: Инструкция_по_сборке_LEGO.pdf
2025-04-22 00:29:40,133 - INFO - Операция: Чтение PDF файла
2025-04-22 00:29:40,133 - INFO - Детали: Обработка файла: documents\Инструкция_по_сборке_LEGO.pdf
2025-04-22 00:29:40,153 - INFO - Операция: Анализ PDF
2025-04-22 00:29:40,153 - INFO - Детали: Файл содержит 48 страниц
2025-04-22 00:29:41,004 - INFO - Операция: Успешное чтение PDF
2025-04-22 00:29:41,004 - INFO - Детали: Извлечено 47 секций
2025-04-22 00:29:41,005 - INFO - Операция: Успешно прочитан файл: Инструкция_по_сборке_LEGO.pdf
2025-04-22 00:29:41,005 - INFO - Детали: Извлечено 47 секций
2025-04-22 00:29:41,005 - INFO - Операция: Обработка файла
2025-04-22 00:29:41,005 - INFO - Детали: Тип файла: Лист Microsoft Excel.xlsx
2025-04-22 00:29:41,005 - INFO - Операция: Чтение Excel файла
2025-04-22 00:29:41,005 - INFO - Детали: Обработка файла: documents\Лист Microsoft Excel.xlsx
2025-04-22 00:29:41,110 - INFO - Операция: Успешное чтение Excel
2025-04-22 00:29:41,110 - INFO - Детали: Извлечено 1 секций
2025-04-22 00:29:41,110 - INFO - Операция: Успешно прочитан файл: Лист Microsoft Excel.xlsx
2025-04-22 00:29:41,110 - INFO - Детали: Извлечено 1 секций
2025-04-22 00:29:41,111 - INFO - Операция: Обработка файла
2025-04-22 00:29:41,111 - INFO - Детали: Тип файла: ММ САП.docx
2025-04-22 00:29:41,111 - INFO - Операция: Чтение Word файла
2025-04-22 00:29:41,111 - INFO - Детали: Обработка файла: documents\ММ САП.docx
2025-04-22 00:29:41,551 - INFO - Операция: Успешное чтение Word
2025-04-22 00:29:41,551 - INFO - Детали: Извлечено 4 секций
2025-04-22 00:29:41,551 - INFO - Операция: Секция 1 из файла ММ САП.docx
2025-04-22 00:29:41,551 - INFO - Детали: Раздел: Документ SAP MM, Превью: ДОКУМЕНТ SAP: ММ САП

Этот документ относится к системе SAP и модулю MM (Material Management). SAP M...
2025-04-22 00:29:41,552 - INFO - Операция: Секция 2 из файла ММ САП.docx
2025-04-22 00:29:41,552 - INFO - Детали: Раздел: Основной текст, Превью: SAP MM CONTENT: SAP MM - Краткое руководство

Предыдущая страница

Далее

SAP MM CONTENT: SAP MM - О...
2025-04-22 00:29:41,552 - INFO - Операция: Секция 3 из файла ММ САП.docx
2025-04-22 00:29:41,552 - INFO - Детали: Раздел: Таблица 1, Превью: SAP MM TABLE DATA:
Таблица 1:

Строка 1: Sr.No . | Закупочная Деятельность и Описание
Строка 2: 1 | ...
2025-04-22 00:29:41,552 - INFO - Операция: Секция 4 из файла ММ САП.docx
2025-04-22 00:29:41,552 - INFO - Детали: Раздел: Таблица 2, Превью: SAP MM TABLE DATA:
Таблица 2:

Строка 1: Sr.No . | T-Код и описание
Строка 2: 1 | ОКС15
Создать комп...
2025-04-22 00:29:41,552 - INFO - Операция: Успешно прочитан файл: ММ САП.docx
2025-04-22 00:29:41,552 - INFO - Детали: Извлечено 4 секций
2025-04-22 00:29:41,552 - INFO - Операция: Обработка файла
2025-04-22 00:29:41,553 - INFO - Детали: Тип файла: создание_заказа.txt
2025-04-22 00:29:41,553 - INFO - Операция: Чтение текстового файла: documents\создание_заказа.txt
2025-04-22 00:29:41,553 - INFO - Операция: Содержимое файла создание_заказа.txt
2025-04-22 00:29:41,553 - INFO - Детали: Размер: 1174 символов
2025-04-22 00:29:41,553 - INFO - Операция: Секция 1 из файла создание_заказа.txt
2025-04-22 00:29:41,553 - INFO - Детали: Раздел: Заголовок документа, Превью: Название документа: создание_заказа


2025-04-22 00:29:41,553 - INFO - Операция: Секция 2 из файла создание_заказа.txt
2025-04-22 00:29:41,554 - INFO - Детали: Раздел: # Инструкция по созданию заказа, Превью: # Инструкция по созданию заказа

## Шаги создания заказа в системе
2025-04-22 00:29:41,554 - INFO - Операция: Секция 3 из файла создание_заказа.txt
2025-04-22 00:29:41,554 - INFO - Детали: Раздел: 1. Войдите в личный кабинет, используя логин и пароль.
2. Нажмите на кнопку "Создать новый заказ" в верхнем меню.
3. Выберите товары из каталога, нажимая кнопку "Добавить в корзину".
4. После выбора всех товаров перейдите в корзину.
5. Проверьте состав заказа и общую сумму.
6. Выберите способ доставки из доступных вариантов:
   - Курьерская доставка
   - Самовывоз из пункта выдачи
   - Почтовая доставка
7. Укажите адрес доставки, если выбрана доставка курьером или почтой.
8. Выберите способ оплаты:
   - Банковской картой онлайн
   - При получении
   - Оплата "Улыбкой" (специальная программа лояльности)
9. Нажмите кнопку "Оформить заказ".
10. Вам придет подтверждение о создании заказа на email и SMS., Превью: 1. Войдите в личный кабинет, используя логин и пароль.
2. Нажмите на кнопку "Создать новый заказ" в ...
2025-04-22 00:29:41,554 - INFO - Операция: Секция 4 из файла создание_заказа.txt
2025-04-22 00:29:41,554 - INFO - Детали: Раздел: - Минимальная сумма заказа - 500 рублей.
- Срок доставки зависит от выбранного способа и региона.
- После оформления заказа его состав изменить нельзя.
- Вы можете отменить заказ до его отправки в службу доставки., Превью: - Минимальная сумма заказа - 500 рублей.
- Срок доставки зависит от выбранного способа и региона.
- ...
2025-04-22 00:29:41,554 - INFO - Операция: Успешное чтение TXT
2025-04-22 00:29:41,554 - INFO - Детали: Извлечено 4 секций
2025-04-22 00:29:41,554 - INFO - Операция: Успешно прочитан файл: создание_заказа.txt
2025-04-22 00:29:41,554 - INFO - Детали: Извлечено 4 секций
2025-04-22 00:29:41,555 - INFO - Операция: Статистика обработки
2025-04-22 00:29:41,555 - INFO - Детали: Обработано файлов: 6, Всего секций: 60
2025-04-22 00:29:41,555 - INFO - Операция: Создание документов LangChain
2025-04-22 00:29:41,555 - INFO - Детали: Преобразование 60 секций
2025-04-22 00:29:41,555 - INFO - Операция: Создание векторного хранилища
2025-04-22 00:29:41,555 - INFO - Детали: Начало
2025-04-22 00:29:41,555 - INFO - Операция: Создание векторного хранилища
2025-04-22 00:29:41,555 - INFO - Детали: Обработка 60 документов
2025-04-22 00:29:59,746 - INFO - Loading faiss with AVX512 support.
2025-04-22 00:29:59,746 - INFO - Could not load library with AVX512 support due to:
ModuleNotFoundError("No module named 'faiss.swigfaiss_avx512'")
2025-04-22 00:29:59,746 - INFO - Loading faiss with AVX2 support.
2025-04-22 00:29:59,759 - INFO - Successfully loaded faiss with AVX2 support.
2025-04-22 00:29:59,763 - INFO - Failed to load GPU Faiss: name 'GpuIndexIVFFlat' is not defined. Will not load constructor refs for GPU indexes.
2025-04-22 00:29:59,767 - INFO - Операция: Векторное хранилище создано
2025-04-22 00:29:59,767 - INFO - Детали: Успешно
2025-04-22 00:29:59,767 - INFO - Операция: Создание цепочки QA
2025-04-22 00:29:59,767 - INFO - Детали: Начало
2025-04-22 00:29:59,767 - INFO - Операция: Создание агента
2025-04-22 00:29:59,767 - INFO - Детали: Начало
2025-04-22 00:29:59,769 - INFO - Операция: Инициализация завершена
2025-04-22 00:29:59,769 - INFO - Детали: Успешно
2025-04-22 00:29:59,777 - INFO - [31m[1mWARNING: This is a development server. Do not use it in a production deployment. Use a production WSGI server instead.[0m
 * Running on all addresses (0.0.0.0)
 * Running on http://127.0.0.1:5000
 * Running on http://192.168.1.110:5000
2025-04-22 00:29:59,778 - INFO - [33mPress CTRL+C to quit[0m
2025-04-22 00:29:59,778 - INFO -  * Restarting with stat
2025-04-22 00:30:03,720 - INFO - Load pretrained SentenceTransformer: sberbank-ai/sbert_large_nlu_ru
2025-04-22 00:30:07,074 - INFO - Операция: Начало чтения документов из директории: documents
2025-04-22 00:30:07,074 - INFO - Операция: Обработка файла
2025-04-22 00:30:07,074 - INFO - Детали: Тип файла: Документ Microsoft Word по заказу.docx
2025-04-22 00:30:07,074 - INFO - Операция: Чтение Word файла
2025-04-22 00:30:07,074 - INFO - Детали: Обработка файла: documents\Документ Microsoft Word по заказу.docx
2025-04-22 00:30:07,078 - INFO - Операция: Успешное чтение Word
2025-04-22 00:30:07,078 - INFO - Детали: Извлечено 2 секций
2025-04-22 00:30:07,079 - INFO - Операция: Секция 1 из файла Документ Microsoft Word по заказу.docx
2025-04-22 00:30:07,079 - INFO - Детали: Раздел: Заголовок документа, Превью: Название документа: Документ Microsoft Word по заказу


2025-04-22 00:30:07,079 - INFO - Операция: Секция 2 из файла Документ Microsoft Word по заказу.docx
2025-04-22 00:30:07,079 - INFO - Детали: Раздел: Основной текст, Превью: Чтобы создать заказ на доставку требуется использовать транзакцию me21n.
Чтобы изменить заказ на дос...
2025-04-22 00:30:07,079 - INFO - Операция: Успешно прочитан файл: Документ Microsoft Word по заказу.docx
2025-04-22 00:30:07,079 - INFO - Детали: Извлечено 2 секций
2025-04-22 00:30:07,079 - INFO - Операция: Обработка файла
2025-04-22 00:30:07,079 - INFO - Детали: Тип файла: Документ Microsoft Word.docx
2025-04-22 00:30:07,080 - INFO - Операция: Чтение Word файла
2025-04-22 00:30:07,080 - INFO - Детали: Обработка файла: documents\Документ Microsoft Word.docx
2025-04-22 00:30:07,082 - INFO - Операция: Успешное чтение Word
2025-04-22 00:30:07,082 - INFO - Детали: Извлечено 2 секций
2025-04-22 00:30:07,082 - INFO - Операция: Секция 1 из файла Документ Microsoft Word.docx
2025-04-22 00:30:07,082 - INFO - Детали: Раздел: Заголовок документа, Превью: Название документа: Документ Microsoft Word


2025-04-22 00:30:07,082 - INFO - Операция: Секция 2 из файла Документ Microsoft Word.docx
2025-04-22 00:30:07,082 - INFO - Детали: Раздел: Основной текст, Превью: Сколько лет я буду жить? Так долго, как пожелаешь….

Как научиться говорить? Ответ: Шёпотом!

Как со...
2025-04-22 00:30:07,082 - INFO - Операция: Успешно прочитан файл: Документ Microsoft Word.docx
2025-04-22 00:30:07,082 - INFO - Детали: Извлечено 2 секций
2025-04-22 00:30:07,082 - INFO - Операция: Обработка файла
2025-04-22 00:30:07,082 - INFO - Детали: Тип файла: Инструкция_по_сборке_LEGO.pdf
2025-04-22 00:30:07,083 - INFO - Операция: Чтение PDF файла
2025-04-22 00:30:07,083 - INFO - Детали: Обработка файла: documents\Инструкция_по_сборке_LEGO.pdf
2025-04-22 00:30:07,102 - INFO - Операция: Анализ PDF
2025-04-22 00:30:07,102 - INFO - Детали: Файл содержит 48 страниц
2025-04-22 00:30:07,918 - INFO - Операция: Успешное чтение PDF
2025-04-22 00:30:07,918 - INFO - Детали: Извлечено 47 секций
2025-04-22 00:30:07,918 - INFO - Операция: Успешно прочитан файл: Инструкция_по_сборке_LEGO.pdf
2025-04-22 00:30:07,918 - INFO - Детали: Извлечено 47 секций
2025-04-22 00:30:07,918 - INFO - Операция: Обработка файла
2025-04-22 00:30:07,919 - INFO - Детали: Тип файла: Лист Microsoft Excel.xlsx
2025-04-22 00:30:07,919 - INFO - Операция: Чтение Excel файла
2025-04-22 00:30:07,919 - INFO - Детали: Обработка файла: documents\Лист Microsoft Excel.xlsx
2025-04-22 00:30:08,022 - INFO - Операция: Успешное чтение Excel
2025-04-22 00:30:08,022 - INFO - Детали: Извлечено 1 секций
2025-04-22 00:30:08,022 - INFO - Операция: Успешно прочитан файл: Лист Microsoft Excel.xlsx
2025-04-22 00:30:08,023 - INFO - Детали: Извлечено 1 секций
2025-04-22 00:30:08,023 - INFO - Операция: Обработка файла
2025-04-22 00:30:08,023 - INFO - Детали: Тип файла: ММ САП.docx
2025-04-22 00:30:08,023 - INFO - Операция: Чтение Word файла
2025-04-22 00:30:08,023 - INFO - Детали: Обработка файла: documents\ММ САП.docx
2025-04-22 00:30:08,454 - INFO - Операция: Успешное чтение Word
2025-04-22 00:30:08,454 - INFO - Детали: Извлечено 4 секций
2025-04-22 00:30:08,454 - INFO - Операция: Секция 1 из файла ММ САП.docx
2025-04-22 00:30:08,454 - INFO - Детали: Раздел: Документ SAP MM, Превью: ДОКУМЕНТ SAP: ММ САП

Этот документ относится к системе SAP и модулю MM (Material Management). SAP M...
2025-04-22 00:30:08,454 - INFO - Операция: Секция 2 из файла ММ САП.docx
2025-04-22 00:30:08,454 - INFO - Детали: Раздел: Основной текст, Превью: SAP MM CONTENT: SAP MM - Краткое руководство

Предыдущая страница

Далее

SAP MM CONTENT: SAP MM - О...
2025-04-22 00:30:08,454 - INFO - Операция: Секция 3 из файла ММ САП.docx
2025-04-22 00:30:08,455 - INFO - Детали: Раздел: Таблица 1, Превью: SAP MM TABLE DATA:
Таблица 1:

Строка 1: Sr.No . | Закупочная Деятельность и Описание
Строка 2: 1 | ...
2025-04-22 00:30:08,455 - INFO - Операция: Секция 4 из файла ММ САП.docx
2025-04-22 00:30:08,455 - INFO - Детали: Раздел: Таблица 2, Превью: SAP MM TABLE DATA:
Таблица 2:

Строка 1: Sr.No . | T-Код и описание
Строка 2: 1 | ОКС15
Создать комп...
2025-04-22 00:30:08,455 - INFO - Операция: Успешно прочитан файл: ММ САП.docx
2025-04-22 00:30:08,455 - INFO - Детали: Извлечено 4 секций
2025-04-22 00:30:08,455 - INFO - Операция: Обработка файла
2025-04-22 00:30:08,455 - INFO - Детали: Тип файла: создание_заказа.txt
2025-04-22 00:30:08,455 - INFO - Операция: Чтение текстового файла: documents\создание_заказа.txt
2025-04-22 00:30:08,455 - INFO - Операция: Содержимое файла создание_заказа.txt
2025-04-22 00:30:08,456 - INFO - Детали: Размер: 1174 символов
2025-04-22 00:30:08,456 - INFO - Операция: Секция 1 из файла создание_заказа.txt
2025-04-22 00:30:08,456 - INFO - Детали: Раздел: Заголовок документа, Превью: Название документа: создание_заказа


2025-04-22 00:30:08,456 - INFO - Операция: Секция 2 из файла создание_заказа.txt
2025-04-22 00:30:08,456 - INFO - Детали: Раздел: # Инструкция по созданию заказа, Превью: # Инструкция по созданию заказа

## Шаги создания заказа в системе
2025-04-22 00:30:08,456 - INFO - Операция: Секция 3 из файла создание_заказа.txt
2025-04-22 00:30:08,456 - INFO - Детали: Раздел: 1. Войдите в личный кабинет, используя логин и пароль.
2. Нажмите на кнопку "Создать новый заказ" в верхнем меню.
3. Выберите товары из каталога, нажимая кнопку "Добавить в корзину".
4. После выбора всех товаров перейдите в корзину.
5. Проверьте состав заказа и общую сумму.
6. Выберите способ доставки из доступных вариантов:
   - Курьерская доставка
   - Самовывоз из пункта выдачи
   - Почтовая доставка
7. Укажите адрес доставки, если выбрана доставка курьером или почтой.
8. Выберите способ оплаты:
   - Банковской картой онлайн
   - При получении
   - Оплата "Улыбкой" (специальная программа лояльности)
9. Нажмите кнопку "Оформить заказ".
10. Вам придет подтверждение о создании заказа на email и SMS., Превью: 1. Войдите в личный кабинет, используя логин и пароль.
2. Нажмите на кнопку "Создать новый заказ" в ...
2025-04-22 00:30:08,457 - INFO - Операция: Секция 4 из файла создание_заказа.txt
2025-04-22 00:30:08,457 - INFO - Детали: Раздел: - Минимальная сумма заказа - 500 рублей.
- Срок доставки зависит от выбранного способа и региона.
- После оформления заказа его состав изменить нельзя.
- Вы можете отменить заказ до его отправки в службу доставки., Превью: - Минимальная сумма заказа - 500 рублей.
- Срок доставки зависит от выбранного способа и региона.
- ...
2025-04-22 00:30:08,457 - INFO - Операция: Успешное чтение TXT
2025-04-22 00:30:08,457 - INFO - Детали: Извлечено 4 секций
2025-04-22 00:30:08,457 - INFO - Операция: Успешно прочитан файл: создание_заказа.txt
2025-04-22 00:30:08,457 - INFO - Детали: Извлечено 4 секций
2025-04-22 00:30:08,457 - INFO - Операция: Статистика обработки
2025-04-22 00:30:08,457 - INFO - Детали: Обработано файлов: 6, Всего секций: 60
2025-04-22 00:30:08,457 - INFO - Операция: Создание документов LangChain
2025-04-22 00:30:08,457 - INFO - Детали: Преобразование 60 секций
2025-04-22 00:30:08,458 - INFO - Операция: Создание векторного хранилища
2025-04-22 00:30:08,458 - INFO - Детали: Начало
2025-04-22 00:30:08,458 - INFO - Операция: Создание векторного хранилища
2025-04-22 00:30:08,458 - INFO - Детали: Обработка 60 документов
2025-04-22 00:30:26,418 - INFO - Loading faiss with AVX512 support.
2025-04-22 00:30:26,419 - INFO - Could not load library with AVX512 support due to:
ModuleNotFoundError("No module named 'faiss.swigfaiss_avx512'")
2025-04-22 00:30:26,419 - INFO - Loading faiss with AVX2 support.
2025-04-22 00:30:26,430 - INFO - Successfully loaded faiss with AVX2 support.
2025-04-22 00:30:26,433 - INFO - Failed to load GPU Faiss: name 'GpuIndexIVFFlat' is not defined. Will not load constructor refs for GPU indexes.
2025-04-22 00:30:26,436 - INFO - Операция: Векторное хранилище создано
2025-04-22 00:30:26,436 - INFO - Детали: Успешно
2025-04-22 00:30:26,436 - INFO - Операция: Создание цепочки QA
2025-04-22 00:30:26,437 - INFO - Детали: Начало
2025-04-22 00:30:26,437 - INFO - Операция: Создание агента
2025-04-22 00:30:26,437 - INFO - Детали: Начало
2025-04-22 00:30:26,439 - INFO - Операция: Инициализация завершена
2025-04-22 00:30:26,439 - INFO - Детали: Успешно
2025-04-22 00:30:26,443 - WARNING -  * Debugger is active!
2025-04-22 00:30:26,445 - INFO -  * Debugger PIN: 127-184-279
2025-04-22 00:30:32,429 - INFO - 127.0.0.1 - - [22/Apr/2025 00:30:32] "GET / HTTP/1.1" 200 -
2025-04-22 00:30:32,434 - INFO - 127.0.0.1 - - [22/Apr/2025 00:30:32] "[36mGET /static/css/style.css HTTP/1.1[0m" 304 -
2025-04-22 00:30:32,435 - INFO - 127.0.0.1 - - [22/Apr/2025 00:30:32] "[36mGET /static/js/app.js HTTP/1.1[0m" 304 -
2025-04-22 00:30:41,898 - INFO - 127.0.0.1 - - [22/Apr/2025 00:30:41] "POST /analyze HTTP/1.1" 200 -
2025-04-22 00:30:56,586 - INFO - Операция: Анализ запроса
2025-04-22 00:30:56,586 - INFO - Детали: Начало анализа
2025-04-22 00:30:56,587 - INFO - === Запрос пользователя ===
2025-04-22 00:30:56,587 - INFO - Требуется информация что такое sap mm?
2025-04-22 00:30:56,587 - INFO - === Ответ системы ===
2025-04-22 00:30:56,587 - INFO - 
2025-04-22 00:30:56,587 - INFO - =====================
2025-04-22 00:30:56,587 - INFO - Операция: Обработка запроса
2025-04-22 00:30:56,587 - INFO - Детали: Ключевые слова: 'что такое sap mm?'
2025-04-22 00:30:56,587 - INFO - Операция: Определен SAP-запрос
2025-04-22 00:30:56,587 - INFO - Детали: Запуск специализированного поиска
2025-04-22 00:30:56,665 - INFO - Операция: Найдены SAP-документы
2025-04-22 00:30:56,665 - INFO - Детали: 10 результатов
2025-04-22 00:30:56,665 - INFO - Операция: Проверка документа
2025-04-22 00:30:56,665 - INFO - Детали: Файл: мм сап.docx, Раздел: документ sap mm
2025-04-22 00:30:56,666 - INFO - Операция: Найдено SAP MM совпадение
2025-04-22 00:30:56,666 - INFO - Детали: Файл: мм сап.docx, Раздел: документ sap mm, Превью: документ sap: мм сап

этот документ относится к системе sap и модулю mm (material management). sap m...
2025-04-22 00:30:56,666 - INFO - Операция: Проверка документа
2025-04-22 00:30:56,666 - INFO - Детали: Файл: документ microsoft word по заказу.docx, Раздел: заголовок документа
2025-04-22 00:30:56,666 - INFO - Операция: Проверка документа
2025-04-22 00:30:56,666 - INFO - Детали: Файл: документ microsoft word.docx, Раздел: заголовок документа
2025-04-22 00:30:56,666 - INFO - Операция: Проверка документа
2025-04-22 00:30:56,666 - INFO - Детали: Файл: создание_заказа.txt, Раздел: # инструкция по созданию заказа
2025-04-22 00:30:56,666 - INFO - Операция: Проверка документа
2025-04-22 00:30:56,666 - INFO - Детали: Файл: создание_заказа.txt, Раздел: заголовок документа
2025-04-22 00:30:56,667 - INFO - Операция: Проверка документа
2025-04-22 00:30:56,667 - INFO - Детали: Файл: мм сап.docx, Раздел: основной текст
2025-04-22 00:30:56,667 - INFO - Операция: Найдено SAP MM совпадение
2025-04-22 00:30:56,668 - INFO - Детали: Файл: мм сап.docx, Раздел: основной текст, Превью: sap mm content: sap mm - краткое руководство

предыдущая страница

далее

sap mm content: sap mm - о...
2025-04-22 00:30:56,668 - INFO - Операция: Проверка документа
2025-04-22 00:30:56,668 - INFO - Детали: Файл: инструкция_по_сборке_lego.pdf, Раздел: страница 35
2025-04-22 00:30:56,668 - INFO - Операция: Проверка документа
2025-04-22 00:30:56,668 - INFO - Детали: Файл: инструкция_по_сборке_lego.pdf, Раздел: страница 40
2025-04-22 00:30:56,668 - INFO - Операция: Проверка документа
2025-04-22 00:30:56,668 - INFO - Детали: Файл: мм сап.docx, Раздел: таблица 1
2025-04-22 00:30:56,668 - INFO - Операция: Найдено SAP MM совпадение
2025-04-22 00:30:56,668 - INFO - Детали: Файл: мм сап.docx, Раздел: таблица 1, Превью: sap mm table data:
таблица 1:

строка 1: sr.no . | закупочная деятельность и описание
строка 2: 1 | ...
2025-04-22 00:30:56,668 - INFO - Операция: Проверка документа
2025-04-22 00:30:56,669 - INFO - Детали: Файл: документ microsoft word по заказу.docx, Раздел: основной текст
2025-04-22 00:30:56,669 - INFO - Операция: Отфильтровано 3 SAP документов
2025-04-22 00:30:56,669 - INFO - Детали: Формирование прямого ответа на основе SAP документов
2025-04-22 00:31:00,329 - INFO - Операция: Получен ответ на SAP-запрос
2025-04-22 00:31:00,330 - INFO - Детали: Длина ответа: 1698 символов
2025-04-22 00:31:00,330 - INFO - === Запрос пользователя ===
2025-04-22 00:31:00,331 - INFO - Требуется информация что такое sap mm?
2025-04-22 00:31:00,331 - INFO - === Ответ системы ===
2025-04-22 00:31:00,331 - INFO - Информация найдена на странице 1 в разделе **Основной текст**:

SAP MM CONTENT: SAP MM - Процесс закупок

Каждая организация приобретает материалы или услуги для удовлетворения своих бизнес-потребностей. Процесс покупки материалов и получения услуг от поставщиков или дилеров называется закупками. Этапы, необходимые для закупки материалов, составляют цикл закупок. Каждая организация выполняет несколько последовательных этапов для закупки материалов в нужном количестве по нужной цене. Важные этапы цикла закупок следующие:

Определение потребности

Создание заказа на покупку

Учет Поступления товара

Разноска счета-фактуры

Информация найдена на странице 1 в разделе **Основной текст**:

SAP MM CONTENT: SAP MM - Запрос ценового предложения

Выбор поставщика — важный этап в цикле закупок. После сбора требований мы начинаем искать возможных поставщиков, которые могут выполнить требования по наиболее выгодной цене. Таким образом, мы направляем поставщикам запрос на предоставление ценовых предложений с указанием стоимости материала, а также их условий. Этот запрос называется запросом ценовых предложений (RFQ). Ниже перечислены основные моменты, на которые следует обратить внимание при запросе ценовых предложений.

Запрос ценовых предложений — это форма приглашения, которая отправляется поставщикам с просьбой предоставить ценовое предложение с указанием цен и условий.

В нем содержится информация о товарах или услугах, количестве, дате поставки и дате подачи заявки.

SAP MM CONTENT: Коммерческое предложение — это ответ поставщика в ответ на запрос коммерческого предложения.

Запрос запроса может быть создан следующими двумя способами:

Вручную

Автоматически из заявки на покупку
2025-04-22 00:31:00,331 - INFO - =====================
2025-04-22 00:31:00,363 - INFO - 127.0.0.1 - - [22/Apr/2025 00:31:00] "POST /analyze HTTP/1.1" 200 -
2025-04-22 00:31:21,606 - INFO - 127.0.0.1 - - [22/Apr/2025 00:31:21] "POST /analyze HTTP/1.1" 200 -
2025-04-22 00:31:36,672 - INFO - Операция: Анализ запроса
2025-04-22 00:31:36,673 - INFO - Детали: Начало анализа
2025-04-22 00:31:36,673 - INFO - === Запрос пользователя ===
2025-04-22 00:31:36,673 - INFO - Требуется информация Как научиться говорить??
2025-04-22 00:31:36,673 - INFO - === Ответ системы ===
2025-04-22 00:31:36,674 - INFO - 
2025-04-22 00:31:36,674 - INFO - =====================
2025-04-22 00:31:36,674 - INFO - Операция: Обработка запроса
2025-04-22 00:31:36,674 - INFO - Детали: Ключевые слова: 'как научиться говорить??'
2025-04-22 00:31:36,674 - INFO - Операция: Определение типа запроса
2025-04-22 00:31:36,674 - INFO - Детали: Конкретный информационный запрос
2025-04-22 00:31:36,674 - INFO - Операция: Запуск QA цепочки
2025-04-22 00:31:36,674 - INFO - Детали: Начало обработки конкретного запроса
2025-04-22 00:31:36,742 - INFO - Операция: Найдено документов
2025-04-22 00:31:36,742 - INFO - Детали: 10 результатов
2025-04-22 00:31:36,743 - INFO - Операция: Документ 1
2025-04-22 00:31:36,743 - INFO - Детали: Источник: Документ Microsoft Word.docx, Раздел: Основной текст, Превью: Сколько лет я буду жить? Так долго, как пожелаешь….

Как научиться говорить? Ответ: Шёпотом!

Как со...
2025-04-22 00:31:36,743 - INFO - Операция: Документ 2
2025-04-22 00:31:36,743 - INFO - Детали: Источник: Лист Microsoft Excel.xlsx, Раздел: н/д, Превью: Заголовки таблицы: Вопрос | Ответ

Строка 1: Где находится Караганда? | Нужно спросить у Эмми
Строка...
2025-04-22 00:31:36,743 - INFO - Операция: Документ 3
2025-04-22 00:31:36,743 - INFO - Детали: Источник: Документ Microsoft Word.docx, Раздел: Заголовок документа, Превью: Название документа: Документ Microsoft Word


2025-04-22 00:31:36,743 - INFO - Операция: Документ 4
2025-04-22 00:31:36,743 - INFO - Детали: Источник: создание_заказа.txt, Раздел: Заголовок документа, Превью: Название документа: создание_заказа


2025-04-22 00:31:36,744 - INFO - Операция: Документ 5
2025-04-22 00:31:36,744 - INFO - Детали: Источник: Документ Microsoft Word по заказу.docx, Раздел: Заголовок документа, Превью: Название документа: Документ Microsoft Word по заказу


2025-04-22 00:31:36,744 - INFO - Операция: Документ 6
2025-04-22 00:31:36,744 - INFO - Детали: Источник: Инструкция_по_сборке_LEGO.pdf, Раздел: Страница 3, Превью: LEGO® Builder


2025-04-22 00:31:36,744 - INFO - Операция: Документ 7
2025-04-22 00:31:36,744 - INFO - Детали: Источник: создание_заказа.txt, Раздел: # Инструкция по созданию заказа, Превью: # Инструкция по созданию заказа

## Шаги создания заказа в системе
2025-04-22 00:31:36,744 - INFO - Операция: Документ 8
2025-04-22 00:31:36,744 - INFO - Детали: Источник: ММ САП.docx, Раздел: Документ SAP MM, Превью: ДОКУМЕНТ SAP: ММ САП

Этот документ относится к системе SAP и модулю MM (Material Management). SAP M...
2025-04-22 00:31:36,745 - INFO - Операция: Документ 9
2025-04-22 00:31:36,745 - INFO - Детали: Источник: Инструкция_по_сборке_LEGO.pdf, Раздел: Страница 4, Превью: 1
1
4


2025-04-22 00:31:36,745 - INFO - Операция: Документ 10
2025-04-22 00:31:36,745 - INFO - Детали: Источник: Инструкция_по_сборке_LEGO.pdf, Раздел: Страница 5, Превью: 2 1
5


2025-04-22 00:31:37,933 - INFO - Операция: Ответ QA получен
2025-04-22 00:31:37,933 - INFO - Детали: Длина ответа: 22 символов
2025-04-22 00:31:37,934 - INFO - === Запрос пользователя ===
2025-04-22 00:31:37,934 - INFO - Требуется информация Как научиться говорить??
2025-04-22 00:31:37,934 - INFO - === Ответ системы ===
2025-04-22 00:31:37,934 - INFO - Информация не найдена.
2025-04-22 00:31:37,934 - INFO - =====================
2025-04-22 00:31:37,935 - INFO - 127.0.0.1 - - [22/Apr/2025 00:31:37] "POST /analyze HTTP/1.1" 200 -
2025-04-22 00:32:26,660 - INFO - Операция: Анализ запроса
2025-04-22 00:32:26,660 - INFO - Детали: Начало анализа
2025-04-22 00:32:26,661 - INFO - === Запрос пользователя ===
2025-04-22 00:32:26,661 - INFO - Требуется информация как собрать lego?
2025-04-22 00:32:26,661 - INFO - === Ответ системы ===
2025-04-22 00:32:26,661 - INFO - 
2025-04-22 00:32:26,661 - INFO - =====================
2025-04-22 00:32:26,661 - INFO - Операция: Обработка запроса
2025-04-22 00:32:26,661 - INFO - Детали: Ключевые слова: 'как собрать lego?'
2025-04-22 00:32:26,661 - INFO - Операция: Определение типа запроса
2025-04-22 00:32:26,662 - INFO - Детали: Конкретный информационный запрос
2025-04-22 00:32:26,662 - INFO - Операция: Запуск QA цепочки
2025-04-22 00:32:26,662 - INFO - Детали: Начало обработки конкретного запроса
2025-04-22 00:32:26,725 - INFO - Операция: Найдено документов
2025-04-22 00:32:26,725 - INFO - Детали: 10 результатов
2025-04-22 00:32:26,726 - INFO - Операция: Документ 1
2025-04-22 00:32:26,726 - INFO - Детали: Источник: Документ Microsoft Word.docx, Раздел: Основной текст, Превью: Сколько лет я буду жить? Так долго, как пожелаешь….

Как научиться говорить? Ответ: Шёпотом!

Как со...
2025-04-22 00:32:26,726 - INFO - Операция: Документ 2
2025-04-22 00:32:26,726 - INFO - Детали: Источник: Инструкция_по_сборке_LEGO.pdf, Раздел: Страница 3, Превью: LEGO® Builder


2025-04-22 00:32:26,726 - INFO - Операция: Документ 3
2025-04-22 00:32:26,726 - INFO - Детали: Источник: Инструкция_по_сборке_LEGO.pdf, Раздел: Страница 48, Превью: © Nintendo
LEGO and the LEGO logo are trademarks of the/sont des marques de commerce du/
LEGO and th...
2025-04-22 00:32:26,726 - INFO - Операция: Документ 4
2025-04-22 00:32:26,726 - INFO - Детали: Источник: создание_заказа.txt, Раздел: Заголовок документа, Превью: Название документа: создание_заказа


2025-04-22 00:32:26,726 - INFO - Операция: Документ 5
2025-04-22 00:32:26,726 - INFO - Детали: Источник: Инструкция_по_сборке_LEGO.pdf, Раздел: Страница 2, Превью: LEGO.com/sustainable-packaging
Get excited about our new packaging!
We’re switching from plastic to ...
2025-04-22 00:32:26,727 - INFO - Операция: Документ 6
2025-04-22 00:32:26,727 - INFO - Детали: Источник: Документ Microsoft Word.docx, Раздел: Заголовок документа, Превью: Название документа: Документ Microsoft Word


2025-04-22 00:32:26,727 - INFO - Операция: Документ 7
2025-04-22 00:32:26,727 - INFO - Детали: Источник: Документ Microsoft Word по заказу.docx, Раздел: Основной текст, Превью: Чтобы создать заказ на доставку требуется использовать транзакцию me21n.
Чтобы изменить заказ на дос...
2025-04-22 00:32:26,727 - INFO - Операция: Документ 8
2025-04-22 00:32:26,727 - INFO - Детали: Источник: Лист Microsoft Excel.xlsx, Раздел: н/д, Превью: Заголовки таблицы: Вопрос | Ответ

Строка 1: Где находится Караганда? | Нужно спросить у Эмми
Строка...
2025-04-22 00:32:26,727 - INFO - Операция: Документ 9
2025-04-22 00:32:26,727 - INFO - Детали: Источник: Документ Microsoft Word по заказу.docx, Раздел: Заголовок документа, Превью: Название документа: Документ Microsoft Word по заказу


2025-04-22 00:32:26,727 - INFO - Операция: Документ 10
2025-04-22 00:32:26,728 - INFO - Детали: Источник: Инструкция_по_сборке_LEGO.pdf, Раздел: Страница 7, Превью: 7


2025-04-22 00:32:27,054 - INFO - Операция: Ответ QA получен
2025-04-22 00:32:27,054 - INFO - Детали: Длина ответа: 22 символов
2025-04-22 00:32:27,055 - INFO - === Запрос пользователя ===
2025-04-22 00:32:27,055 - INFO - Требуется информация как собрать lego?
2025-04-22 00:32:27,055 - INFO - === Ответ системы ===
2025-04-22 00:32:27,055 - INFO - Информация не найдена.
2025-04-22 00:32:27,055 - INFO - =====================
2025-04-22 00:32:27,057 - INFO - 127.0.0.1 - - [22/Apr/2025 00:32:27] "POST /analyze HTTP/1.1" 200 -
2025-04-22 00:32:44,121 - INFO - Операция: Анализ запроса
2025-04-22 00:32:44,121 - INFO - Детали: Начало анализа
2025-04-22 00:32:44,122 - INFO - === Запрос пользователя ===
2025-04-22 00:32:44,122 - INFO - Требуется информация как создать документ?
2025-04-22 00:32:44,122 - INFO - === Ответ системы ===
2025-04-22 00:32:44,122 - INFO - 
2025-04-22 00:32:44,122 - INFO - =====================
2025-04-22 00:32:44,122 - INFO - Операция: Обработка запроса
2025-04-22 00:32:44,122 - INFO - Детали: Ключевые слова: 'как создать документ?'
2025-04-22 00:32:44,123 - INFO - Операция: Определение типа запроса
2025-04-22 00:32:44,123 - INFO - Детали: Конкретный информационный запрос
2025-04-22 00:32:44,123 - INFO - Операция: Запуск QA цепочки
2025-04-22 00:32:44,123 - INFO - Детали: Начало обработки конкретного запроса
2025-04-22 00:32:44,181 - INFO - Операция: Найдено документов
2025-04-22 00:32:44,182 - INFO - Детали: 10 результатов
2025-04-22 00:32:44,182 - INFO - Операция: Документ 1
2025-04-22 00:32:44,182 - INFO - Детали: Источник: Документ Microsoft Word.docx, Раздел: Основной текст, Превью: Сколько лет я буду жить? Так долго, как пожелаешь….

Как научиться говорить? Ответ: Шёпотом!

Как со...
2025-04-22 00:32:44,182 - INFO - Операция: Документ 2
2025-04-22 00:32:44,182 - INFO - Детали: Источник: Документ Microsoft Word.docx, Раздел: Заголовок документа, Превью: Название документа: Документ Microsoft Word


2025-04-22 00:32:44,182 - INFO - Операция: Документ 3
2025-04-22 00:32:44,182 - INFO - Детали: Источник: создание_заказа.txt, Раздел: Заголовок документа, Превью: Название документа: создание_заказа


2025-04-22 00:32:44,183 - INFO - Операция: Документ 4
2025-04-22 00:32:44,183 - INFO - Детали: Источник: Документ Microsoft Word по заказу.docx, Раздел: Заголовок документа, Превью: Название документа: Документ Microsoft Word по заказу


2025-04-22 00:32:44,183 - INFO - Операция: Документ 5
2025-04-22 00:32:44,183 - INFO - Детали: Источник: ММ САП.docx, Раздел: Документ SAP MM, Превью: ДОКУМЕНТ SAP: ММ САП

Этот документ относится к системе SAP и модулю MM (Material Management). SAP M...
2025-04-22 00:32:44,183 - INFO - Операция: Документ 6
2025-04-22 00:32:44,183 - INFO - Детали: Источник: Лист Microsoft Excel.xlsx, Раздел: н/д, Превью: Заголовки таблицы: Вопрос | Ответ

Строка 1: Где находится Караганда? | Нужно спросить у Эмми
Строка...
2025-04-22 00:32:44,183 - INFO - Операция: Документ 7
2025-04-22 00:32:44,183 - INFO - Детали: Источник: создание_заказа.txt, Раздел: # Инструкция по созданию заказа, Превью: # Инструкция по созданию заказа

## Шаги создания заказа в системе
2025-04-22 00:32:44,183 - INFO - Операция: Документ 8
2025-04-22 00:32:44,183 - INFO - Детали: Источник: Документ Microsoft Word по заказу.docx, Раздел: Основной текст, Превью: Чтобы создать заказ на доставку требуется использовать транзакцию me21n.
Чтобы изменить заказ на дос...
2025-04-22 00:32:44,184 - INFO - Операция: Документ 9
2025-04-22 00:32:44,184 - INFO - Детали: Источник: ММ САП.docx, Раздел: Таблица 1, Превью: SAP MM TABLE DATA:
Таблица 1:

Строка 1: Sr.No . | Закупочная Деятельность и Описание
Строка 2: 1 | ...
2025-04-22 00:32:44,184 - INFO - Операция: Документ 10
2025-04-22 00:32:44,184 - INFO - Детали: Источник: ММ САП.docx, Раздел: Основной текст, Превью: SAP MM CONTENT: SAP MM - Краткое руководство

Предыдущая страница

Далее

SAP MM CONTENT: SAP MM - О...
2025-04-22 00:32:45,382 - INFO - Операция: Ответ QA получен
2025-04-22 00:32:45,382 - INFO - Детали: Длина ответа: 22 символов
2025-04-22 00:32:45,383 - INFO - === Запрос пользователя ===
2025-04-22 00:32:45,383 - INFO - Требуется информация как создать документ?
2025-04-22 00:32:45,383 - INFO - === Ответ системы ===
2025-04-22 00:32:45,383 - INFO - Информация не найдена.
2025-04-22 00:32:45,383 - INFO - =====================
2025-04-22 00:32:45,384 - INFO - 127.0.0.1 - - [22/Apr/2025 00:32:45] "POST /analyze HTTP/1.1" 200 -
2025-04-22 00:32:55,540 - INFO - Операция: Анализ запроса
2025-04-22 00:32:55,540 - INFO - Детали: Начало анализа
2025-04-22 00:32:55,541 - INFO - === Запрос пользователя ===
2025-04-22 00:32:55,541 - INFO - Требуется информация как создать заказ?
2025-04-22 00:32:55,541 - INFO - === Ответ системы ===
2025-04-22 00:32:55,541 - INFO - 
2025-04-22 00:32:55,541 - INFO - =====================
2025-04-22 00:32:55,542 - INFO - Операция: Обработка запроса
2025-04-22 00:32:55,542 - INFO - Детали: Ключевые слова: 'как создать заказ?'
2025-04-22 00:32:55,542 - INFO - Операция: Определение типа запроса
2025-04-22 00:32:55,542 - INFO - Детали: Конкретный информационный запрос
2025-04-22 00:32:55,542 - INFO - Операция: Запуск QA цепочки
2025-04-22 00:32:55,542 - INFO - Детали: Начало обработки конкретного запроса
2025-04-22 00:32:55,592 - INFO - Операция: Найдено документов
2025-04-22 00:32:55,592 - INFO - Детали: 10 результатов
2025-04-22 00:32:55,592 - INFO - Операция: Документ 1
2025-04-22 00:32:55,592 - INFO - Детали: Источник: создание_заказа.txt, Раздел: Заголовок документа, Превью: Название документа: создание_заказа


2025-04-22 00:32:55,593 - INFO - Операция: Документ 2
2025-04-22 00:32:55,593 - INFO - Детали: Источник: создание_заказа.txt, Раздел: # Инструкция по созданию заказа, Превью: # Инструкция по созданию заказа

## Шаги создания заказа в системе
2025-04-22 00:32:55,593 - INFO - Операция: Документ 3
2025-04-22 00:32:55,593 - INFO - Детали: Источник: Документ Microsoft Word по заказу.docx, Раздел: Заголовок документа, Превью: Название документа: Документ Microsoft Word по заказу


2025-04-22 00:32:55,593 - INFO - Операция: Документ 4
2025-04-22 00:32:55,593 - INFO - Детали: Источник: Документ Microsoft Word по заказу.docx, Раздел: Основной текст, Превью: Чтобы создать заказ на доставку требуется использовать транзакцию me21n.
Чтобы изменить заказ на дос...
2025-04-22 00:32:55,593 - INFO - Операция: Документ 5
2025-04-22 00:32:55,593 - INFO - Детали: Источник: Документ Microsoft Word.docx, Раздел: Основной текст, Превью: Сколько лет я буду жить? Так долго, как пожелаешь….

Как научиться говорить? Ответ: Шёпотом!

Как со...
2025-04-22 00:32:55,593 - INFO - Операция: Документ 6
2025-04-22 00:32:55,593 - INFO - Детали: Источник: создание_заказа.txt, Раздел: 1. Войдите в личный кабинет, используя логин и пароль.
2. Нажмите на кнопку "Создать новый заказ" в верхнем меню.
3. Выберите товары из каталога, нажимая кнопку "Добавить в корзину".
4. После выбора всех товаров перейдите в корзину.
5. Проверьте состав заказа и общую сумму.
6. Выберите способ доставки из доступных вариантов:
   - Курьерская доставка
   - Самовывоз из пункта выдачи
   - Почтовая доставка
7. Укажите адрес доставки, если выбрана доставка курьером или почтой.
8. Выберите способ оплаты:
   - Банковской картой онлайн
   - При получении
   - Оплата "Улыбкой" (специальная программа лояльности)
9. Нажмите кнопку "Оформить заказ".
10. Вам придет подтверждение о создании заказа на email и SMS., Превью: 1. Войдите в личный кабинет, используя логин и пароль.
2. Нажмите на кнопку "Создать новый заказ" в ...
2025-04-22 00:32:55,594 - INFO - Операция: Документ 7
2025-04-22 00:32:55,594 - INFO - Детали: Источник: создание_заказа.txt, Раздел: - Минимальная сумма заказа - 500 рублей.
- Срок доставки зависит от выбранного способа и региона.
- После оформления заказа его состав изменить нельзя.
- Вы можете отменить заказ до его отправки в службу доставки., Превью: - Минимальная сумма заказа - 500 рублей.
- Срок доставки зависит от выбранного способа и региона.
- ...
2025-04-22 00:32:55,594 - INFO - Операция: Документ 8
2025-04-22 00:32:55,594 - INFO - Детали: Источник: ММ САП.docx, Раздел: Таблица 1, Превью: SAP MM TABLE DATA:
Таблица 1:

Строка 1: Sr.No . | Закупочная Деятельность и Описание
Строка 2: 1 | ...
2025-04-22 00:32:55,594 - INFO - Операция: Документ 9
2025-04-22 00:32:55,594 - INFO - Детали: Источник: Документ Microsoft Word.docx, Раздел: Заголовок документа, Превью: Название документа: Документ Microsoft Word


2025-04-22 00:32:55,594 - INFO - Операция: Документ 10
2025-04-22 00:32:55,594 - INFO - Детали: Источник: ММ САП.docx, Раздел: Документ SAP MM, Превью: ДОКУМЕНТ SAP: ММ САП

Этот документ относится к системе SAP и модулю MM (Material Management). SAP M...
2025-04-22 00:32:56,797 - INFO - Операция: Ответ QA получен
2025-04-22 00:32:56,798 - INFO - Детали: Длина ответа: 22 символов
2025-04-22 00:32:56,798 - INFO - === Запрос пользователя ===
2025-04-22 00:32:56,798 - INFO - Требуется информация как создать заказ?
2025-04-22 00:32:56,798 - INFO - === Ответ системы ===
2025-04-22 00:32:56,798 - INFO - Информация не найдена.
2025-04-22 00:32:56,799 - INFO - =====================
2025-04-22 00:32:56,800 - INFO - 127.0.0.1 - - [22/Apr/2025 00:32:56] "POST /analyze HTTP/1.1" 200 -
2025-04-22 00:37:39,272 - INFO -  * Detected change in 'c:\\Users\\NOVA\\OneDrive\\Рабочий стол\\AI-агент\\pet-project\\file.py', reloading
2025-04-22 00:37:39,886 - INFO -  * Restarting with stat
2025-04-22 00:37:54,395 - INFO - Load pretrained SentenceTransformer: sberbank-ai/sbert_large_nlu_ru
2025-04-22 00:37:59,645 - INFO - Операция: Начало чтения документов из директории: documents
2025-04-22 00:37:59,645 - INFO - Операция: Обработка файла
2025-04-22 00:37:59,645 - INFO - Детали: Тип файла: Документ Microsoft Word по заказу.docx
2025-04-22 00:37:59,645 - INFO - Операция: Чтение Word файла
2025-04-22 00:37:59,645 - INFO - Детали: Обработка файла: documents\Документ Microsoft Word по заказу.docx
2025-04-22 00:37:59,657 - INFO - Операция: Успешное чтение Word
2025-04-22 00:37:59,657 - INFO - Детали: Извлечено 2 секций
2025-04-22 00:37:59,657 - INFO - Операция: Секция 1 из файла Документ Microsoft Word по заказу.docx
2025-04-22 00:37:59,657 - INFO - Детали: Раздел: Заголовок документа, Превью: Название документа: Документ Microsoft Word по заказу


2025-04-22 00:37:59,657 - INFO - Операция: Секция 2 из файла Документ Microsoft Word по заказу.docx
2025-04-22 00:37:59,657 - INFO - Детали: Раздел: Основной текст, Превью: Чтобы создать заказ на доставку требуется использовать транзакцию me21n.
Чтобы изменить заказ на дос...
2025-04-22 00:37:59,657 - INFO - Операция: Успешно прочитан файл: Документ Microsoft Word по заказу.docx
2025-04-22 00:37:59,657 - INFO - Детали: Извлечено 2 секций
2025-04-22 00:37:59,658 - INFO - Операция: Обработка файла
2025-04-22 00:37:59,658 - INFO - Детали: Тип файла: Документ Microsoft Word.docx
2025-04-22 00:37:59,658 - INFO - Операция: Чтение Word файла
2025-04-22 00:37:59,658 - INFO - Детали: Обработка файла: documents\Документ Microsoft Word.docx
2025-04-22 00:37:59,664 - INFO - Операция: Успешное чтение Word
2025-04-22 00:37:59,664 - INFO - Детали: Извлечено 2 секций
2025-04-22 00:37:59,664 - INFO - Операция: Секция 1 из файла Документ Microsoft Word.docx
2025-04-22 00:37:59,665 - INFO - Детали: Раздел: Заголовок документа, Превью: Название документа: Документ Microsoft Word


2025-04-22 00:37:59,665 - INFO - Операция: Секция 2 из файла Документ Microsoft Word.docx
2025-04-22 00:37:59,665 - INFO - Детали: Раздел: Основной текст, Превью: Сколько лет я буду жить? Так долго, как пожелаешь….

Как научиться говорить? Ответ: Шёпотом!

Как со...
2025-04-22 00:37:59,665 - INFO - Операция: Успешно прочитан файл: Документ Microsoft Word.docx
2025-04-22 00:37:59,665 - INFO - Детали: Извлечено 2 секций
2025-04-22 00:37:59,665 - INFO - Операция: Обработка файла
2025-04-22 00:37:59,665 - INFO - Детали: Тип файла: Инструкция_по_сборке_LEGO.pdf
2025-04-22 00:37:59,666 - INFO - Операция: Чтение PDF файла
2025-04-22 00:37:59,666 - INFO - Детали: Обработка файла: documents\Инструкция_по_сборке_LEGO.pdf
2025-04-22 00:37:59,695 - INFO - Операция: Анализ PDF
2025-04-22 00:37:59,695 - INFO - Детали: Файл содержит 48 страниц
2025-04-22 00:38:00,596 - INFO - Операция: Успешное чтение PDF
2025-04-22 00:38:00,596 - INFO - Детали: Извлечено 47 секций
2025-04-22 00:38:00,596 - INFO - Операция: Успешно прочитан файл: Инструкция_по_сборке_LEGO.pdf
2025-04-22 00:38:00,596 - INFO - Детали: Извлечено 47 секций
2025-04-22 00:38:00,597 - INFO - Операция: Обработка файла
2025-04-22 00:38:00,597 - INFO - Детали: Тип файла: Лист Microsoft Excel.xlsx
2025-04-22 00:38:00,597 - INFO - Операция: Чтение Excel файла
2025-04-22 00:38:00,597 - INFO - Детали: Обработка файла: documents\Лист Microsoft Excel.xlsx
2025-04-22 00:38:00,717 - INFO - Операция: Успешное чтение Excel
2025-04-22 00:38:00,718 - INFO - Детали: Извлечено 1 секций
2025-04-22 00:38:00,718 - INFO - Операция: Успешно прочитан файл: Лист Microsoft Excel.xlsx
2025-04-22 00:38:00,718 - INFO - Детали: Извлечено 1 секций
2025-04-22 00:38:00,718 - INFO - Операция: Обработка файла
2025-04-22 00:38:00,718 - INFO - Детали: Тип файла: ММ САП.docx
2025-04-22 00:38:00,718 - INFO - Операция: Чтение Word файла
2025-04-22 00:38:00,718 - INFO - Детали: Обработка файла: documents\ММ САП.docx
2025-04-22 00:38:01,185 - INFO - Операция: Успешное чтение Word
2025-04-22 00:38:01,185 - INFO - Детали: Извлечено 4 секций
2025-04-22 00:38:01,185 - INFO - Операция: Секция 1 из файла ММ САП.docx
2025-04-22 00:38:01,186 - INFO - Детали: Раздел: Документ SAP MM, Превью: ДОКУМЕНТ SAP: ММ САП

Этот документ относится к системе SAP и модулю MM (Material Management). SAP M...
2025-04-22 00:38:01,186 - INFO - Операция: Секция 2 из файла ММ САП.docx
2025-04-22 00:38:01,186 - INFO - Детали: Раздел: Основной текст, Превью: SAP MM CONTENT: SAP MM - Краткое руководство

Предыдущая страница

Далее

SAP MM CONTENT: SAP MM - О...
2025-04-22 00:38:01,186 - INFO - Операция: Секция 3 из файла ММ САП.docx
2025-04-22 00:38:01,186 - INFO - Детали: Раздел: Таблица 1, Превью: SAP MM TABLE DATA:
Таблица 1:

Строка 1: Sr.No . | Закупочная Деятельность и Описание
Строка 2: 1 | ...
2025-04-22 00:38:01,186 - INFO - Операция: Секция 4 из файла ММ САП.docx
2025-04-22 00:38:01,186 - INFO - Детали: Раздел: Таблица 2, Превью: SAP MM TABLE DATA:
Таблица 2:

Строка 1: Sr.No . | T-Код и описание
Строка 2: 1 | ОКС15
Создать комп...
2025-04-22 00:38:01,186 - INFO - Операция: Успешно прочитан файл: ММ САП.docx
2025-04-22 00:38:01,186 - INFO - Детали: Извлечено 4 секций
2025-04-22 00:38:01,186 - INFO - Операция: Обработка файла
2025-04-22 00:38:01,187 - INFO - Детали: Тип файла: создание_заказа.txt
2025-04-22 00:38:01,187 - INFO - Операция: Чтение текстового файла: documents\создание_заказа.txt
2025-04-22 00:38:01,193 - INFO - Операция: Содержимое файла создание_заказа.txt
2025-04-22 00:38:01,193 - INFO - Детали: Размер: 1174 символов
2025-04-22 00:38:01,193 - INFO - Операция: Секция 1 из файла создание_заказа.txt
2025-04-22 00:38:01,193 - INFO - Детали: Раздел: Заголовок документа, Превью: Название документа: создание_заказа


2025-04-22 00:38:01,194 - INFO - Операция: Секция 2 из файла создание_заказа.txt
2025-04-22 00:38:01,194 - INFO - Детали: Раздел: # Инструкция по созданию заказа, Превью: # Инструкция по созданию заказа

## Шаги создания заказа в системе
2025-04-22 00:38:01,194 - INFO - Операция: Секция 3 из файла создание_заказа.txt
2025-04-22 00:38:01,194 - INFO - Детали: Раздел: 1. Войдите в личный кабинет, используя логин и пароль.
2. Нажмите на кнопку "Создать новый заказ" в верхнем меню.
3. Выберите товары из каталога, нажимая кнопку "Добавить в корзину".
4. После выбора всех товаров перейдите в корзину.
5. Проверьте состав заказа и общую сумму.
6. Выберите способ доставки из доступных вариантов:
   - Курьерская доставка
   - Самовывоз из пункта выдачи
   - Почтовая доставка
7. Укажите адрес доставки, если выбрана доставка курьером или почтой.
8. Выберите способ оплаты:
   - Банковской картой онлайн
   - При получении
   - Оплата "Улыбкой" (специальная программа лояльности)
9. Нажмите кнопку "Оформить заказ".
10. Вам придет подтверждение о создании заказа на email и SMS., Превью: 1. Войдите в личный кабинет, используя логин и пароль.
2. Нажмите на кнопку "Создать новый заказ" в ...
2025-04-22 00:38:01,194 - INFO - Операция: Секция 4 из файла создание_заказа.txt
2025-04-22 00:38:01,194 - INFO - Детали: Раздел: - Минимальная сумма заказа - 500 рублей.
- Срок доставки зависит от выбранного способа и региона.
- После оформления заказа его состав изменить нельзя.
- Вы можете отменить заказ до его отправки в службу доставки., Превью: - Минимальная сумма заказа - 500 рублей.
- Срок доставки зависит от выбранного способа и региона.
- ...
2025-04-22 00:38:01,194 - INFO - Операция: Успешное чтение TXT
2025-04-22 00:38:01,194 - INFO - Детали: Извлечено 4 секций
2025-04-22 00:38:01,195 - INFO - Операция: Успешно прочитан файл: создание_заказа.txt
2025-04-22 00:38:01,195 - INFO - Детали: Извлечено 4 секций
2025-04-22 00:38:01,195 - INFO - Операция: Статистика обработки
2025-04-22 00:38:01,195 - INFO - Детали: Обработано файлов: 6, Всего секций: 60
2025-04-22 00:38:01,195 - INFO - Операция: Создание документов LangChain
2025-04-22 00:38:01,195 - INFO - Детали: Преобразование 60 секций
2025-04-22 00:38:01,195 - INFO - Операция: Создание векторного хранилища
2025-04-22 00:38:01,195 - INFO - Детали: Начало
2025-04-22 00:38:01,195 - INFO - Операция: Создание векторного хранилища
2025-04-22 00:38:01,196 - INFO - Детали: Обработка 60 документов
2025-04-22 00:38:19,776 - INFO - Loading faiss with AVX512 support.
2025-04-22 00:38:19,777 - INFO - Could not load library with AVX512 support due to:
ModuleNotFoundError("No module named 'faiss.swigfaiss_avx512'")
2025-04-22 00:38:19,777 - INFO - Loading faiss with AVX2 support.
2025-04-22 00:38:19,927 - INFO - Successfully loaded faiss with AVX2 support.
2025-04-22 00:38:19,930 - INFO - Failed to load GPU Faiss: name 'GpuIndexIVFFlat' is not defined. Will not load constructor refs for GPU indexes.
2025-04-22 00:38:19,933 - INFO - Операция: Векторное хранилище создано
2025-04-22 00:38:19,933 - INFO - Детали: Успешно
2025-04-22 00:38:19,934 - INFO - Операция: Создание цепочки QA
2025-04-22 00:38:19,934 - INFO - Детали: Начало
2025-04-22 00:38:19,934 - INFO - Операция: Создание агента
2025-04-22 00:38:19,934 - INFO - Детали: Начало
2025-04-22 00:38:19,936 - INFO - Операция: Инициализация завершена
2025-04-22 00:38:19,936 - INFO - Детали: Успешно
2025-04-22 00:38:19,941 - WARNING -  * Debugger is active!
2025-04-22 00:38:19,942 - INFO -  * Debugger PIN: 127-184-279
2025-04-22 00:38:29,481 - INFO -  * Detected change in 'c:\\Users\\NOVA\\OneDrive\\Рабочий стол\\AI-агент\\pet-project\\file.py', reloading
2025-04-22 00:38:30,112 - INFO -  * Restarting with stat
2025-04-22 00:38:34,133 - INFO - Load pretrained SentenceTransformer: sberbank-ai/sbert_large_nlu_ru
2025-04-22 00:38:38,324 - INFO - Операция: Начало чтения документов из директории: documents
2025-04-22 00:38:38,324 - INFO - Операция: Обработка файла
2025-04-22 00:38:38,324 - INFO - Детали: Тип файла: Документ Microsoft Word по заказу.docx
2025-04-22 00:38:38,324 - INFO - Операция: Чтение Word файла
2025-04-22 00:38:38,324 - INFO - Детали: Обработка файла: documents\Документ Microsoft Word по заказу.docx
2025-04-22 00:38:38,328 - INFO - Операция: Успешное чтение Word
2025-04-22 00:38:38,329 - INFO - Детали: Извлечено 2 секций
2025-04-22 00:38:38,329 - INFO - Операция: Секция 1 из файла Документ Microsoft Word по заказу.docx
2025-04-22 00:38:38,329 - INFO - Детали: Раздел: Заголовок документа, Превью: Название документа: Документ Microsoft Word по заказу


2025-04-22 00:38:38,329 - INFO - Операция: Секция 2 из файла Документ Microsoft Word по заказу.docx
2025-04-22 00:38:38,329 - INFO - Детали: Раздел: Основной текст, Превью: Чтобы создать заказ на доставку требуется использовать транзакцию me21n.
Чтобы изменить заказ на дос...
2025-04-22 00:38:38,329 - INFO - Операция: Успешно прочитан файл: Документ Microsoft Word по заказу.docx
2025-04-22 00:38:38,329 - INFO - Детали: Извлечено 2 секций
2025-04-22 00:38:38,329 - INFO - Операция: Обработка файла
2025-04-22 00:38:38,330 - INFO - Детали: Тип файла: Документ Microsoft Word.docx
2025-04-22 00:38:38,330 - INFO - Операция: Чтение Word файла
2025-04-22 00:38:38,330 - INFO - Детали: Обработка файла: documents\Документ Microsoft Word.docx
2025-04-22 00:38:38,332 - INFO - Операция: Успешное чтение Word
2025-04-22 00:38:38,332 - INFO - Детали: Извлечено 2 секций
2025-04-22 00:38:38,332 - INFO - Операция: Секция 1 из файла Документ Microsoft Word.docx
2025-04-22 00:38:38,332 - INFO - Детали: Раздел: Заголовок документа, Превью: Название документа: Документ Microsoft Word


2025-04-22 00:38:38,332 - INFO - Операция: Секция 2 из файла Документ Microsoft Word.docx
2025-04-22 00:38:38,332 - INFO - Детали: Раздел: Основной текст, Превью: Сколько лет я буду жить? Так долго, как пожелаешь….

Как научиться говорить? Ответ: Шёпотом!

Как со...
2025-04-22 00:38:38,332 - INFO - Операция: Успешно прочитан файл: Документ Microsoft Word.docx
2025-04-22 00:38:38,333 - INFO - Детали: Извлечено 2 секций
2025-04-22 00:38:38,333 - INFO - Операция: Обработка файла
2025-04-22 00:38:38,333 - INFO - Детали: Тип файла: Инструкция_по_сборке_LEGO.pdf
2025-04-22 00:38:38,333 - INFO - Операция: Чтение PDF файла
2025-04-22 00:38:38,333 - INFO - Детали: Обработка файла: documents\Инструкция_по_сборке_LEGO.pdf
2025-04-22 00:38:38,352 - INFO - Операция: Анализ PDF
2025-04-22 00:38:38,353 - INFO - Детали: Файл содержит 48 страниц
2025-04-22 00:38:39,204 - INFO - Операция: Успешное чтение PDF
2025-04-22 00:38:39,204 - INFO - Детали: Извлечено 47 секций
2025-04-22 00:38:39,205 - INFO - Операция: Успешно прочитан файл: Инструкция_по_сборке_LEGO.pdf
2025-04-22 00:38:39,205 - INFO - Детали: Извлечено 47 секций
2025-04-22 00:38:39,205 - INFO - Операция: Обработка файла
2025-04-22 00:38:39,205 - INFO - Детали: Тип файла: Лист Microsoft Excel.xlsx
2025-04-22 00:38:39,205 - INFO - Операция: Чтение Excel файла
2025-04-22 00:38:39,205 - INFO - Детали: Обработка файла: documents\Лист Microsoft Excel.xlsx
2025-04-22 00:38:39,309 - INFO - Операция: Успешное чтение Excel
2025-04-22 00:38:39,309 - INFO - Детали: Извлечено 1 секций
2025-04-22 00:38:39,309 - INFO - Операция: Успешно прочитан файл: Лист Microsoft Excel.xlsx
2025-04-22 00:38:39,309 - INFO - Детали: Извлечено 1 секций
2025-04-22 00:38:39,309 - INFO - Операция: Обработка файла
2025-04-22 00:38:39,309 - INFO - Детали: Тип файла: ММ САП.docx
2025-04-22 00:38:39,309 - INFO - Операция: Чтение Word файла
2025-04-22 00:38:39,309 - INFO - Детали: Обработка файла: documents\ММ САП.docx
2025-04-22 00:38:39,751 - INFO - Операция: Успешное чтение Word
2025-04-22 00:38:39,752 - INFO - Детали: Извлечено 4 секций
2025-04-22 00:38:39,752 - INFO - Операция: Секция 1 из файла ММ САП.docx
2025-04-22 00:38:39,752 - INFO - Детали: Раздел: Документ SAP MM, Превью: ДОКУМЕНТ SAP: ММ САП

Этот документ относится к системе SAP и модулю MM (Material Management). SAP M...
2025-04-22 00:38:39,752 - INFO - Операция: Секция 2 из файла ММ САП.docx
2025-04-22 00:38:39,752 - INFO - Детали: Раздел: Основной текст, Превью: SAP MM CONTENT: SAP MM - Краткое руководство

Предыдущая страница

Далее

SAP MM CONTENT: SAP MM - О...
2025-04-22 00:38:39,752 - INFO - Операция: Секция 3 из файла ММ САП.docx
2025-04-22 00:38:39,753 - INFO - Детали: Раздел: Таблица 1, Превью: SAP MM TABLE DATA:
Таблица 1:

Строка 1: Sr.No . | Закупочная Деятельность и Описание
Строка 2: 1 | ...
2025-04-22 00:38:39,753 - INFO - Операция: Секция 4 из файла ММ САП.docx
2025-04-22 00:38:39,753 - INFO - Детали: Раздел: Таблица 2, Превью: SAP MM TABLE DATA:
Таблица 2:

Строка 1: Sr.No . | T-Код и описание
Строка 2: 1 | ОКС15
Создать комп...
2025-04-22 00:38:39,753 - INFO - Операция: Успешно прочитан файл: ММ САП.docx
2025-04-22 00:38:39,753 - INFO - Детали: Извлечено 4 секций
2025-04-22 00:38:39,753 - INFO - Операция: Обработка файла
2025-04-22 00:38:39,753 - INFO - Детали: Тип файла: создание_заказа.txt
2025-04-22 00:38:39,753 - INFO - Операция: Чтение текстового файла: documents\создание_заказа.txt
2025-04-22 00:38:39,754 - INFO - Операция: Содержимое файла создание_заказа.txt
2025-04-22 00:38:39,754 - INFO - Детали: Размер: 1174 символов
2025-04-22 00:38:39,754 - INFO - Операция: Секция 1 из файла создание_заказа.txt
2025-04-22 00:38:39,754 - INFO - Детали: Раздел: Заголовок документа, Превью: Название документа: создание_заказа


2025-04-22 00:38:39,754 - INFO - Операция: Секция 2 из файла создание_заказа.txt
2025-04-22 00:38:39,754 - INFO - Детали: Раздел: # Инструкция по созданию заказа, Превью: # Инструкция по созданию заказа

## Шаги создания заказа в системе
2025-04-22 00:38:39,754 - INFO - Операция: Секция 3 из файла создание_заказа.txt
2025-04-22 00:38:39,754 - INFO - Детали: Раздел: 1. Войдите в личный кабинет, используя логин и пароль.
2. Нажмите на кнопку "Создать новый заказ" в верхнем меню.
3. Выберите товары из каталога, нажимая кнопку "Добавить в корзину".
4. После выбора всех товаров перейдите в корзину.
5. Проверьте состав заказа и общую сумму.
6. Выберите способ доставки из доступных вариантов:
   - Курьерская доставка
   - Самовывоз из пункта выдачи
   - Почтовая доставка
7. Укажите адрес доставки, если выбрана доставка курьером или почтой.
8. Выберите способ оплаты:
   - Банковской картой онлайн
   - При получении
   - Оплата "Улыбкой" (специальная программа лояльности)
9. Нажмите кнопку "Оформить заказ".
10. Вам придет подтверждение о создании заказа на email и SMS., Превью: 1. Войдите в личный кабинет, используя логин и пароль.
2. Нажмите на кнопку "Создать новый заказ" в ...
2025-04-22 00:38:39,755 - INFO - Операция: Секция 4 из файла создание_заказа.txt
2025-04-22 00:38:39,755 - INFO - Детали: Раздел: - Минимальная сумма заказа - 500 рублей.
- Срок доставки зависит от выбранного способа и региона.
- После оформления заказа его состав изменить нельзя.
- Вы можете отменить заказ до его отправки в службу доставки., Превью: - Минимальная сумма заказа - 500 рублей.
- Срок доставки зависит от выбранного способа и региона.
- ...
2025-04-22 00:38:39,755 - INFO - Операция: Успешное чтение TXT
2025-04-22 00:38:39,755 - INFO - Детали: Извлечено 4 секций
2025-04-22 00:38:39,755 - INFO - Операция: Успешно прочитан файл: создание_заказа.txt
2025-04-22 00:38:39,755 - INFO - Детали: Извлечено 4 секций
2025-04-22 00:38:39,755 - INFO - Операция: Статистика обработки
2025-04-22 00:38:39,755 - INFO - Детали: Обработано файлов: 6, Всего секций: 60
2025-04-22 00:38:39,755 - INFO - Операция: Создание документов LangChain
2025-04-22 00:38:39,755 - INFO - Детали: Преобразование 60 секций
2025-04-22 00:38:39,756 - INFO - Операция: Создание векторного хранилища
2025-04-22 00:38:39,756 - INFO - Детали: Начало
2025-04-22 00:38:39,756 - INFO - Операция: Создание векторного хранилища
2025-04-22 00:38:39,756 - INFO - Детали: Обработка 60 документов
2025-04-22 00:38:58,374 - INFO - Loading faiss with AVX512 support.
2025-04-22 00:38:58,374 - INFO - Could not load library with AVX512 support due to:
ModuleNotFoundError("No module named 'faiss.swigfaiss_avx512'")
2025-04-22 00:38:58,374 - INFO - Loading faiss with AVX2 support.
2025-04-22 00:38:58,387 - INFO - Successfully loaded faiss with AVX2 support.
2025-04-22 00:38:58,390 - INFO - Failed to load GPU Faiss: name 'GpuIndexIVFFlat' is not defined. Will not load constructor refs for GPU indexes.
2025-04-22 00:38:58,393 - INFO - Операция: Векторное хранилище создано
2025-04-22 00:38:58,393 - INFO - Детали: Успешно
2025-04-22 00:38:58,393 - INFO - Операция: Создание цепочки QA
2025-04-22 00:38:58,393 - INFO - Детали: Начало
2025-04-22 00:38:58,394 - INFO - Операция: Создание агента
2025-04-22 00:38:58,394 - INFO - Детали: Начало
2025-04-22 00:38:58,395 - INFO - Операция: Инициализация завершена
2025-04-22 00:38:58,395 - INFO - Детали: Успешно
2025-04-22 00:38:58,399 - WARNING -  * Debugger is active!
2025-04-22 00:38:58,401 - INFO -  * Debugger PIN: 127-184-279
2025-04-22 00:39:18,396 - INFO -  * Detected change in 'c:\\Users\\NOVA\\OneDrive\\Рабочий стол\\AI-агент\\pet-project\\file.py', reloading
2025-04-22 00:39:19,000 - INFO -  * Restarting with stat
2025-04-22 00:39:23,072 - INFO - Load pretrained SentenceTransformer: sberbank-ai/sbert_large_nlu_ru
2025-04-22 00:39:26,436 - INFO - Операция: Начало чтения документов из директории: documents
2025-04-22 00:39:26,437 - INFO - Операция: Обработка файла
2025-04-22 00:39:26,437 - INFO - Детали: Тип файла: Документ Microsoft Word по заказу.docx
2025-04-22 00:39:26,437 - INFO - Операция: Чтение Word файла
2025-04-22 00:39:26,437 - INFO - Детали: Обработка файла: documents\Документ Microsoft Word по заказу.docx
2025-04-22 00:39:26,441 - INFO - Операция: Успешное чтение Word
2025-04-22 00:39:26,442 - INFO - Детали: Извлечено 2 секций
2025-04-22 00:39:26,442 - INFO - Операция: Секция 1 из файла Документ Microsoft Word по заказу.docx
2025-04-22 00:39:26,442 - INFO - Детали: Раздел: Заголовок документа, Превью: Название документа: Документ Microsoft Word по заказу


2025-04-22 00:39:26,442 - INFO - Операция: Секция 2 из файла Документ Microsoft Word по заказу.docx
2025-04-22 00:39:26,442 - INFO - Детали: Раздел: Основной текст, Превью: Чтобы создать заказ на доставку требуется использовать транзакцию me21n.
Чтобы изменить заказ на дос...
2025-04-22 00:39:26,442 - INFO - Операция: Успешно прочитан файл: Документ Microsoft Word по заказу.docx
2025-04-22 00:39:26,442 - INFO - Детали: Извлечено 2 секций
2025-04-22 00:39:26,442 - INFO - Операция: Обработка файла
2025-04-22 00:39:26,443 - INFO - Детали: Тип файла: Документ Microsoft Word.docx
2025-04-22 00:39:26,443 - INFO - Операция: Чтение Word файла
2025-04-22 00:39:26,443 - INFO - Детали: Обработка файла: documents\Документ Microsoft Word.docx
2025-04-22 00:39:26,445 - INFO - Операция: Успешное чтение Word
2025-04-22 00:39:26,445 - INFO - Детали: Извлечено 2 секций
2025-04-22 00:39:26,445 - INFO - Операция: Секция 1 из файла Документ Microsoft Word.docx
2025-04-22 00:39:26,445 - INFO - Детали: Раздел: Заголовок документа, Превью: Название документа: Документ Microsoft Word


2025-04-22 00:39:26,445 - INFO - Операция: Секция 2 из файла Документ Microsoft Word.docx
2025-04-22 00:39:26,445 - INFO - Детали: Раздел: Основной текст, Превью: Сколько лет я буду жить? Так долго, как пожелаешь….

Как научиться говорить? Ответ: Шёпотом!

Как со...
2025-04-22 00:39:26,445 - INFO - Операция: Успешно прочитан файл: Документ Microsoft Word.docx
2025-04-22 00:39:26,445 - INFO - Детали: Извлечено 2 секций
2025-04-22 00:39:26,445 - INFO - Операция: Обработка файла
2025-04-22 00:39:26,445 - INFO - Детали: Тип файла: Инструкция_по_сборке_LEGO.pdf
2025-04-22 00:39:26,446 - INFO - Операция: Чтение PDF файла
2025-04-22 00:39:26,446 - INFO - Детали: Обработка файла: documents\Инструкция_по_сборке_LEGO.pdf
2025-04-22 00:39:26,465 - INFO - Операция: Анализ PDF
2025-04-22 00:39:26,465 - INFO - Детали: Файл содержит 48 страниц
2025-04-22 00:39:32,272 - INFO - Load pretrained SentenceTransformer: sberbank-ai/sbert_large_nlu_ru
2025-04-22 00:39:35,595 - INFO - Операция: Начало чтения документов из директории: documents
2025-04-22 00:39:35,595 - INFO - Операция: Обработка файла
2025-04-22 00:39:35,595 - INFO - Детали: Тип файла: Документ Microsoft Word по заказу.docx
2025-04-22 00:39:35,595 - INFO - Операция: Чтение Word файла
2025-04-22 00:39:35,596 - INFO - Детали: Обработка файла: documents\Документ Microsoft Word по заказу.docx
2025-04-22 00:39:35,600 - INFO - Операция: Успешное чтение Word
2025-04-22 00:39:35,600 - INFO - Детали: Извлечено 2 секций
2025-04-22 00:39:35,600 - INFO - Операция: Секция 1 из файла Документ Microsoft Word по заказу.docx
2025-04-22 00:39:35,600 - INFO - Детали: Раздел: Заголовок документа, Превью: Название документа: Документ Microsoft Word по заказу


2025-04-22 00:39:35,600 - INFO - Операция: Секция 2 из файла Документ Microsoft Word по заказу.docx
2025-04-22 00:39:35,600 - INFO - Детали: Раздел: Основной текст, Превью: Чтобы создать заказ на доставку требуется использовать транзакцию me21n.
Чтобы изменить заказ на дос...
2025-04-22 00:39:35,601 - INFO - Операция: Успешно прочитан файл: Документ Microsoft Word по заказу.docx
2025-04-22 00:39:35,601 - INFO - Детали: Извлечено 2 секций
2025-04-22 00:39:35,601 - INFO - Операция: Обработка файла
2025-04-22 00:39:35,601 - INFO - Детали: Тип файла: Документ Microsoft Word.docx
2025-04-22 00:39:35,601 - INFO - Операция: Чтение Word файла
2025-04-22 00:39:35,601 - INFO - Детали: Обработка файла: documents\Документ Microsoft Word.docx
2025-04-22 00:39:35,603 - INFO - Операция: Успешное чтение Word
2025-04-22 00:39:35,603 - INFO - Детали: Извлечено 2 секций
2025-04-22 00:39:35,603 - INFO - Операция: Секция 1 из файла Документ Microsoft Word.docx
2025-04-22 00:39:35,604 - INFO - Детали: Раздел: Заголовок документа, Превью: Название документа: Документ Microsoft Word


2025-04-22 00:39:35,604 - INFO - Операция: Секция 2 из файла Документ Microsoft Word.docx
2025-04-22 00:39:35,604 - INFO - Детали: Раздел: Основной текст, Превью: Сколько лет я буду жить? Так долго, как пожелаешь….

Как научиться говорить? Ответ: Шёпотом!

Как со...
2025-04-22 00:39:35,604 - INFO - Операция: Успешно прочитан файл: Документ Microsoft Word.docx
2025-04-22 00:39:35,604 - INFO - Детали: Извлечено 2 секций
2025-04-22 00:39:35,604 - INFO - Операция: Обработка файла
2025-04-22 00:39:35,604 - INFO - Детали: Тип файла: Инструкция_по_сборке_LEGO.pdf
2025-04-22 00:39:35,605 - INFO - Операция: Чтение PDF файла
2025-04-22 00:39:35,605 - INFO - Детали: Обработка файла: documents\Инструкция_по_сборке_LEGO.pdf
2025-04-22 00:39:35,624 - INFO - Операция: Анализ PDF
2025-04-22 00:39:35,624 - INFO - Детали: Файл содержит 48 страниц
2025-04-22 00:39:36,486 - INFO - Операция: Успешное чтение PDF
2025-04-22 00:39:36,487 - INFO - Детали: Извлечено 47 секций
2025-04-22 00:39:36,487 - INFO - Операция: Успешно прочитан файл: Инструкция_по_сборке_LEGO.pdf
2025-04-22 00:39:36,487 - INFO - Детали: Извлечено 47 секций
2025-04-22 00:39:36,487 - INFO - Операция: Обработка файла
2025-04-22 00:39:36,487 - INFO - Детали: Тип файла: Лист Microsoft Excel.xlsx
2025-04-22 00:39:36,487 - INFO - Операция: Чтение Excel файла
2025-04-22 00:39:36,488 - INFO - Детали: Обработка файла: documents\Лист Microsoft Excel.xlsx
2025-04-22 00:39:36,588 - INFO - Операция: Успешное чтение Excel
2025-04-22 00:39:36,589 - INFO - Детали: Извлечено 1 секций
2025-04-22 00:39:36,589 - INFO - Операция: Успешно прочитан файл: Лист Microsoft Excel.xlsx
2025-04-22 00:39:36,589 - INFO - Детали: Извлечено 1 секций
2025-04-22 00:39:36,589 - INFO - Операция: Обработка файла
2025-04-22 00:39:36,589 - INFO - Детали: Тип файла: ММ САП.docx
2025-04-22 00:39:36,589 - INFO - Операция: Чтение Word файла
2025-04-22 00:39:36,589 - INFO - Детали: Обработка файла: documents\ММ САП.docx
2025-04-22 00:39:37,038 - INFO - Операция: Успешное чтение Word
2025-04-22 00:39:37,038 - INFO - Детали: Извлечено 4 секций
2025-04-22 00:39:37,038 - INFO - Операция: Секция 1 из файла ММ САП.docx
2025-04-22 00:39:37,038 - INFO - Детали: Раздел: Документ SAP MM, Превью: ДОКУМЕНТ SAP: ММ САП

Этот документ относится к системе SAP и модулю MM (Material Management). SAP M...
2025-04-22 00:39:37,038 - INFO - Операция: Секция 2 из файла ММ САП.docx
2025-04-22 00:39:37,039 - INFO - Детали: Раздел: Основной текст, Превью: SAP MM CONTENT: SAP MM - Краткое руководство

Предыдущая страница

Далее

SAP MM CONTENT: SAP MM - О...
2025-04-22 00:39:37,039 - INFO - Операция: Секция 3 из файла ММ САП.docx
2025-04-22 00:39:37,039 - INFO - Детали: Раздел: Таблица 1, Превью: SAP MM TABLE DATA:
Таблица 1:

Строка 1: Sr.No . | Закупочная Деятельность и Описание
Строка 2: 1 | ...
2025-04-22 00:39:37,039 - INFO - Операция: Секция 4 из файла ММ САП.docx
2025-04-22 00:39:37,039 - INFO - Детали: Раздел: Таблица 2, Превью: SAP MM TABLE DATA:
Таблица 2:

Строка 1: Sr.No . | T-Код и описание
Строка 2: 1 | ОКС15
Создать комп...
2025-04-22 00:39:37,039 - INFO - Операция: Успешно прочитан файл: ММ САП.docx
2025-04-22 00:39:37,039 - INFO - Детали: Извлечено 4 секций
2025-04-22 00:39:37,039 - INFO - Операция: Обработка файла
2025-04-22 00:39:37,039 - INFO - Детали: Тип файла: создание_заказа.txt
2025-04-22 00:39:37,040 - INFO - Операция: Чтение текстового файла: documents\создание_заказа.txt
2025-04-22 00:39:37,040 - INFO - Операция: Содержимое файла создание_заказа.txt
2025-04-22 00:39:37,040 - INFO - Детали: Размер: 1174 символов
2025-04-22 00:39:37,040 - INFO - Операция: Секция 1 из файла создание_заказа.txt
2025-04-22 00:39:37,040 - INFO - Детали: Раздел: Заголовок документа, Превью: Название документа: создание_заказа


2025-04-22 00:39:37,040 - INFO - Операция: Секция 2 из файла создание_заказа.txt
2025-04-22 00:39:37,040 - INFO - Детали: Раздел: # Инструкция по созданию заказа, Превью: # Инструкция по созданию заказа

## Шаги создания заказа в системе
2025-04-22 00:39:37,040 - INFO - Операция: Секция 3 из файла создание_заказа.txt
2025-04-22 00:39:37,041 - INFO - Детали: Раздел: 1. Войдите в личный кабинет, используя логин и пароль.
2. Нажмите на кнопку "Создать новый заказ" в верхнем меню.
3. Выберите товары из каталога, нажимая кнопку "Добавить в корзину".
4. После выбора всех товаров перейдите в корзину.
5. Проверьте состав заказа и общую сумму.
6. Выберите способ доставки из доступных вариантов:
   - Курьерская доставка
   - Самовывоз из пункта выдачи
   - Почтовая доставка
7. Укажите адрес доставки, если выбрана доставка курьером или почтой.
8. Выберите способ оплаты:
   - Банковской картой онлайн
   - При получении
   - Оплата "Улыбкой" (специальная программа лояльности)
9. Нажмите кнопку "Оформить заказ".
10. Вам придет подтверждение о создании заказа на email и SMS., Превью: 1. Войдите в личный кабинет, используя логин и пароль.
2. Нажмите на кнопку "Создать новый заказ" в ...
2025-04-22 00:39:37,041 - INFO - Операция: Секция 4 из файла создание_заказа.txt
2025-04-22 00:39:37,041 - INFO - Детали: Раздел: - Минимальная сумма заказа - 500 рублей.
- Срок доставки зависит от выбранного способа и региона.
- После оформления заказа его состав изменить нельзя.
- Вы можете отменить заказ до его отправки в службу доставки., Превью: - Минимальная сумма заказа - 500 рублей.
- Срок доставки зависит от выбранного способа и региона.
- ...
2025-04-22 00:39:37,041 - INFO - Операция: Успешное чтение TXT
2025-04-22 00:39:37,041 - INFO - Детали: Извлечено 4 секций
2025-04-22 00:39:37,041 - INFO - Операция: Успешно прочитан файл: создание_заказа.txt
2025-04-22 00:39:37,041 - INFO - Детали: Извлечено 4 секций
2025-04-22 00:39:37,041 - INFO - Операция: Статистика обработки
2025-04-22 00:39:37,041 - INFO - Детали: Обработано файлов: 6, Всего секций: 60
2025-04-22 00:39:37,041 - INFO - Операция: Создание документов LangChain
2025-04-22 00:39:37,041 - INFO - Детали: Преобразование 60 секций
2025-04-22 00:39:37,042 - INFO - Операция: Создание векторного хранилища
2025-04-22 00:39:37,042 - INFO - Детали: Начало
2025-04-22 00:39:37,042 - INFO - Операция: Создание векторного хранилища
2025-04-22 00:39:37,042 - INFO - Детали: Обработка 60 документов
2025-04-22 00:39:55,294 - INFO - Loading faiss with AVX512 support.
2025-04-22 00:39:55,294 - INFO - Could not load library with AVX512 support due to:
ModuleNotFoundError("No module named 'faiss.swigfaiss_avx512'")
2025-04-22 00:39:55,295 - INFO - Loading faiss with AVX2 support.
2025-04-22 00:39:55,307 - INFO - Successfully loaded faiss with AVX2 support.
2025-04-22 00:39:55,311 - INFO - Failed to load GPU Faiss: name 'GpuIndexIVFFlat' is not defined. Will not load constructor refs for GPU indexes.
2025-04-22 00:39:55,313 - INFO - Операция: Векторное хранилище создано
2025-04-22 00:39:55,313 - INFO - Детали: Успешно
2025-04-22 00:39:55,313 - INFO - Операция: Создание цепочки QA
2025-04-22 00:39:55,313 - INFO - Детали: Начало
2025-04-22 00:39:55,314 - INFO - Операция: Создание агента
2025-04-22 00:39:55,314 - INFO - Детали: Начало
2025-04-22 00:39:55,315 - INFO - Операция: Инициализация завершена
2025-04-22 00:39:55,316 - INFO - Детали: Успешно
2025-04-22 00:39:55,324 - INFO - [31m[1mWARNING: This is a development server. Do not use it in a production deployment. Use a production WSGI server instead.[0m
 * Running on all addresses (0.0.0.0)
 * Running on http://127.0.0.1:5000
 * Running on http://192.168.1.110:5000
2025-04-22 00:39:55,324 - INFO - [33mPress CTRL+C to quit[0m
2025-04-22 00:39:55,325 - INFO -  * Restarting with stat
2025-04-22 00:39:59,422 - INFO - Load pretrained SentenceTransformer: sberbank-ai/sbert_large_nlu_ru
2025-04-22 00:40:04,088 - INFO - Операция: Начало чтения документов из директории: documents
2025-04-22 00:40:04,088 - INFO - Операция: Обработка файла
2025-04-22 00:40:04,089 - INFO - Детали: Тип файла: Документ Microsoft Word по заказу.docx
2025-04-22 00:40:04,089 - INFO - Операция: Чтение Word файла
2025-04-22 00:40:04,089 - INFO - Детали: Обработка файла: documents\Документ Microsoft Word по заказу.docx
2025-04-22 00:40:04,093 - INFO - Операция: Успешное чтение Word
2025-04-22 00:40:04,093 - INFO - Детали: Извлечено 2 секций
2025-04-22 00:40:04,093 - INFO - Операция: Секция 1 из файла Документ Microsoft Word по заказу.docx
2025-04-22 00:40:04,094 - INFO - Детали: Раздел: Заголовок документа, Превью: Название документа: Документ Microsoft Word по заказу


2025-04-22 00:40:04,094 - INFO - Операция: Секция 2 из файла Документ Microsoft Word по заказу.docx
2025-04-22 00:40:04,094 - INFO - Детали: Раздел: Основной текст, Превью: Чтобы создать заказ на доставку требуется использовать транзакцию me21n.
Чтобы изменить заказ на дос...
2025-04-22 00:40:04,094 - INFO - Операция: Успешно прочитан файл: Документ Microsoft Word по заказу.docx
2025-04-22 00:40:04,094 - INFO - Детали: Извлечено 2 секций
2025-04-22 00:40:04,094 - INFO - Операция: Обработка файла
2025-04-22 00:40:04,094 - INFO - Детали: Тип файла: Документ Microsoft Word.docx
2025-04-22 00:40:04,095 - INFO - Операция: Чтение Word файла
2025-04-22 00:40:04,095 - INFO - Детали: Обработка файла: documents\Документ Microsoft Word.docx
2025-04-22 00:40:04,097 - INFO - Операция: Успешное чтение Word
2025-04-22 00:40:04,097 - INFO - Детали: Извлечено 2 секций
2025-04-22 00:40:04,097 - INFO - Операция: Секция 1 из файла Документ Microsoft Word.docx
2025-04-22 00:40:04,097 - INFO - Детали: Раздел: Заголовок документа, Превью: Название документа: Документ Microsoft Word


2025-04-22 00:40:04,097 - INFO - Операция: Секция 2 из файла Документ Microsoft Word.docx
2025-04-22 00:40:04,097 - INFO - Детали: Раздел: Основной текст, Превью: Сколько лет я буду жить? Так долго, как пожелаешь….

Как научиться говорить? Ответ: Шёпотом!

Как со...
2025-04-22 00:40:04,098 - INFO - Операция: Успешно прочитан файл: Документ Microsoft Word.docx
2025-04-22 00:40:04,098 - INFO - Детали: Извлечено 2 секций
2025-04-22 00:40:04,098 - INFO - Операция: Обработка файла
2025-04-22 00:40:04,098 - INFO - Детали: Тип файла: Инструкция_по_сборке_LEGO.pdf
2025-04-22 00:40:04,098 - INFO - Операция: Чтение PDF файла
2025-04-22 00:40:04,098 - INFO - Детали: Обработка файла: documents\Инструкция_по_сборке_LEGO.pdf
2025-04-22 00:40:04,122 - INFO - Операция: Анализ PDF
2025-04-22 00:40:04,123 - INFO - Детали: Файл содержит 48 страниц
2025-04-22 00:40:04,995 - INFO - Операция: Успешное чтение PDF
2025-04-22 00:40:04,995 - INFO - Детали: Извлечено 47 секций
2025-04-22 00:40:04,995 - INFO - Операция: Успешно прочитан файл: Инструкция_по_сборке_LEGO.pdf
2025-04-22 00:40:04,996 - INFO - Детали: Извлечено 47 секций
2025-04-22 00:40:04,996 - INFO - Операция: Обработка файла
2025-04-22 00:40:04,996 - INFO - Детали: Тип файла: Лист Microsoft Excel.xlsx
2025-04-22 00:40:04,996 - INFO - Операция: Чтение Excel файла
2025-04-22 00:40:04,996 - INFO - Детали: Обработка файла: documents\Лист Microsoft Excel.xlsx
2025-04-22 00:40:05,105 - INFO - Операция: Успешное чтение Excel
2025-04-22 00:40:05,105 - INFO - Детали: Извлечено 1 секций
2025-04-22 00:40:05,105 - INFO - Операция: Успешно прочитан файл: Лист Microsoft Excel.xlsx
2025-04-22 00:40:05,105 - INFO - Детали: Извлечено 1 секций
2025-04-22 00:40:05,105 - INFO - Операция: Обработка файла
2025-04-22 00:40:05,105 - INFO - Детали: Тип файла: ММ САП.docx
2025-04-22 00:40:05,106 - INFO - Операция: Чтение Word файла
2025-04-22 00:40:05,106 - INFO - Детали: Обработка файла: documents\ММ САП.docx
2025-04-22 00:40:05,560 - INFO - Операция: Успешное чтение Word
2025-04-22 00:40:05,560 - INFO - Детали: Извлечено 4 секций
2025-04-22 00:40:05,560 - INFO - Операция: Секция 1 из файла ММ САП.docx
2025-04-22 00:40:05,560 - INFO - Детали: Раздел: Документ SAP MM, Превью: ДОКУМЕНТ SAP: ММ САП

Этот документ относится к системе SAP и модулю MM (Material Management). SAP M...
2025-04-22 00:40:05,560 - INFO - Операция: Секция 2 из файла ММ САП.docx
2025-04-22 00:40:05,561 - INFO - Детали: Раздел: Основной текст, Превью: SAP MM CONTENT: SAP MM - Краткое руководство

Предыдущая страница

Далее

SAP MM CONTENT: SAP MM - О...
2025-04-22 00:40:05,561 - INFO - Операция: Секция 3 из файла ММ САП.docx
2025-04-22 00:40:05,561 - INFO - Детали: Раздел: Таблица 1, Превью: SAP MM TABLE DATA:
Таблица 1:

Строка 1: Sr.No . | Закупочная Деятельность и Описание
Строка 2: 1 | ...
2025-04-22 00:40:05,561 - INFO - Операция: Секция 4 из файла ММ САП.docx
2025-04-22 00:40:05,561 - INFO - Детали: Раздел: Таблица 2, Превью: SAP MM TABLE DATA:
Таблица 2:

Строка 1: Sr.No . | T-Код и описание
Строка 2: 1 | ОКС15
Создать комп...
2025-04-22 00:40:05,561 - INFO - Операция: Успешно прочитан файл: ММ САП.docx
2025-04-22 00:40:05,561 - INFO - Детали: Извлечено 4 секций
2025-04-22 00:40:05,561 - INFO - Операция: Обработка файла
2025-04-22 00:40:05,562 - INFO - Детали: Тип файла: создание_заказа.txt
2025-04-22 00:40:05,562 - INFO - Операция: Чтение текстового файла: documents\создание_заказа.txt
2025-04-22 00:40:05,562 - INFO - Операция: Содержимое файла создание_заказа.txt
2025-04-22 00:40:05,562 - INFO - Детали: Размер: 1174 символов
2025-04-22 00:40:05,562 - INFO - Операция: Секция 1 из файла создание_заказа.txt
2025-04-22 00:40:05,563 - INFO - Детали: Раздел: Заголовок документа, Превью: Название документа: создание_заказа


2025-04-22 00:40:05,563 - INFO - Операция: Секция 2 из файла создание_заказа.txt
2025-04-22 00:40:05,563 - INFO - Детали: Раздел: # Инструкция по созданию заказа, Превью: # Инструкция по созданию заказа

## Шаги создания заказа в системе
2025-04-22 00:40:05,563 - INFO - Операция: Секция 3 из файла создание_заказа.txt
2025-04-22 00:40:05,563 - INFO - Детали: Раздел: 1. Войдите в личный кабинет, используя логин и пароль.
2. Нажмите на кнопку "Создать новый заказ" в верхнем меню.
3. Выберите товары из каталога, нажимая кнопку "Добавить в корзину".
4. После выбора всех товаров перейдите в корзину.
5. Проверьте состав заказа и общую сумму.
6. Выберите способ доставки из доступных вариантов:
   - Курьерская доставка
   - Самовывоз из пункта выдачи
   - Почтовая доставка
7. Укажите адрес доставки, если выбрана доставка курьером или почтой.
8. Выберите способ оплаты:
   - Банковской картой онлайн
   - При получении
   - Оплата "Улыбкой" (специальная программа лояльности)
9. Нажмите кнопку "Оформить заказ".
10. Вам придет подтверждение о создании заказа на email и SMS., Превью: 1. Войдите в личный кабинет, используя логин и пароль.
2. Нажмите на кнопку "Создать новый заказ" в ...
2025-04-22 00:40:05,563 - INFO - Операция: Секция 4 из файла создание_заказа.txt
2025-04-22 00:40:05,563 - INFO - Детали: Раздел: - Минимальная сумма заказа - 500 рублей.
- Срок доставки зависит от выбранного способа и региона.
- После оформления заказа его состав изменить нельзя.
- Вы можете отменить заказ до его отправки в службу доставки., Превью: - Минимальная сумма заказа - 500 рублей.
- Срок доставки зависит от выбранного способа и региона.
- ...
2025-04-22 00:40:05,564 - INFO - Операция: Успешное чтение TXT
2025-04-22 00:40:05,564 - INFO - Детали: Извлечено 4 секций
2025-04-22 00:40:05,564 - INFO - Операция: Успешно прочитан файл: создание_заказа.txt
2025-04-22 00:40:05,564 - INFO - Детали: Извлечено 4 секций
2025-04-22 00:40:05,564 - INFO - Операция: Статистика обработки
2025-04-22 00:40:05,564 - INFO - Детали: Обработано файлов: 6, Всего секций: 60
2025-04-22 00:40:05,564 - INFO - Операция: Создание документов LangChain
2025-04-22 00:40:05,564 - INFO - Детали: Преобразование 60 секций
2025-04-22 00:40:05,564 - INFO - Операция: Создание векторного хранилища
2025-04-22 00:40:05,565 - INFO - Детали: Начало
2025-04-22 00:40:05,565 - INFO - Операция: Создание векторного хранилища
2025-04-22 00:40:05,565 - INFO - Детали: Обработка 60 документов
2025-04-22 00:40:26,855 - INFO - Loading faiss with AVX512 support.
2025-04-22 00:40:26,855 - INFO - Could not load library with AVX512 support due to:
ModuleNotFoundError("No module named 'faiss.swigfaiss_avx512'")
2025-04-22 00:40:26,855 - INFO - Loading faiss with AVX2 support.
2025-04-22 00:40:26,868 - INFO - Successfully loaded faiss with AVX2 support.
2025-04-22 00:40:26,872 - INFO - Failed to load GPU Faiss: name 'GpuIndexIVFFlat' is not defined. Will not load constructor refs for GPU indexes.
2025-04-22 00:40:26,874 - INFO - Операция: Векторное хранилище создано
2025-04-22 00:40:26,874 - INFO - Детали: Успешно
2025-04-22 00:40:26,874 - INFO - Операция: Создание цепочки QA
2025-04-22 00:40:26,875 - INFO - Детали: Начало
2025-04-22 00:40:26,875 - INFO - Операция: Создание агента
2025-04-22 00:40:26,875 - INFO - Детали: Начало
2025-04-22 00:40:26,876 - INFO - Операция: Инициализация завершена
2025-04-22 00:40:26,877 - INFO - Детали: Успешно
2025-04-22 00:40:26,882 - WARNING -  * Debugger is active!
2025-04-22 00:40:26,883 - INFO -  * Debugger PIN: 127-184-279
2025-04-22 00:40:26,947 - INFO - 127.0.0.1 - - [22/Apr/2025 00:40:26] "GET / HTTP/1.1" 200 -
2025-04-22 00:40:26,952 - INFO - 127.0.0.1 - - [22/Apr/2025 00:40:26] "[36mGET /static/css/style.css HTTP/1.1[0m" 304 -
2025-04-22 00:40:26,953 - INFO - 127.0.0.1 - - [22/Apr/2025 00:40:26] "[36mGET /static/js/app.js HTTP/1.1[0m" 304 -
2025-04-22 00:40:41,515 - INFO - Операция: Анализ запроса
2025-04-22 00:40:41,516 - INFO - Детали: Начало анализа
2025-04-22 00:40:41,516 - INFO - === Запрос пользователя ===
2025-04-22 00:40:41,517 - INFO - Требуется информация Как научиться говорить??
2025-04-22 00:40:41,517 - INFO - === Ответ системы ===
2025-04-22 00:40:41,517 - INFO - 
2025-04-22 00:40:41,517 - INFO - =====================
2025-04-22 00:40:41,517 - INFO - Операция: Обработка запроса
2025-04-22 00:40:41,517 - INFO - Детали: Ключевые слова: 'как научиться говорить??'
2025-04-22 00:40:41,517 - INFO - Операция: Определение типа запроса
2025-04-22 00:40:41,517 - INFO - Детали: Конкретный информационный запрос
2025-04-22 00:40:41,518 - INFO - Операция: Запуск универсального поиска
2025-04-22 00:40:41,518 - INFO - Детали: Начало обработки конкретного запроса
2025-04-22 00:40:41,604 - INFO - Операция: Найдено документов
2025-04-22 00:40:41,604 - INFO - Детали: 15 результатов
2025-04-22 00:40:41,604 - INFO - Операция: Документ 1
2025-04-22 00:40:41,605 - INFO - Детали: Источник: Документ Microsoft Word.docx, Раздел: Основной текст, Страница: 1, Превью: Сколько лет я буду жить? Так долго, как пожелаешь….

Как научиться говорить? Ответ: Шёпотом!

Как со...
2025-04-22 00:40:41,605 - INFO - Операция: Документ 2
2025-04-22 00:40:41,605 - INFO - Детали: Источник: Лист Microsoft Excel.xlsx, Раздел: н/д, Страница: 1, Превью: Заголовки таблицы: Вопрос | Ответ

Строка 1: Где находится Караганда? | Нужно спросить у Эмми
Строка...
2025-04-22 00:40:41,605 - INFO - Операция: Документ 3
2025-04-22 00:40:41,605 - INFO - Детали: Источник: Документ Microsoft Word.docx, Раздел: Заголовок документа, Страница: 1, Превью: Название документа: Документ Microsoft Word


2025-04-22 00:40:41,605 - INFO - Операция: Документ 4
2025-04-22 00:40:41,605 - INFO - Детали: Источник: создание_заказа.txt, Раздел: Заголовок документа, Страница: 1, Превью: Название документа: создание_заказа


2025-04-22 00:40:41,605 - INFO - Операция: Документ 5
2025-04-22 00:40:41,606 - INFO - Детали: Источник: Документ Microsoft Word по заказу.docx, Раздел: Заголовок документа, Страница: 1, Превью: Название документа: Документ Microsoft Word по заказу


2025-04-22 00:40:41,606 - INFO - Операция: Документ 6
2025-04-22 00:40:41,606 - INFO - Детали: Источник: Инструкция_по_сборке_LEGO.pdf, Раздел: Страница 3, Страница: 3, Превью: LEGO® Builder


2025-04-22 00:40:41,606 - INFO - Операция: Документ 7
2025-04-22 00:40:41,606 - INFO - Детали: Источник: создание_заказа.txt, Раздел: # Инструкция по созданию заказа, Страница: 1, Превью: # Инструкция по созданию заказа

## Шаги создания заказа в системе
2025-04-22 00:40:41,606 - INFO - Операция: Документ 8
2025-04-22 00:40:41,606 - INFO - Детали: Источник: ММ САП.docx, Раздел: Документ SAP MM, Страница: 1, Превью: ДОКУМЕНТ SAP: ММ САП

Этот документ относится к системе SAP и модулю MM (Material Management). SAP M...
2025-04-22 00:40:41,606 - INFO - Операция: Документ 9
2025-04-22 00:40:41,607 - INFO - Детали: Источник: Инструкция_по_сборке_LEGO.pdf, Раздел: Страница 4, Страница: 4, Превью: 1
1
4


2025-04-22 00:40:41,607 - INFO - Операция: Документ 10
2025-04-22 00:40:41,607 - INFO - Детали: Источник: Инструкция_по_сборке_LEGO.pdf, Раздел: Страница 5, Страница: 5, Превью: 2 1
5


2025-04-22 00:40:41,607 - INFO - Операция: Документ 11
2025-04-22 00:40:41,607 - INFO - Детали: Источник: Инструкция_по_сборке_LEGO.pdf, Раздел: Страница 8, Страница: 8, Превью: 1x
 1x
1
8


2025-04-22 00:40:41,607 - INFO - Операция: Документ 12
2025-04-22 00:40:41,608 - INFO - Детали: Источник: Инструкция_по_сборке_LEGO.pdf, Раздел: Страница 39, Страница: 39, Превью: 24
24
24
39


2025-04-22 00:40:41,608 - INFO - Операция: Документ 13
2025-04-22 00:40:41,608 - INFO - Детали: Источник: Инструкция_по_сборке_LEGO.pdf, Раздел: Страница 6, Страница: 6, Превью: 1
 2
3
6


2025-04-22 00:40:41,608 - INFO - Операция: Документ 14
2025-04-22 00:40:41,608 - INFO - Детали: Источник: Документ Microsoft Word по заказу.docx, Раздел: Основной текст, Страница: 1, Превью: Чтобы создать заказ на доставку требуется использовать транзакцию me21n.
Чтобы изменить заказ на дос...
2025-04-22 00:40:41,608 - INFO - Операция: Документ 15
2025-04-22 00:40:41,608 - INFO - Детали: Источник: Инструкция_по_сборке_LEGO.pdf, Раздел: Страница 14, Страница: 14, Превью: 1x
1x
1
14


2025-04-22 00:40:42,143 - INFO - Операция: Получен ответ на запрос
2025-04-22 00:40:42,144 - INFO - Детали: Длина ответа: 140 символов
2025-04-22 00:40:42,144 - INFO - === Запрос пользователя ===
2025-04-22 00:40:42,144 - INFO - Требуется информация Как научиться говорить??
2025-04-22 00:40:42,145 - INFO - === Ответ системы ===
2025-04-22 00:40:42,145 - INFO - Информация найдена на странице 1 в разделе **"Основной текст"** документа **Microsoft Word**:

    *Как научиться говорить? Ответ: Шёпотом!*
2025-04-22 00:40:42,145 - INFO - =====================
2025-04-22 00:40:42,178 - INFO - 127.0.0.1 - - [22/Apr/2025 00:40:42] "POST /analyze HTTP/1.1" 200 -
2025-04-22 00:41:15,043 - INFO - Операция: Анализ запроса
2025-04-22 00:41:15,043 - INFO - Детали: Начало анализа
2025-04-22 00:41:15,043 - INFO - === Запрос пользователя ===
2025-04-22 00:41:15,043 - INFO - Требуется информация что такое sap mm?
2025-04-22 00:41:15,044 - INFO - === Ответ системы ===
2025-04-22 00:41:15,044 - INFO - 
2025-04-22 00:41:15,044 - INFO - =====================
2025-04-22 00:41:15,044 - INFO - Операция: Обработка запроса
2025-04-22 00:41:15,044 - INFO - Детали: Ключевые слова: 'что такое sap mm?'
2025-04-22 00:41:15,044 - INFO - Операция: Определен SAP-запрос
2025-04-22 00:41:15,044 - INFO - Детали: Запуск специализированного поиска
2025-04-22 00:41:15,111 - INFO - Операция: Найдены SAP-документы
2025-04-22 00:41:15,111 - INFO - Детали: 10 результатов
2025-04-22 00:41:15,112 - INFO - Операция: Проверка документа
2025-04-22 00:41:15,112 - INFO - Детали: Файл: мм сап.docx, Раздел: документ sap mm
2025-04-22 00:41:15,112 - INFO - Операция: Найдено SAP MM совпадение
2025-04-22 00:41:15,112 - INFO - Детали: Файл: мм сап.docx, Раздел: документ sap mm, Превью: документ sap: мм сап

этот документ относится к системе sap и модулю mm (material management). sap m...
2025-04-22 00:41:15,112 - INFO - Операция: Проверка документа
2025-04-22 00:41:15,112 - INFO - Детали: Файл: документ microsoft word по заказу.docx, Раздел: заголовок документа
2025-04-22 00:41:15,112 - INFO - Операция: Проверка документа
2025-04-22 00:41:15,112 - INFO - Детали: Файл: документ microsoft word.docx, Раздел: заголовок документа
2025-04-22 00:41:15,113 - INFO - Операция: Проверка документа
2025-04-22 00:41:15,113 - INFO - Детали: Файл: создание_заказа.txt, Раздел: # инструкция по созданию заказа
2025-04-22 00:41:15,113 - INFO - Операция: Проверка документа
2025-04-22 00:41:15,113 - INFO - Детали: Файл: создание_заказа.txt, Раздел: заголовок документа
2025-04-22 00:41:15,114 - INFO - Операция: Проверка документа
2025-04-22 00:41:15,114 - INFO - Детали: Файл: мм сап.docx, Раздел: основной текст
2025-04-22 00:41:15,114 - INFO - Операция: Найдено SAP MM совпадение
2025-04-22 00:41:15,114 - INFO - Детали: Файл: мм сап.docx, Раздел: основной текст, Превью: sap mm content: sap mm - краткое руководство

предыдущая страница

далее

sap mm content: sap mm - о...
2025-04-22 00:41:15,114 - INFO - Операция: Проверка документа
2025-04-22 00:41:15,115 - INFO - Детали: Файл: инструкция_по_сборке_lego.pdf, Раздел: страница 35
2025-04-22 00:41:15,115 - INFO - Операция: Проверка документа
2025-04-22 00:41:15,115 - INFO - Детали: Файл: инструкция_по_сборке_lego.pdf, Раздел: страница 40
2025-04-22 00:41:15,115 - INFO - Операция: Проверка документа
2025-04-22 00:41:15,115 - INFO - Детали: Файл: мм сап.docx, Раздел: таблица 1
2025-04-22 00:41:15,115 - INFO - Операция: Найдено SAP MM совпадение
2025-04-22 00:41:15,115 - INFO - Детали: Файл: мм сап.docx, Раздел: таблица 1, Превью: sap mm table data:
таблица 1:

строка 1: sr.no . | закупочная деятельность и описание
строка 2: 1 | ...
2025-04-22 00:41:15,116 - INFO - Операция: Проверка документа
2025-04-22 00:41:15,116 - INFO - Детали: Файл: документ microsoft word по заказу.docx, Раздел: основной текст
2025-04-22 00:41:15,116 - INFO - Операция: Отфильтровано 3 SAP документов
2025-04-22 00:41:15,116 - INFO - Детали: Формирование прямого ответа на основе SAP документов
2025-04-22 00:41:25,317 - INFO - Операция: Получен ответ на SAP-запрос
2025-04-22 00:41:25,318 - INFO - Детали: Длина ответа: 5290 символов
2025-04-22 00:41:25,319 - INFO - === Запрос пользователя ===
2025-04-22 00:41:25,319 - INFO - Требуется информация что такое sap mm?
2025-04-22 00:41:25,320 - INFO - === Ответ системы ===
2025-04-22 00:41:25,320 - INFO - Информация найдена на странице 1 в разделе **"Основной текст"** документа **"ММ САП.docx"**:

SAP MM CONTENT: SAP MM - Процесс закупок

SAP MM CONTENT: Каждая организация приобретает материалы или услуги для удовлетворения своих бизнес-потребностей. Процесс покупки материалов и получения услуг от поставщиков или дилеров называется закупками. Этапы, необходимые для закупки материалов, составляют цикл закупок. Каждая организация выполняет несколько последовательных этапов для закупки материалов в нужном количестве по нужной цене. Важные этапы цикла закупок следующие:

Определение потребности

Создание заказа на покупку

Учет Поступления товара

Разноска счета-фактуры

Информация найдена на странице 1 в разделе **"Основной текст"** документа **"ММ САП.docx"**:

SAP MM CONTENT: Закупки начинаются со сбора требований. После сбора требований нам нужно проинформировать организацию, осуществляющую закупки. Заявка на закупку — это документ, содержащий список требований. Ключевые моменты, на которые следует обратить внимание при составлении заявки на закупку, следующие:

Заявка на закупку — это запрос, который направляется в организацию, занимающуюся закупками, с просьбой приобрести определённый перечень материалов.

Это внутренний документ, который остаётся внутри организации.

Заявка на закупку должна быть одобрена закупающей организацией.

Если заявка на покупку уже одобрена, то её можно изменить только в ограниченном объёме.

Заявка на закупку может быть создана для следующих типов закупок −

Стандарт − Получение готового материала от поставщика.

Субподряд — предоставление поставщиком сырья и получение готовой продукции.

Консигнация — закупка материалов, которые хранятся на территории компании, и оплата их поставщику.

Перемещение запасов − получение материалов изнутри организации.

Внешнее обслуживание − получение услуг, таких как техническое обслуживание, от стороннего поставщика.

Информация найдена на странице 1 в разделе **"Основной текст"** документа **"ММ САП.docx"**:

SAP MM CONTENT: Заявка на покупку

Заявка на покупку создается на основе собранных требований. Этот документ содержит список требований, который затем отправляется в организацию, ответственную за закупки. Заявка на закупку является внутренним документом и требует одобрения со стороны закупающей организации.

Информация найдена на странице 1 в разделе **"Основной текст"** документа **"ММ САП.docx"**:

SAP MM CONTENT: Создание заявки на покупку

Заявка на покупку создается на основе требований, которые собираются в организации. Этот документ содержит список материалов или услуг, которые необходимо закупить. Заявка на покупку отправляется в организацию, ответственную за закупки, и требует одобрения.

Информация найдена на странице 1 в разделе **"Основной текст"** документа **"ММ САП.docx"**:

SAP MM CONTENT: Запрос ценового предложения

После сбора требований начинается поиск потенциальных поставщиков. На этом этапе организация направляет поставщикам запрос на предоставление ценовых предложений. Это называется запросом ценовых предложений (RFQ). В запросе содержится информация о товарах или услугах, их количестве, сроках поставки и дате подачи заявки.

Информация найдена на странице 1 в разделе **"Основной текст"** документа **"ММ САП.docx"**:

SAP MM CONTENT: Запрос коммерческого предложения

Коммерческое предложение — это ответ поставщика на запрос ценового предложения. Оно содержит информацию о предлагаемой цене и условиях поставки.

Информация найдена на странице 1 в разделе **"Основной текст"** документа **"ММ САП.docx"**:

SAP MM CONTENT: Общее соглашение

После выбора поставщика организация заключает с ним соглашение о поставке. Это может быть либо контракт, либо соглашение о расписании. Контракт — это долгосрочное соглашение о поставке определённого количества товара по фиксированной цене. Соглашение о расписании — это долгосрочное соглашение о регулярных поставках в заранее определённые даты.

Информация найдена на странице 1 в разделе **"Основной текст"** документа **"ММ САП.docx"**:

SAP MM CONTENT: Период публикации

Период публикации ограничивает возможность публикации документов и внесения в них изменений только в течение определённого периода времени. Это важно для защиты документов от ошибок, особенно финансовых.

Информация найдена на странице 1 в разделе **"Основной текст"** документа **"ММ САП.docx"**:

SAP MM CONTENT: Типы заказов на поставку

Заказы на поставку могут быть созданы для различных целей. Существуют четыре основных типа заказов на поставку:

Субподрядный Заказ на поставку

Консигнационный Заказ На покупку

Заказ На покупку Для Передачи Запасов

Заказ На покупку Услуги

Информация найдена на странице 1 в разделе **"Основной текст"** документа **"ММ САП.docx"**:

SAP MM CONTENT: Управление запасами

Управление запасами включает в себя планирование, ввод данных и ведение учёта всех перемещений товаров. При перемещении товаров создаётся документ, в котором обновляются данные о количестве и стоимости запасов.

Информация найдена на странице 1 в разделе **"Основной текст"** документа **"ММ САП.docx"**:

SAP MM CONTENT: Проверка счета-фактуры

Проверка счета-фактуры — это завершающий этап процесса закупки. Перед оплатой счёта-фактуры его необходимо проверить на соответствие условиям заказа на поставку
2025-04-22 00:41:25,320 - INFO - =====================
2025-04-22 00:41:25,329 - INFO - 127.0.0.1 - - [22/Apr/2025 00:41:25] "POST /analyze HTTP/1.1" 200 -
2025-04-22 00:42:13,218 - INFO - Операция: Анализ запроса
2025-04-22 00:42:13,219 - INFO - Детали: Начало анализа
2025-04-22 00:42:13,219 - INFO - === Запрос пользователя ===
2025-04-22 00:42:13,219 - INFO - Требуется информация Контакты для помощи?
2025-04-22 00:42:13,220 - INFO - === Ответ системы ===
2025-04-22 00:42:13,220 - INFO - 
2025-04-22 00:42:13,220 - INFO - =====================
2025-04-22 00:42:13,220 - INFO - Операция: Обработка запроса
2025-04-22 00:42:13,220 - INFO - Детали: Ключевые слова: 'контакты для помощи?'
2025-04-22 00:42:13,220 - INFO - Операция: Определение типа запроса
2025-04-22 00:42:13,220 - INFO - Детали: Конкретный информационный запрос
2025-04-22 00:42:13,220 - INFO - Операция: Запуск универсального поиска
2025-04-22 00:42:13,220 - INFO - Детали: Начало обработки конкретного запроса
2025-04-22 00:42:13,281 - INFO - Операция: Найдено документов
2025-04-22 00:42:13,281 - INFO - Детали: 15 результатов
2025-04-22 00:42:13,282 - INFO - Операция: Документ 1
2025-04-22 00:42:13,282 - INFO - Детали: Источник: создание_заказа.txt, Раздел: Заголовок документа, Страница: 1, Превью: Название документа: создание_заказа


2025-04-22 00:42:13,282 - INFO - Операция: Документ 2
2025-04-22 00:42:13,282 - INFO - Детали: Источник: Документ Microsoft Word по заказу.docx, Раздел: Заголовок документа, Страница: 1, Превью: Название документа: Документ Microsoft Word по заказу


2025-04-22 00:42:13,282 - INFO - Операция: Документ 3
2025-04-22 00:42:13,282 - INFO - Детали: Источник: Документ Microsoft Word.docx, Раздел: Заголовок документа, Страница: 1, Превью: Название документа: Документ Microsoft Word


2025-04-22 00:42:13,282 - INFO - Операция: Документ 4
2025-04-22 00:42:13,282 - INFO - Детали: Источник: Документ Microsoft Word.docx, Раздел: Основной текст, Страница: 1, Превью: Сколько лет я буду жить? Так долго, как пожелаешь….

Как научиться говорить? Ответ: Шёпотом!

Как со...
2025-04-22 00:42:13,282 - INFO - Операция: Документ 5
2025-04-22 00:42:13,283 - INFO - Детали: Источник: ММ САП.docx, Раздел: Документ SAP MM, Страница: 1, Превью: ДОКУМЕНТ SAP: ММ САП

Этот документ относится к системе SAP и модулю MM (Material Management). SAP M...
2025-04-22 00:42:13,283 - INFO - Операция: Документ 6
2025-04-22 00:42:13,283 - INFO - Детали: Источник: создание_заказа.txt, Раздел: - Минимальная сумма заказа - 500 рублей.
- Срок доставки зависит от выбранного способа и региона.
- После оформления заказа его состав изменить нельзя.
- Вы можете отменить заказ до его отправки в службу доставки., Страница: 1, Превью: - Минимальная сумма заказа - 500 рублей.
- Срок доставки зависит от выбранного способа и региона.
- ...
2025-04-22 00:42:13,283 - INFO - Операция: Документ 7
2025-04-22 00:42:13,283 - INFO - Детали: Источник: создание_заказа.txt, Раздел: # Инструкция по созданию заказа, Страница: 1, Превью: # Инструкция по созданию заказа

## Шаги создания заказа в системе
2025-04-22 00:42:13,283 - INFO - Операция: Документ 8
2025-04-22 00:42:13,283 - INFO - Детали: Источник: создание_заказа.txt, Раздел: 1. Войдите в личный кабинет, используя логин и пароль.
2. Нажмите на кнопку "Создать новый заказ" в верхнем меню.
3. Выберите товары из каталога, нажимая кнопку "Добавить в корзину".
4. После выбора всех товаров перейдите в корзину.
5. Проверьте состав заказа и общую сумму.
6. Выберите способ доставки из доступных вариантов:
   - Курьерская доставка
   - Самовывоз из пункта выдачи
   - Почтовая доставка
7. Укажите адрес доставки, если выбрана доставка курьером или почтой.
8. Выберите способ оплаты:
   - Банковской картой онлайн
   - При получении
   - Оплата "Улыбкой" (специальная программа лояльности)
9. Нажмите кнопку "Оформить заказ".
10. Вам придет подтверждение о создании заказа на email и SMS., Страница: 1, Превью: 1. Войдите в личный кабинет, используя логин и пароль.
2. Нажмите на кнопку "Создать новый заказ" в ...
2025-04-22 00:42:13,283 - INFO - Операция: Документ 9
2025-04-22 00:42:13,283 - INFO - Детали: Источник: Инструкция_по_сборке_LEGO.pdf, Раздел: Страница 3, Страница: 3, Превью: LEGO® Builder


2025-04-22 00:42:13,284 - INFO - Операция: Документ 10
2025-04-22 00:42:13,284 - INFO - Детали: Источник: Лист Microsoft Excel.xlsx, Раздел: н/д, Страница: 1, Превью: Заголовки таблицы: Вопрос | Ответ

Строка 1: Где находится Караганда? | Нужно спросить у Эмми
Строка...
2025-04-22 00:42:13,284 - INFO - Операция: Документ 11
2025-04-22 00:42:13,284 - INFO - Детали: Источник: Инструкция_по_сборке_LEGO.pdf, Раздел: Страница 1, Страница: 1, Превью: 77053


2025-04-22 00:42:13,284 - INFO - Операция: Документ 12
2025-04-22 00:42:13,284 - INFO - Детали: Источник: Документ Microsoft Word по заказу.docx, Раздел: Основной текст, Страница: 1, Превью: Чтобы создать заказ на доставку требуется использовать транзакцию me21n.
Чтобы изменить заказ на дос...
2025-04-22 00:42:13,284 - INFO - Операция: Документ 13
2025-04-22 00:42:13,284 - INFO - Детали: Источник: ММ САП.docx, Раздел: Основной текст, Страница: 1, Превью: SAP MM CONTENT: SAP MM - Краткое руководство

Предыдущая страница

Далее

SAP MM CONTENT: SAP MM - О...
2025-04-22 00:42:13,284 - INFO - Операция: Документ 14
2025-04-22 00:42:13,285 - INFO - Детали: Источник: ММ САП.docx, Раздел: Таблица 1, Страница: 57, Превью: SAP MM TABLE DATA:
Таблица 1:

Строка 1: Sr.No . | Закупочная Деятельность и Описание
Строка 2: 1 | ...
2025-04-22 00:42:13,285 - INFO - Операция: Документ 15
2025-04-22 00:42:13,285 - INFO - Детали: Источник: Инструкция_по_сборке_LEGO.pdf, Раздел: Страница 4, Страница: 4, Превью: 1
1
4


2025-04-22 00:42:13,995 - INFO - Операция: Получен ответ на запрос
2025-04-22 00:42:13,995 - INFO - Детали: Длина ответа: 309 символов
2025-04-22 00:42:13,996 - INFO - === Запрос пользователя ===
2025-04-22 00:42:13,996 - INFO - Требуется информация Контакты для помощи?
2025-04-22 00:42:13,996 - INFO - === Ответ системы ===
2025-04-22 00:42:13,996 - INFO - Информация о контактах для помощи найдена в документе `создание_заказа.txt` на странице 1 в разделе `# Инструкция по созданию заказа`.

**Источник:** создание_заказа.txt, страница 1, раздел `# Инструкция по созданию заказа`

**Ответ:**
Контакты для помощи:
- Телефон: 8-800-123-45-67
- Email: help@example.com
2025-04-22 00:42:13,997 - INFO - =====================
2025-04-22 00:42:13,998 - INFO - 127.0.0.1 - - [22/Apr/2025 00:42:13] "POST /analyze HTTP/1.1" 200 -
2025-04-22 00:42:51,347 - INFO - Операция: Анализ запроса
2025-04-22 00:42:51,347 - INFO - Детали: Начало анализа
2025-04-22 00:42:51,348 - INFO - === Запрос пользователя ===
2025-04-22 00:42:51,348 - INFO - Требуется информация как создать заказ?
2025-04-22 00:42:51,348 - INFO - === Ответ системы ===
2025-04-22 00:42:51,348 - INFO - 
2025-04-22 00:42:51,348 - INFO - =====================
2025-04-22 00:42:51,348 - INFO - Операция: Обработка запроса
2025-04-22 00:42:51,348 - INFO - Детали: Ключевые слова: 'как создать заказ?'
2025-04-22 00:42:51,349 - INFO - Операция: Определение типа запроса
2025-04-22 00:42:51,349 - INFO - Детали: Конкретный информационный запрос
2025-04-22 00:42:51,349 - INFO - Операция: Запуск универсального поиска
2025-04-22 00:42:51,349 - INFO - Детали: Начало обработки конкретного запроса
2025-04-22 00:42:51,410 - INFO - Операция: Найдено документов
2025-04-22 00:42:51,410 - INFO - Детали: 15 результатов
2025-04-22 00:42:51,410 - INFO - Операция: Документ 1
2025-04-22 00:42:51,411 - INFO - Детали: Источник: создание_заказа.txt, Раздел: Заголовок документа, Страница: 1, Превью: Название документа: создание_заказа


2025-04-22 00:42:51,411 - INFO - Операция: Документ 2
2025-04-22 00:42:51,411 - INFO - Детали: Источник: создание_заказа.txt, Раздел: # Инструкция по созданию заказа, Страница: 1, Превью: # Инструкция по созданию заказа

## Шаги создания заказа в системе
2025-04-22 00:42:51,411 - INFO - Операция: Документ 3
2025-04-22 00:42:51,411 - INFO - Детали: Источник: Документ Microsoft Word по заказу.docx, Раздел: Заголовок документа, Страница: 1, Превью: Название документа: Документ Microsoft Word по заказу


2025-04-22 00:42:51,411 - INFO - Операция: Документ 4
2025-04-22 00:42:51,411 - INFO - Детали: Источник: Документ Microsoft Word по заказу.docx, Раздел: Основной текст, Страница: 1, Превью: Чтобы создать заказ на доставку требуется использовать транзакцию me21n.
Чтобы изменить заказ на дос...
2025-04-22 00:42:51,411 - INFO - Операция: Документ 5
2025-04-22 00:42:51,412 - INFO - Детали: Источник: Документ Microsoft Word.docx, Раздел: Основной текст, Страница: 1, Превью: Сколько лет я буду жить? Так долго, как пожелаешь….

Как научиться говорить? Ответ: Шёпотом!

Как со...
2025-04-22 00:42:51,412 - INFO - Операция: Документ 6
2025-04-22 00:42:51,412 - INFO - Детали: Источник: создание_заказа.txt, Раздел: 1. Войдите в личный кабинет, используя логин и пароль.
2. Нажмите на кнопку "Создать новый заказ" в верхнем меню.
3. Выберите товары из каталога, нажимая кнопку "Добавить в корзину".
4. После выбора всех товаров перейдите в корзину.
5. Проверьте состав заказа и общую сумму.
6. Выберите способ доставки из доступных вариантов:
   - Курьерская доставка
   - Самовывоз из пункта выдачи
   - Почтовая доставка
7. Укажите адрес доставки, если выбрана доставка курьером или почтой.
8. Выберите способ оплаты:
   - Банковской картой онлайн
   - При получении
   - Оплата "Улыбкой" (специальная программа лояльности)
9. Нажмите кнопку "Оформить заказ".
10. Вам придет подтверждение о создании заказа на email и SMS., Страница: 1, Превью: 1. Войдите в личный кабинет, используя логин и пароль.
2. Нажмите на кнопку "Создать новый заказ" в ...
2025-04-22 00:42:51,412 - INFO - Операция: Документ 7
2025-04-22 00:42:51,412 - INFO - Детали: Источник: создание_заказа.txt, Раздел: - Минимальная сумма заказа - 500 рублей.
- Срок доставки зависит от выбранного способа и региона.
- После оформления заказа его состав изменить нельзя.
- Вы можете отменить заказ до его отправки в службу доставки., Страница: 1, Превью: - Минимальная сумма заказа - 500 рублей.
- Срок доставки зависит от выбранного способа и региона.
- ...
2025-04-22 00:42:51,412 - INFO - Операция: Документ 8
2025-04-22 00:42:51,412 - INFO - Детали: Источник: ММ САП.docx, Раздел: Таблица 1, Страница: 57, Превью: SAP MM TABLE DATA:
Таблица 1:

Строка 1: Sr.No . | Закупочная Деятельность и Описание
Строка 2: 1 | ...
2025-04-22 00:42:51,412 - INFO - Операция: Документ 9
2025-04-22 00:42:51,413 - INFO - Детали: Источник: Документ Microsoft Word.docx, Раздел: Заголовок документа, Страница: 1, Превью: Название документа: Документ Microsoft Word


2025-04-22 00:42:51,413 - INFO - Операция: Документ 10
2025-04-22 00:42:51,413 - INFO - Детали: Источник: ММ САП.docx, Раздел: Документ SAP MM, Страница: 1, Превью: ДОКУМЕНТ SAP: ММ САП

Этот документ относится к системе SAP и модулю MM (Material Management). SAP M...
2025-04-22 00:42:51,413 - INFO - Операция: Документ 11
2025-04-22 00:42:51,413 - INFO - Детали: Источник: Лист Microsoft Excel.xlsx, Раздел: н/д, Страница: 1, Превью: Заголовки таблицы: Вопрос | Ответ

Строка 1: Где находится Караганда? | Нужно спросить у Эмми
Строка...
2025-04-22 00:42:51,413 - INFO - Операция: Документ 12
2025-04-22 00:42:51,413 - INFO - Детали: Источник: Инструкция_по_сборке_LEGO.pdf, Раздел: Страница 40, Страница: 40, Превью: 1x
 3x
25
40


2025-04-22 00:42:51,413 - INFO - Операция: Документ 13
2025-04-22 00:42:51,413 - INFO - Детали: Источник: ММ САП.docx, Раздел: Таблица 2, Страница: 57, Превью: SAP MM TABLE DATA:
Таблица 2:

Строка 1: Sr.No . | T-Код и описание
Строка 2: 1 | ОКС15
Создать комп...
2025-04-22 00:42:51,414 - INFO - Операция: Документ 14
2025-04-22 00:42:51,414 - INFO - Детали: Источник: Инструкция_по_сборке_LEGO.pdf, Раздел: Страница 35, Страница: 35, Превью: 4x
 4x
20
35


2025-04-22 00:42:51,414 - INFO - Операция: Документ 15
2025-04-22 00:42:51,414 - INFO - Детали: Источник: Инструкция_по_сборке_LEGO.pdf, Раздел: Страница 8, Страница: 8, Превью: 1x
 1x
1
8


2025-04-22 00:42:53,931 - INFO - Операция: Получен ответ на запрос
2025-04-22 00:42:53,931 - INFO - Детали: Длина ответа: 1633 символов
2025-04-22 00:42:53,932 - INFO - === Запрос пользователя ===
2025-04-22 00:42:53,932 - INFO - Требуется информация как создать заказ?
2025-04-22 00:42:53,932 - INFO - === Ответ системы ===
2025-04-22 00:42:53,932 - INFO - Информация о том, как создать заказ, найдена в следующих документах:

1. **Создание_заказа.txt** (страница 1):
    - Для создания нового заказа нужно войти в личный кабинет, используя логин и пароль.
    - Затем следует нажать на кнопку "Создать новый заказ" в верхнем меню.
    - Далее необходимо выбрать товары из каталога, нажав кнопку "Добавить в корзину".
    - После добавления всех нужных товаров, перейти в корзину и проверить состав заказа и общую сумму.
    - Выбрать способ доставки (например, курьерская доставка, самовывоз из пункта выдачи, почтовая доставка).
    - Указать адрес доставки, если выбран курьер или почтовая доставка.
    - Выбрать способ оплаты (банковской картой онлайн, при получении, оплата "Улыбкой").
    - Нажать кнопку "Оформить заказ".
    - Подтверждение о создании заказа будет отправлено на email и через SMS.

2. **Документ Microsoft Word по заказу.docx** (страница 1):
    - Чтобы создать заказ на доставку, нужно использовать транзакцию `me21n`.
    - Чтобы изменить заказ на доставку, используется транзакция `me22n`.
    - Просмотр заказа осуществляется через транзакцию `me23n`.
    - Для создания счета-фактуры используется транзакция `miro`, а для изменения – та же транзакция.
    - Просмотр счета-фактуры возможен через ту же транзакцию `miro`.

3. **ММ САП.docx** (таблица 1, строка 3):
    - Этап создания заявки на покупку происходит после получения информации о необходимости товаров или услуг. Заявка является внутренним документом отдела закупок.
    - Следующим этапом является создание заказа на покупку на основе заявки, который затем отправляется поставщику для выполнения.
2025-04-22 00:42:53,932 - INFO - =====================
2025-04-22 00:42:53,934 - INFO - 127.0.0.1 - - [22/Apr/2025 00:42:53] "POST /analyze HTTP/1.1" 200 -
2025-04-22 00:45:44,393 - INFO - Операция: Анализ запроса
2025-04-22 00:45:44,394 - INFO - Детали: Начало анализа
2025-04-22 00:45:44,394 - INFO - === Запрос пользователя ===
2025-04-22 00:45:44,394 - INFO - Требуется информация как создать заказ?
2025-04-22 00:45:44,395 - INFO - === Ответ системы ===
2025-04-22 00:45:44,395 - INFO - 
2025-04-22 00:45:44,395 - INFO - =====================
2025-04-22 00:45:44,395 - INFO - Операция: Обработка запроса
2025-04-22 00:45:44,395 - INFO - Детали: Ключевые слова: 'как создать заказ?'
2025-04-22 00:45:44,395 - INFO - Операция: Определение типа запроса
2025-04-22 00:45:44,395 - INFO - Детали: Конкретный информационный запрос
2025-04-22 00:45:44,395 - INFO - Операция: Запуск универсального поиска
2025-04-22 00:45:44,395 - INFO - Детали: Начало обработки конкретного запроса
2025-04-22 00:45:44,460 - INFO - Операция: Найдено документов
2025-04-22 00:45:44,460 - INFO - Детали: 15 результатов
2025-04-22 00:45:44,460 - INFO - Операция: Документ 1
2025-04-22 00:45:44,461 - INFO - Детали: Источник: создание_заказа.txt, Раздел: Заголовок документа, Страница: 1, Превью: Название документа: создание_заказа


2025-04-22 00:45:44,461 - INFO - Операция: Документ 2
2025-04-22 00:45:44,461 - INFO - Детали: Источник: создание_заказа.txt, Раздел: # Инструкция по созданию заказа, Страница: 1, Превью: # Инструкция по созданию заказа

## Шаги создания заказа в системе
2025-04-22 00:45:44,461 - INFO - Операция: Документ 3
2025-04-22 00:45:44,461 - INFO - Детали: Источник: Документ Microsoft Word по заказу.docx, Раздел: Заголовок документа, Страница: 1, Превью: Название документа: Документ Microsoft Word по заказу


2025-04-22 00:45:44,461 - INFO - Операция: Документ 4
2025-04-22 00:45:44,461 - INFO - Детали: Источник: Документ Microsoft Word по заказу.docx, Раздел: Основной текст, Страница: 1, Превью: Чтобы создать заказ на доставку требуется использовать транзакцию me21n.
Чтобы изменить заказ на дос...
2025-04-22 00:45:44,461 - INFO - Операция: Документ 5
2025-04-22 00:45:44,461 - INFO - Детали: Источник: Документ Microsoft Word.docx, Раздел: Основной текст, Страница: 1, Превью: Сколько лет я буду жить? Так долго, как пожелаешь….

Как научиться говорить? Ответ: Шёпотом!

Как со...
2025-04-22 00:45:44,461 - INFO - Операция: Документ 6
2025-04-22 00:45:44,462 - INFO - Детали: Источник: создание_заказа.txt, Раздел: 1. Войдите в личный кабинет, используя логин и пароль.
2. Нажмите на кнопку "Создать новый заказ" в верхнем меню.
3. Выберите товары из каталога, нажимая кнопку "Добавить в корзину".
4. После выбора всех товаров перейдите в корзину.
5. Проверьте состав заказа и общую сумму.
6. Выберите способ доставки из доступных вариантов:
   - Курьерская доставка
   - Самовывоз из пункта выдачи
   - Почтовая доставка
7. Укажите адрес доставки, если выбрана доставка курьером или почтой.
8. Выберите способ оплаты:
   - Банковской картой онлайн
   - При получении
   - Оплата "Улыбкой" (специальная программа лояльности)
9. Нажмите кнопку "Оформить заказ".
10. Вам придет подтверждение о создании заказа на email и SMS., Страница: 1, Превью: 1. Войдите в личный кабинет, используя логин и пароль.
2. Нажмите на кнопку "Создать новый заказ" в ...
2025-04-22 00:45:44,462 - INFO - Операция: Документ 7
2025-04-22 00:45:44,462 - INFO - Детали: Источник: создание_заказа.txt, Раздел: - Минимальная сумма заказа - 500 рублей.
- Срок доставки зависит от выбранного способа и региона.
- После оформления заказа его состав изменить нельзя.
- Вы можете отменить заказ до его отправки в службу доставки., Страница: 1, Превью: - Минимальная сумма заказа - 500 рублей.
- Срок доставки зависит от выбранного способа и региона.
- ...
2025-04-22 00:45:44,462 - INFO - Операция: Документ 8
2025-04-22 00:45:44,462 - INFO - Детали: Источник: ММ САП.docx, Раздел: Таблица 1, Страница: 57, Превью: SAP MM TABLE DATA:
Таблица 1:

Строка 1: Sr.No . | Закупочная Деятельность и Описание
Строка 2: 1 | ...
2025-04-22 00:45:44,462 - INFO - Операция: Документ 9
2025-04-22 00:45:44,462 - INFO - Детали: Источник: Документ Microsoft Word.docx, Раздел: Заголовок документа, Страница: 1, Превью: Название документа: Документ Microsoft Word


2025-04-22 00:45:44,462 - INFO - Операция: Документ 10
2025-04-22 00:45:44,462 - INFO - Детали: Источник: ММ САП.docx, Раздел: Документ SAP MM, Страница: 1, Превью: ДОКУМЕНТ SAP: ММ САП

Этот документ относится к системе SAP и модулю MM (Material Management). SAP M...
2025-04-22 00:45:44,463 - INFO - Операция: Документ 11
2025-04-22 00:45:44,463 - INFO - Детали: Источник: Лист Microsoft Excel.xlsx, Раздел: н/д, Страница: 1, Превью: Заголовки таблицы: Вопрос | Ответ

Строка 1: Где находится Караганда? | Нужно спросить у Эмми
Строка...
2025-04-22 00:45:44,463 - INFO - Операция: Документ 12
2025-04-22 00:45:44,463 - INFO - Детали: Источник: Инструкция_по_сборке_LEGO.pdf, Раздел: Страница 40, Страница: 40, Превью: 1x
 3x
25
40


2025-04-22 00:45:44,463 - INFO - Операция: Документ 13
2025-04-22 00:45:44,463 - INFO - Детали: Источник: ММ САП.docx, Раздел: Таблица 2, Страница: 57, Превью: SAP MM TABLE DATA:
Таблица 2:

Строка 1: Sr.No . | T-Код и описание
Строка 2: 1 | ОКС15
Создать комп...
2025-04-22 00:45:44,463 - INFO - Операция: Документ 14
2025-04-22 00:45:44,463 - INFO - Детали: Источник: Инструкция_по_сборке_LEGO.pdf, Раздел: Страница 35, Страница: 35, Превью: 4x
 4x
20
35


2025-04-22 00:45:44,464 - INFO - Операция: Документ 15
2025-04-22 00:45:44,464 - INFO - Детали: Источник: Инструкция_по_сборке_LEGO.pdf, Раздел: Страница 8, Страница: 8, Превью: 1x
 1x
1
8


2025-04-22 00:45:47,162 - INFO - Операция: Получен ответ на запрос
2025-04-22 00:45:47,162 - INFO - Детали: Длина ответа: 1780 символов
2025-04-22 00:45:47,163 - INFO - === Запрос пользователя ===
2025-04-22 00:45:47,164 - INFO - Требуется информация как создать заказ?
2025-04-22 00:45:47,164 - INFO - === Ответ системы ===
2025-04-22 00:45:47,164 - INFO - Информация о том, как создать заказ, находится в следующих документах и разделах:

1. **Создание_заказа.txt**:
    - Раздел: # Инструкция по созданию заказа
        - Страница: 1
        - **Ответ:** Чтобы создать заказ на доставку требуется использовать транзакцию `me21n`. Для изменения заказа на доставку требуется использовать транзакцию `me22n`, а для просмотра заказа – `me23n`. Для создания счета-фактуры требуется использовать транзакцию `miro`, а для ее изменения – ту же транзакцию. Просмотр счета-фактуры осуществляется через `miro`.

2. **Документ Microsoft Word по заказу.docx**:
    - Раздел: Основной текст
        - Страница: 1
        - **Ответ:** Чтобы создать заказ на доставку требуется использовать транзакцию `me21n`. Для изменения заказа на доставку требуется использовать транзакцию `me22n`, а для просмотра заказа – `me23n`. Для создания счета-фактуры требуется использовать транзакцию `miro`, а для ее изменения – ту же транзакцию. Просмотр счета-фактуры осуществляется через `miro`.

3. **Создание_заказа.txt**:
    - Раздел: 1. Войдите в личный кабинет, используя логин и пароль.
        - Страница: 1
        - **Ответ:** Для создания заказа следуйте следующим шагам: войдите в личный кабинет, нажмите на кнопку «Создать новый заказ» в верхнем меню, выберите товары из каталога, добавьте их в корзину, проверьте состав заказа и общую сумму, выберите способ доставки (например, курьерскую доставку), укажите адрес доставки, выберите способ оплаты (банковской картой онлайн, при получении или оплату «Улыбкой») и нажмите кнопку «Оформить заказ». Подтверждение о создании заказа придёт на email и SMS.

Таким образом, информация о том, как создать заказ, содержится в двух файлах: **`создание_заказа.txt`** и **`Документ Microsoft Word по заказу.docx`**.
2025-04-22 00:45:47,164 - INFO - =====================
2025-04-22 00:45:47,169 - INFO - 127.0.0.1 - - [22/Apr/2025 00:45:47] "POST /analyze HTTP/1.1" 200 -
2025-04-22 00:54:30,369 - INFO - Load pretrained SentenceTransformer: sberbank-ai/sbert_large_nlu_ru
2025-04-22 00:54:33,792 - INFO - Операция: Начало чтения документов из директории: documents
2025-04-22 00:54:33,792 - INFO - Операция: Обработка файла
2025-04-22 00:54:33,792 - INFO - Детали: Тип файла: Документ Microsoft Word по заказу.docx
2025-04-22 00:54:33,792 - INFO - Операция: Чтение Word файла
2025-04-22 00:54:33,792 - INFO - Детали: Обработка файла: documents\Документ Microsoft Word по заказу.docx
2025-04-22 00:54:33,796 - INFO - Операция: Успешное чтение Word
2025-04-22 00:54:33,796 - INFO - Детали: Извлечено 2 секций
2025-04-22 00:54:33,796 - INFO - Операция: Секция 1 из файла Документ Microsoft Word по заказу.docx
2025-04-22 00:54:33,796 - INFO - Детали: Раздел: Заголовок документа, Превью: Название документа: Документ Microsoft Word по заказу


2025-04-22 00:54:33,796 - INFO - Операция: Секция 2 из файла Документ Microsoft Word по заказу.docx
2025-04-22 00:54:33,797 - INFO - Детали: Раздел: Основной текст, Превью: Чтобы создать заказ на доставку требуется использовать транзакцию me21n.
Чтобы изменить заказ на дос...
2025-04-22 00:54:33,797 - INFO - Операция: Успешно прочитан файл: Документ Microsoft Word по заказу.docx
2025-04-22 00:54:33,797 - INFO - Детали: Извлечено 2 секций
2025-04-22 00:54:33,797 - INFO - Операция: Обработка файла
2025-04-22 00:54:33,797 - INFO - Детали: Тип файла: Документ Microsoft Word.docx
2025-04-22 00:54:33,797 - INFO - Операция: Чтение Word файла
2025-04-22 00:54:33,798 - INFO - Детали: Обработка файла: documents\Документ Microsoft Word.docx
2025-04-22 00:54:33,800 - INFO - Операция: Успешное чтение Word
2025-04-22 00:54:33,800 - INFO - Детали: Извлечено 2 секций
2025-04-22 00:54:33,800 - INFO - Операция: Секция 1 из файла Документ Microsoft Word.docx
2025-04-22 00:54:33,800 - INFO - Детали: Раздел: Заголовок документа, Превью: Название документа: Документ Microsoft Word


2025-04-22 00:54:33,800 - INFO - Операция: Секция 2 из файла Документ Microsoft Word.docx
2025-04-22 00:54:33,800 - INFO - Детали: Раздел: Основной текст, Превью: Сколько лет я буду жить? Так долго, как пожелаешь….

Как научиться говорить? Ответ: Шёпотом!

Как со...
2025-04-22 00:54:33,800 - INFO - Операция: Успешно прочитан файл: Документ Microsoft Word.docx
2025-04-22 00:54:33,800 - INFO - Детали: Извлечено 2 секций
2025-04-22 00:54:33,801 - INFO - Операция: Обработка файла
2025-04-22 00:54:33,801 - INFO - Детали: Тип файла: Инструкция_по_сборке_LEGO.pdf
2025-04-22 00:54:33,801 - INFO - Операция: Чтение PDF файла
2025-04-22 00:54:33,801 - INFO - Детали: Обработка файла: documents\Инструкция_по_сборке_LEGO.pdf
2025-04-22 00:54:33,820 - INFO - Операция: Анализ PDF
2025-04-22 00:54:33,820 - INFO - Детали: Файл содержит 48 страниц
2025-04-22 00:54:34,660 - INFO - Операция: Успешное чтение PDF
2025-04-22 00:54:34,661 - INFO - Детали: Извлечено 47 секций
2025-04-22 00:54:34,661 - INFO - Операция: Успешно прочитан файл: Инструкция_по_сборке_LEGO.pdf
2025-04-22 00:54:34,661 - INFO - Детали: Извлечено 47 секций
2025-04-22 00:54:34,661 - INFO - Операция: Обработка файла
2025-04-22 00:54:34,661 - INFO - Детали: Тип файла: Лист Microsoft Excel.xlsx
2025-04-22 00:54:34,661 - INFO - Операция: Чтение Excel файла
2025-04-22 00:54:34,662 - INFO - Детали: Обработка файла: documents\Лист Microsoft Excel.xlsx
2025-04-22 00:54:34,770 - INFO - Операция: Успешное чтение Excel
2025-04-22 00:54:34,770 - INFO - Детали: Извлечено 1 секций
2025-04-22 00:54:34,770 - INFO - Операция: Успешно прочитан файл: Лист Microsoft Excel.xlsx
2025-04-22 00:54:34,770 - INFO - Детали: Извлечено 1 секций
2025-04-22 00:54:34,770 - INFO - Операция: Обработка файла
2025-04-22 00:54:34,770 - INFO - Детали: Тип файла: ММ САП.docx
2025-04-22 00:54:34,771 - INFO - Операция: Чтение Word файла
2025-04-22 00:54:34,771 - INFO - Детали: Обработка файла: documents\ММ САП.docx
2025-04-22 00:54:35,206 - INFO - Операция: Успешное чтение Word
2025-04-22 00:54:35,206 - INFO - Детали: Извлечено 4 секций
2025-04-22 00:54:35,206 - INFO - Операция: Секция 1 из файла ММ САП.docx
2025-04-22 00:54:35,206 - INFO - Детали: Раздел: Документ SAP MM, Превью: ДОКУМЕНТ SAP: ММ САП

Этот документ относится к системе SAP и модулю MM (Material Management). SAP M...
2025-04-22 00:54:35,206 - INFO - Операция: Секция 2 из файла ММ САП.docx
2025-04-22 00:54:35,206 - INFO - Детали: Раздел: Основной текст, Превью: SAP MM CONTENT: SAP MM - Краткое руководство

Предыдущая страница

Далее

SAP MM CONTENT: SAP MM - О...
2025-04-22 00:54:35,206 - INFO - Операция: Секция 3 из файла ММ САП.docx
2025-04-22 00:54:35,206 - INFO - Детали: Раздел: Таблица 1, Превью: SAP MM TABLE DATA:
Таблица 1:

Строка 1: Sr.No . | Закупочная Деятельность и Описание
Строка 2: 1 | ...
2025-04-22 00:54:35,207 - INFO - Операция: Секция 4 из файла ММ САП.docx
2025-04-22 00:54:35,207 - INFO - Детали: Раздел: Таблица 2, Превью: SAP MM TABLE DATA:
Таблица 2:

Строка 1: Sr.No . | T-Код и описание
Строка 2: 1 | ОКС15
Создать комп...
2025-04-22 00:54:35,207 - INFO - Операция: Успешно прочитан файл: ММ САП.docx
2025-04-22 00:54:35,207 - INFO - Детали: Извлечено 4 секций
2025-04-22 00:54:35,207 - INFO - Операция: Обработка файла
2025-04-22 00:54:35,207 - INFO - Детали: Тип файла: создание_заказа.txt
2025-04-22 00:54:35,207 - INFO - Операция: Чтение текстового файла: documents\создание_заказа.txt
2025-04-22 00:54:35,207 - INFO - Операция: Содержимое файла создание_заказа.txt
2025-04-22 00:54:35,208 - INFO - Детали: Размер: 1174 символов
2025-04-22 00:54:35,208 - INFO - Операция: Секция 1 из файла создание_заказа.txt
2025-04-22 00:54:35,208 - INFO - Детали: Раздел: Заголовок документа, Превью: Название документа: создание_заказа


2025-04-22 00:54:35,208 - INFO - Операция: Секция 2 из файла создание_заказа.txt
2025-04-22 00:54:35,208 - INFO - Детали: Раздел: # Инструкция по созданию заказа, Превью: # Инструкция по созданию заказа

## Шаги создания заказа в системе
2025-04-22 00:54:35,208 - INFO - Операция: Секция 3 из файла создание_заказа.txt
2025-04-22 00:54:35,208 - INFO - Детали: Раздел: 1. Войдите в личный кабинет, используя логин и пароль.
2. Нажмите на кнопку "Создать новый заказ" в верхнем меню.
3. Выберите товары из каталога, нажимая кнопку "Добавить в корзину".
4. После выбора всех товаров перейдите в корзину.
5. Проверьте состав заказа и общую сумму.
6. Выберите способ доставки из доступных вариантов:
   - Курьерская доставка
   - Самовывоз из пункта выдачи
   - Почтовая доставка
7. Укажите адрес доставки, если выбрана доставка курьером или почтой.
8. Выберите способ оплаты:
   - Банковской картой онлайн
   - При получении
   - Оплата "Улыбкой" (специальная программа лояльности)
9. Нажмите кнопку "Оформить заказ".
10. Вам придет подтверждение о создании заказа на email и SMS., Превью: 1. Войдите в личный кабинет, используя логин и пароль.
2. Нажмите на кнопку "Создать новый заказ" в ...
2025-04-22 00:54:35,209 - INFO - Операция: Секция 4 из файла создание_заказа.txt
2025-04-22 00:54:35,209 - INFO - Детали: Раздел: - Минимальная сумма заказа - 500 рублей.
- Срок доставки зависит от выбранного способа и региона.
- После оформления заказа его состав изменить нельзя.
- Вы можете отменить заказ до его отправки в службу доставки., Превью: - Минимальная сумма заказа - 500 рублей.
- Срок доставки зависит от выбранного способа и региона.
- ...
2025-04-22 00:54:35,209 - INFO - Операция: Успешное чтение TXT
2025-04-22 00:54:35,209 - INFO - Детали: Извлечено 4 секций
2025-04-22 00:54:35,209 - INFO - Операция: Успешно прочитан файл: создание_заказа.txt
2025-04-22 00:54:35,209 - INFO - Детали: Извлечено 4 секций
2025-04-22 00:54:35,209 - INFO - Операция: Статистика обработки
2025-04-22 00:54:35,209 - INFO - Детали: Обработано файлов: 6, Всего секций: 60
2025-04-22 00:54:35,209 - INFO - Операция: Создание документов LangChain
2025-04-22 00:54:35,209 - INFO - Детали: Преобразование 60 секций
2025-04-22 00:54:35,210 - INFO - Операция: Создание векторного хранилища
2025-04-22 00:54:35,210 - INFO - Детали: Начало
2025-04-22 00:54:35,210 - INFO - Операция: Создание векторного хранилища
2025-04-22 00:54:35,210 - INFO - Детали: Обработка 60 документов
2025-04-22 00:54:53,460 - INFO - Loading faiss with AVX512 support.
2025-04-22 00:54:53,460 - INFO - Could not load library with AVX512 support due to:
ModuleNotFoundError("No module named 'faiss.swigfaiss_avx512'")
2025-04-22 00:54:53,460 - INFO - Loading faiss with AVX2 support.
2025-04-22 00:54:53,473 - INFO - Successfully loaded faiss with AVX2 support.
2025-04-22 00:54:53,477 - INFO - Failed to load GPU Faiss: name 'GpuIndexIVFFlat' is not defined. Will not load constructor refs for GPU indexes.
2025-04-22 00:54:53,480 - INFO - Операция: Векторное хранилище создано
2025-04-22 00:54:53,480 - INFO - Детали: Успешно
2025-04-22 00:54:53,480 - INFO - Операция: Создание цепочки QA
2025-04-22 00:54:53,480 - INFO - Детали: Начало
2025-04-22 00:54:53,481 - INFO - Операция: Создание агента
2025-04-22 00:54:53,481 - INFO - Детали: Начало
2025-04-22 00:54:53,483 - INFO - Операция: Инициализация завершена
2025-04-22 00:54:53,483 - INFO - Детали: Успешно
2025-04-22 00:54:53,491 - INFO - [31m[1mWARNING: This is a development server. Do not use it in a production deployment. Use a production WSGI server instead.[0m
 * Running on all addresses (0.0.0.0)
 * Running on http://127.0.0.1:5000
 * Running on http://192.168.1.110:5000
2025-04-22 00:54:53,491 - INFO - [33mPress CTRL+C to quit[0m
2025-04-22 00:54:53,492 - INFO -  * Restarting with stat
2025-04-22 00:54:57,448 - INFO - Load pretrained SentenceTransformer: sberbank-ai/sbert_large_nlu_ru
2025-04-22 00:55:01,095 - INFO - Операция: Начало чтения документов из директории: documents
2025-04-22 00:55:01,096 - INFO - Операция: Обработка файла
2025-04-22 00:55:01,096 - INFO - Детали: Тип файла: Документ Microsoft Word по заказу.docx
2025-04-22 00:55:01,096 - INFO - Операция: Чтение Word файла
2025-04-22 00:55:01,096 - INFO - Детали: Обработка файла: documents\Документ Microsoft Word по заказу.docx
2025-04-22 00:55:01,100 - INFO - Операция: Успешное чтение Word
2025-04-22 00:55:01,100 - INFO - Детали: Извлечено 2 секций
2025-04-22 00:55:01,100 - INFO - Операция: Секция 1 из файла Документ Microsoft Word по заказу.docx
2025-04-22 00:55:01,100 - INFO - Детали: Раздел: Заголовок документа, Превью: Название документа: Документ Microsoft Word по заказу


2025-04-22 00:55:01,101 - INFO - Операция: Секция 2 из файла Документ Microsoft Word по заказу.docx
2025-04-22 00:55:01,101 - INFO - Детали: Раздел: Основной текст, Превью: Чтобы создать заказ на доставку требуется использовать транзакцию me21n.
Чтобы изменить заказ на дос...
2025-04-22 00:55:01,101 - INFO - Операция: Успешно прочитан файл: Документ Microsoft Word по заказу.docx
2025-04-22 00:55:01,101 - INFO - Детали: Извлечено 2 секций
2025-04-22 00:55:01,101 - INFO - Операция: Обработка файла
2025-04-22 00:55:01,101 - INFO - Детали: Тип файла: Документ Microsoft Word.docx
2025-04-22 00:55:01,101 - INFO - Операция: Чтение Word файла
2025-04-22 00:55:01,101 - INFO - Детали: Обработка файла: documents\Документ Microsoft Word.docx
2025-04-22 00:55:01,103 - INFO - Операция: Успешное чтение Word
2025-04-22 00:55:01,104 - INFO - Детали: Извлечено 2 секций
2025-04-22 00:55:01,104 - INFO - Операция: Секция 1 из файла Документ Microsoft Word.docx
2025-04-22 00:55:01,104 - INFO - Детали: Раздел: Заголовок документа, Превью: Название документа: Документ Microsoft Word


2025-04-22 00:55:01,104 - INFO - Операция: Секция 2 из файла Документ Microsoft Word.docx
2025-04-22 00:55:01,104 - INFO - Детали: Раздел: Основной текст, Превью: Сколько лет я буду жить? Так долго, как пожелаешь….

Как научиться говорить? Ответ: Шёпотом!

Как со...
2025-04-22 00:55:01,104 - INFO - Операция: Успешно прочитан файл: Документ Microsoft Word.docx
2025-04-22 00:55:01,104 - INFO - Детали: Извлечено 2 секций
2025-04-22 00:55:01,104 - INFO - Операция: Обработка файла
2025-04-22 00:55:01,104 - INFO - Детали: Тип файла: Инструкция_по_сборке_LEGO.pdf
2025-04-22 00:55:01,105 - INFO - Операция: Чтение PDF файла
2025-04-22 00:55:01,105 - INFO - Детали: Обработка файла: documents\Инструкция_по_сборке_LEGO.pdf
2025-04-22 00:55:01,124 - INFO - Операция: Анализ PDF
2025-04-22 00:55:01,124 - INFO - Детали: Файл содержит 48 страниц
2025-04-22 00:55:01,941 - INFO - Операция: Успешное чтение PDF
2025-04-22 00:55:01,942 - INFO - Детали: Извлечено 47 секций
2025-04-22 00:55:01,942 - INFO - Операция: Успешно прочитан файл: Инструкция_по_сборке_LEGO.pdf
2025-04-22 00:55:01,942 - INFO - Детали: Извлечено 47 секций
2025-04-22 00:55:01,942 - INFO - Операция: Обработка файла
2025-04-22 00:55:01,942 - INFO - Детали: Тип файла: Лист Microsoft Excel.xlsx
2025-04-22 00:55:01,942 - INFO - Операция: Чтение Excel файла
2025-04-22 00:55:01,942 - INFO - Детали: Обработка файла: documents\Лист Microsoft Excel.xlsx
2025-04-22 00:55:02,045 - INFO - Операция: Успешное чтение Excel
2025-04-22 00:55:02,045 - INFO - Детали: Извлечено 1 секций
2025-04-22 00:55:02,045 - INFO - Операция: Успешно прочитан файл: Лист Microsoft Excel.xlsx
2025-04-22 00:55:02,045 - INFO - Детали: Извлечено 1 секций
2025-04-22 00:55:02,045 - INFO - Операция: Обработка файла
2025-04-22 00:55:02,045 - INFO - Детали: Тип файла: ММ САП.docx
2025-04-22 00:55:02,045 - INFO - Операция: Чтение Word файла
2025-04-22 00:55:02,046 - INFO - Детали: Обработка файла: documents\ММ САП.docx
2025-04-22 00:55:02,479 - INFO - Операция: Успешное чтение Word
2025-04-22 00:55:02,479 - INFO - Детали: Извлечено 4 секций
2025-04-22 00:55:02,480 - INFO - Операция: Секция 1 из файла ММ САП.docx
2025-04-22 00:55:02,480 - INFO - Детали: Раздел: Документ SAP MM, Превью: ДОКУМЕНТ SAP: ММ САП

Этот документ относится к системе SAP и модулю MM (Material Management). SAP M...
2025-04-22 00:55:02,480 - INFO - Операция: Секция 2 из файла ММ САП.docx
2025-04-22 00:55:02,480 - INFO - Детали: Раздел: Основной текст, Превью: SAP MM CONTENT: SAP MM - Краткое руководство

Предыдущая страница

Далее

SAP MM CONTENT: SAP MM - О...
2025-04-22 00:55:02,480 - INFO - Операция: Секция 3 из файла ММ САП.docx
2025-04-22 00:55:02,480 - INFO - Детали: Раздел: Таблица 1, Превью: SAP MM TABLE DATA:
Таблица 1:

Строка 1: Sr.No . | Закупочная Деятельность и Описание
Строка 2: 1 | ...
2025-04-22 00:55:02,480 - INFO - Операция: Секция 4 из файла ММ САП.docx
2025-04-22 00:55:02,481 - INFO - Детали: Раздел: Таблица 2, Превью: SAP MM TABLE DATA:
Таблица 2:

Строка 1: Sr.No . | T-Код и описание
Строка 2: 1 | ОКС15
Создать комп...
2025-04-22 00:55:02,481 - INFO - Операция: Успешно прочитан файл: ММ САП.docx
2025-04-22 00:55:02,481 - INFO - Детали: Извлечено 4 секций
2025-04-22 00:55:02,481 - INFO - Операция: Обработка файла
2025-04-22 00:55:02,481 - INFO - Детали: Тип файла: создание_заказа.txt
2025-04-22 00:55:02,481 - INFO - Операция: Чтение текстового файла: documents\создание_заказа.txt
2025-04-22 00:55:02,482 - INFO - Операция: Содержимое файла создание_заказа.txt
2025-04-22 00:55:02,482 - INFO - Детали: Размер: 1174 символов
2025-04-22 00:55:02,482 - INFO - Операция: Секция 1 из файла создание_заказа.txt
2025-04-22 00:55:02,482 - INFO - Детали: Раздел: Заголовок документа, Превью: Название документа: создание_заказа


2025-04-22 00:55:02,482 - INFO - Операция: Секция 2 из файла создание_заказа.txt
2025-04-22 00:55:02,482 - INFO - Детали: Раздел: # Инструкция по созданию заказа, Превью: # Инструкция по созданию заказа

## Шаги создания заказа в системе
2025-04-22 00:55:02,483 - INFO - Операция: Секция 3 из файла создание_заказа.txt
2025-04-22 00:55:02,483 - INFO - Детали: Раздел: 1. Войдите в личный кабинет, используя логин и пароль.
2. Нажмите на кнопку "Создать новый заказ" в верхнем меню.
3. Выберите товары из каталога, нажимая кнопку "Добавить в корзину".
4. После выбора всех товаров перейдите в корзину.
5. Проверьте состав заказа и общую сумму.
6. Выберите способ доставки из доступных вариантов:
   - Курьерская доставка
   - Самовывоз из пункта выдачи
   - Почтовая доставка
7. Укажите адрес доставки, если выбрана доставка курьером или почтой.
8. Выберите способ оплаты:
   - Банковской картой онлайн
   - При получении
   - Оплата "Улыбкой" (специальная программа лояльности)
9. Нажмите кнопку "Оформить заказ".
10. Вам придет подтверждение о создании заказа на email и SMS., Превью: 1. Войдите в личный кабинет, используя логин и пароль.
2. Нажмите на кнопку "Создать новый заказ" в ...
2025-04-22 00:55:02,483 - INFO - Операция: Секция 4 из файла создание_заказа.txt
2025-04-22 00:55:02,483 - INFO - Детали: Раздел: - Минимальная сумма заказа - 500 рублей.
- Срок доставки зависит от выбранного способа и региона.
- После оформления заказа его состав изменить нельзя.
- Вы можете отменить заказ до его отправки в службу доставки., Превью: - Минимальная сумма заказа - 500 рублей.
- Срок доставки зависит от выбранного способа и региона.
- ...
2025-04-22 00:55:02,483 - INFO - Операция: Успешное чтение TXT
2025-04-22 00:55:02,483 - INFO - Детали: Извлечено 4 секций
2025-04-22 00:55:02,483 - INFO - Операция: Успешно прочитан файл: создание_заказа.txt
2025-04-22 00:55:02,483 - INFO - Детали: Извлечено 4 секций
2025-04-22 00:55:02,483 - INFO - Операция: Статистика обработки
2025-04-22 00:55:02,483 - INFO - Детали: Обработано файлов: 6, Всего секций: 60
2025-04-22 00:55:02,484 - INFO - Операция: Создание документов LangChain
2025-04-22 00:55:02,484 - INFO - Детали: Преобразование 60 секций
2025-04-22 00:55:02,484 - INFO - Операция: Создание векторного хранилища
2025-04-22 00:55:02,484 - INFO - Детали: Начало
2025-04-22 00:55:02,484 - INFO - Операция: Создание векторного хранилища
2025-04-22 00:55:02,484 - INFO - Детали: Обработка 60 документов
2025-04-22 00:55:20,690 - INFO - Loading faiss with AVX512 support.
2025-04-22 00:55:20,691 - INFO - Could not load library with AVX512 support due to:
ModuleNotFoundError("No module named 'faiss.swigfaiss_avx512'")
2025-04-22 00:55:20,691 - INFO - Loading faiss with AVX2 support.
2025-04-22 00:55:20,702 - INFO - Successfully loaded faiss with AVX2 support.
2025-04-22 00:55:20,706 - INFO - Failed to load GPU Faiss: name 'GpuIndexIVFFlat' is not defined. Will not load constructor refs for GPU indexes.
2025-04-22 00:55:20,709 - INFO - Операция: Векторное хранилище создано
2025-04-22 00:55:20,709 - INFO - Детали: Успешно
2025-04-22 00:55:20,709 - INFO - Операция: Создание цепочки QA
2025-04-22 00:55:20,709 - INFO - Детали: Начало
2025-04-22 00:55:20,710 - INFO - Операция: Создание агента
2025-04-22 00:55:20,710 - INFO - Детали: Начало
2025-04-22 00:55:20,712 - INFO - Операция: Инициализация завершена
2025-04-22 00:55:20,712 - INFO - Детали: Успешно
2025-04-22 00:55:20,716 - WARNING -  * Debugger is active!
2025-04-22 00:55:20,717 - INFO -  * Debugger PIN: 127-184-279
2025-04-22 00:55:48,804 - INFO - 127.0.0.1 - - [22/Apr/2025 00:55:48] "GET / HTTP/1.1" 200 -
2025-04-22 00:55:48,809 - INFO - 127.0.0.1 - - [22/Apr/2025 00:55:48] "GET /static/css/style.css HTTP/1.1" 200 -
2025-04-22 00:55:48,810 - INFO - 127.0.0.1 - - [22/Apr/2025 00:55:48] "GET /static/js/app.js HTTP/1.1" 200 -
2025-04-22 00:56:06,743 - INFO - Операция: Анализ запроса
2025-04-22 00:56:06,743 - INFO - Детали: Начало анализа
2025-04-22 00:56:06,744 - INFO - === Запрос пользователя ===
2025-04-22 00:56:06,744 - INFO - Требуется информация Как научиться говорить?
2025-04-22 00:56:06,744 - INFO - === Ответ системы ===
2025-04-22 00:56:06,745 - INFO - 
2025-04-22 00:56:06,745 - INFO - =====================
2025-04-22 00:56:06,745 - INFO - Операция: Обработка запроса
2025-04-22 00:56:06,745 - INFO - Детали: Ключевые слова: 'как научиться говорить?'
2025-04-22 00:56:06,745 - INFO - Операция: Определение типа запроса
2025-04-22 00:56:06,745 - INFO - Детали: Конкретный информационный запрос
2025-04-22 00:56:06,745 - INFO - Операция: Запуск универсального поиска
2025-04-22 00:56:06,745 - INFO - Детали: Начало обработки конкретного запроса
2025-04-22 00:56:06,816 - INFO - Операция: Найдено документов
2025-04-22 00:56:06,816 - INFO - Детали: 15 результатов
2025-04-22 00:56:06,816 - INFO - Операция: Документ 1
2025-04-22 00:56:06,816 - INFO - Детали: Источник: Документ Microsoft Word.docx, Раздел: Основной текст, Страница: 1, Превью: Сколько лет я буду жить? Так долго, как пожелаешь….

Как научиться говорить? Ответ: Шёпотом!

Как со...
2025-04-22 00:56:06,816 - INFO - Операция: Документ 2
2025-04-22 00:56:06,817 - INFO - Детали: Источник: Лист Microsoft Excel.xlsx, Раздел: н/д, Страница: 1, Превью: Заголовки таблицы: Вопрос | Ответ

Строка 1: Где находится Караганда? | Нужно спросить у Эмми
Строка...
2025-04-22 00:56:06,817 - INFO - Операция: Документ 3
2025-04-22 00:56:06,817 - INFO - Детали: Источник: Документ Microsoft Word.docx, Раздел: Заголовок документа, Страница: 1, Превью: Название документа: Документ Microsoft Word


2025-04-22 00:56:06,817 - INFO - Операция: Документ 4
2025-04-22 00:56:06,817 - INFO - Детали: Источник: создание_заказа.txt, Раздел: Заголовок документа, Страница: 1, Превью: Название документа: создание_заказа


2025-04-22 00:56:06,817 - INFO - Операция: Документ 5
2025-04-22 00:56:06,817 - INFO - Детали: Источник: Документ Microsoft Word по заказу.docx, Раздел: Заголовок документа, Страница: 1, Превью: Название документа: Документ Microsoft Word по заказу


2025-04-22 00:56:06,817 - INFO - Операция: Документ 6
2025-04-22 00:56:06,817 - INFO - Детали: Источник: создание_заказа.txt, Раздел: # Инструкция по созданию заказа, Страница: 1, Превью: # Инструкция по созданию заказа

## Шаги создания заказа в системе
2025-04-22 00:56:06,818 - INFO - Операция: Документ 7
2025-04-22 00:56:06,818 - INFO - Детали: Источник: ММ САП.docx, Раздел: Документ SAP MM, Страница: 1, Превью: ДОКУМЕНТ SAP: ММ САП

Этот документ относится к системе SAP и модулю MM (Material Management). SAP M...
2025-04-22 00:56:06,818 - INFO - Операция: Документ 8
2025-04-22 00:56:06,818 - INFO - Детали: Источник: Инструкция_по_сборке_LEGO.pdf, Раздел: Страница 3, Страница: 3, Превью: LEGO® Builder


2025-04-22 00:56:06,818 - INFO - Операция: Документ 9
2025-04-22 00:56:06,818 - INFO - Детали: Источник: Документ Microsoft Word по заказу.docx, Раздел: Основной текст, Страница: 1, Превью: Чтобы создать заказ на доставку требуется использовать транзакцию me21n.
Чтобы изменить заказ на дос...
2025-04-22 00:56:06,818 - INFO - Операция: Документ 10
2025-04-22 00:56:06,818 - INFO - Детали: Источник: Инструкция_по_сборке_LEGO.pdf, Раздел: Страница 8, Страница: 8, Превью: 1x
 1x
1
8


2025-04-22 00:56:06,818 - INFO - Операция: Документ 11
2025-04-22 00:56:06,819 - INFO - Детали: Источник: Инструкция_по_сборке_LEGO.pdf, Раздел: Страница 4, Страница: 4, Превью: 1
1
4


2025-04-22 00:56:06,819 - INFO - Операция: Документ 12
2025-04-22 00:56:06,819 - INFO - Детали: Источник: Инструкция_по_сборке_LEGO.pdf, Раздел: Страница 23, Страница: 23, Превью: 1x
10
23


2025-04-22 00:56:06,819 - INFO - Операция: Документ 13
2025-04-22 00:56:06,819 - INFO - Детали: Источник: Инструкция_по_сборке_LEGO.pdf, Раздел: Страница 9, Страница: 9, Превью: 1x
 1x
2
9


2025-04-22 00:56:06,819 - INFO - Операция: Документ 14
2025-04-22 00:56:06,819 - INFO - Детали: Источник: Инструкция_по_сборке_LEGO.pdf, Раздел: Страница 10, Страница: 10, Превью: 1x
3
10


2025-04-22 00:56:06,819 - INFO - Операция: Документ 15
2025-04-22 00:56:06,819 - INFO - Детали: Источник: Инструкция_по_сборке_LEGO.pdf, Раздел: Страница 5, Страница: 5, Превью: 2 1
5


2025-04-22 00:56:08,276 - INFO - Операция: Получен ответ на запрос
2025-04-22 00:56:08,276 - INFO - Детали: Длина ответа: 1000 символов
2025-04-22 00:56:08,277 - INFO - === Запрос пользователя ===
2025-04-22 00:56:08,277 - INFO - Требуется информация Как научиться говорить?
2025-04-22 00:56:08,278 - INFO - === Ответ системы ===
2025-04-22 00:56:08,278 - INFO - Информация о том, как научиться говорить, не найдена напрямую в представленных документах. Однако косвенно можно предположить, что речь идет о навыках общения или публичных выступлениях. В таком случае, некоторые документы могут содержать полезные рекомендации:

1. **Документ Microsoft Word**:
   - В разделе "Основной текст" на странице 1 указано: "_Как научиться говорить? Ответ: Шёпотом!_" Это может указывать на то, что умение говорить тихим голосом является одним из аспектов коммуникативных навыков.
   
2. **Создание_заказа.txt**:
   - В разделе "# Инструкция по созданию заказа" на странице 1 упоминаются шаги по созданию заказа в системе. Возможно, это указывает на необходимость освоения базовых навыков работы с системами, такими как SAP, которые могут включать навыки общения и взаимодействия с коллегами или клиентами.

Эти фрагменты текста не дают прямого ответа на вопрос, но могут намекать на важность развития коммуникативных навыков через практику и изучение систем, таких как SAP.
2025-04-22 00:56:08,278 - INFO - =====================
2025-04-22 00:56:08,310 - INFO - 127.0.0.1 - - [22/Apr/2025 00:56:08] "POST /analyze HTTP/1.1" 200 -
2025-04-22 00:56:45,186 - INFO - Операция: Анализ запроса
2025-04-22 00:56:45,186 - INFO - Детали: Начало анализа
2025-04-22 00:56:45,186 - INFO - === Запрос пользователя ===
2025-04-22 00:56:45,187 - INFO - Требуется информация что такое sap mm?
2025-04-22 00:56:45,187 - INFO - === Ответ системы ===
2025-04-22 00:56:45,187 - INFO - 
2025-04-22 00:56:45,187 - INFO - =====================
2025-04-22 00:56:45,187 - INFO - Операция: Обработка запроса
2025-04-22 00:56:45,187 - INFO - Детали: Ключевые слова: 'что такое sap mm?'
2025-04-22 00:56:45,187 - INFO - Операция: Определен SAP-запрос
2025-04-22 00:56:45,187 - INFO - Детали: Запуск специализированного поиска
2025-04-22 00:56:45,253 - INFO - Операция: Найдены SAP-документы
2025-04-22 00:56:45,254 - INFO - Детали: 10 результатов
2025-04-22 00:56:45,254 - INFO - Операция: Проверка документа
2025-04-22 00:56:45,254 - INFO - Детали: Файл: мм сап.docx, Раздел: документ sap mm
2025-04-22 00:56:45,254 - INFO - Операция: Найдено SAP MM совпадение
2025-04-22 00:56:45,254 - INFO - Детали: Файл: мм сап.docx, Раздел: документ sap mm, Превью: документ sap: мм сап

этот документ относится к системе sap и модулю mm (material management). sap m...
2025-04-22 00:56:45,254 - INFO - Операция: Проверка документа
2025-04-22 00:56:45,254 - INFO - Детали: Файл: документ microsoft word по заказу.docx, Раздел: заголовок документа
2025-04-22 00:56:45,255 - INFO - Операция: Проверка документа
2025-04-22 00:56:45,255 - INFO - Детали: Файл: документ microsoft word.docx, Раздел: заголовок документа
2025-04-22 00:56:45,255 - INFO - Операция: Проверка документа
2025-04-22 00:56:45,255 - INFO - Детали: Файл: создание_заказа.txt, Раздел: # инструкция по созданию заказа
2025-04-22 00:56:45,255 - INFO - Операция: Проверка документа
2025-04-22 00:56:45,255 - INFO - Детали: Файл: создание_заказа.txt, Раздел: заголовок документа
2025-04-22 00:56:45,256 - INFO - Операция: Проверка документа
2025-04-22 00:56:45,256 - INFO - Детали: Файл: мм сап.docx, Раздел: основной текст
2025-04-22 00:56:45,256 - INFO - Операция: Найдено SAP MM совпадение
2025-04-22 00:56:45,256 - INFO - Детали: Файл: мм сап.docx, Раздел: основной текст, Превью: sap mm content: sap mm - краткое руководство

предыдущая страница

далее

sap mm content: sap mm - о...
2025-04-22 00:56:45,256 - INFO - Операция: Проверка документа
2025-04-22 00:56:45,256 - INFO - Детали: Файл: инструкция_по_сборке_lego.pdf, Раздел: страница 35
2025-04-22 00:56:45,257 - INFO - Операция: Проверка документа
2025-04-22 00:56:45,257 - INFO - Детали: Файл: инструкция_по_сборке_lego.pdf, Раздел: страница 40
2025-04-22 00:56:45,257 - INFO - Операция: Проверка документа
2025-04-22 00:56:45,257 - INFO - Детали: Файл: мм сап.docx, Раздел: таблица 1
2025-04-22 00:56:45,257 - INFO - Операция: Найдено SAP MM совпадение
2025-04-22 00:56:45,257 - INFO - Детали: Файл: мм сап.docx, Раздел: таблица 1, Превью: sap mm table data:
таблица 1:

строка 1: sr.no . | закупочная деятельность и описание
строка 2: 1 | ...
2025-04-22 00:56:45,257 - INFO - Операция: Проверка документа
2025-04-22 00:56:45,257 - INFO - Детали: Файл: документ microsoft word по заказу.docx, Раздел: основной текст
2025-04-22 00:56:45,257 - INFO - Операция: Отфильтровано 3 SAP документов
2025-04-22 00:56:45,258 - INFO - Детали: Формирование прямого ответа на основе SAP документов
2025-04-22 00:56:50,159 - INFO - Операция: Получен ответ на SAP-запрос
2025-04-22 00:56:50,159 - INFO - Детали: Длина ответа: 2187 символов
2025-04-22 00:56:50,160 - INFO - === Запрос пользователя ===
2025-04-22 00:56:50,160 - INFO - Требуется информация что такое sap mm?
2025-04-22 00:56:50,160 - INFO - === Ответ системы ===
2025-04-22 00:56:50,161 - INFO - Информация найдена на странице 1 в разделе **"Основной текст"** документа **"ММ САП.docx"**:

SAP MM CONTENT: SAP MM - Процесс закупок

SAP MM CONTENT: Каждая организация приобретает материалы или услуги для удовлетворения своих бизнес-потребностей. Процесс покупки материалов и получения услуг от поставщиков или дилеров называется закупками. Этапы, необходимые для закупки материалов, составляют цикл закупок. Каждая организация выполняет несколько последовательных этапов для закупки материалов в нужном количестве по нужной цене. Важные этапы цикла закупок следующие:

Определение потребности

Создание заказа на покупку

Учет Поступления товара

Разноска счета-фактуры

Информация найдена на странице 1 в разделе **"Основной текст"** документа **"ММ САП.docx"**:

SAP MM CONTENT: SAP MM - Заявка на покупку

Закупки в любой организации начинаются со сбора требований. После сбора требований нам нужно проинформировать организацию, осуществляющую закупки. Заявка на закупку — это документ, содержащий список требований. Ключевые моменты, на которые следует обратить внимание при составлении заявки на закупку, следующие:

Заявка на закупку — это запрос, который направляется в организацию, занимающуюся закупками, с просьбой приобрести определённый перечень материалов.

Это внутренний документ, который остаётся внутри организации.

Заявка на закупку должна быть одобрена закупающей организацией.

Если заявка на покупку уже одобрена, то её можно изменить только в ограниченном объёме.

Заявка на закупку может быть создана для следующих типов закупок −

Стандарт − Получение готового материала от поставщика.

Субподряд — предоставление поставщиком сырья и получение готовой продукции.

Консигнация — закупка материалов, которые хранятся на территории компании, и оплата их поставщику.

Перемещение запасов − получение материалов изнутри организации.

Внешнее обслуживание − получение услуг, таких как техническое обслуживание, от стороннего поставщика.

Создать заявку на покупку

Заявку на покупку можно создать, выполнив шаги, приведенные ниже −

Путь к созданию заявки на покупку

Логистика ⇒ Управление материалами ⇒ Закупки ⇒ Подача заявки на закупку ⇒ Создание

TCode: ME51N
2025-04-22 00:56:50,161 - INFO - =====================
2025-04-22 00:56:50,165 - INFO - 127.0.0.1 - - [22/Apr/2025 00:56:50] "POST /analyze HTTP/1.1" 200 -
2025-04-22 00:57:00,273 - INFO - 127.0.0.1 - - [22/Apr/2025 00:57:00] "POST /analyze HTTP/1.1" 200 -
2025-04-22 00:57:56,805 - INFO - Операция: Анализ запроса
2025-04-22 00:57:56,805 - INFO - Детали: Начало анализа
2025-04-22 00:57:56,806 - INFO - === Запрос пользователя ===
2025-04-22 00:57:56,806 - INFO - Требуется информация Как научиться говорить?
2025-04-22 00:57:56,806 - INFO - === Ответ системы ===
2025-04-22 00:57:56,806 - INFO - 
2025-04-22 00:57:56,806 - INFO - =====================
2025-04-22 00:57:56,806 - INFO - Операция: Обработка запроса
2025-04-22 00:57:56,806 - INFO - Детали: Ключевые слова: 'как научиться говорить?'
2025-04-22 00:57:56,806 - INFO - Операция: Определение типа запроса
2025-04-22 00:57:56,807 - INFO - Детали: Конкретный информационный запрос
2025-04-22 00:57:56,807 - INFO - Операция: Запуск универсального поиска
2025-04-22 00:57:56,807 - INFO - Детали: Начало обработки конкретного запроса
2025-04-22 00:57:56,869 - INFO - Операция: Найдено документов
2025-04-22 00:57:56,870 - INFO - Детали: 15 результатов
2025-04-22 00:57:56,870 - INFO - Операция: Документ 1
2025-04-22 00:57:56,870 - INFO - Детали: Источник: Документ Microsoft Word.docx, Раздел: Основной текст, Страница: 1, Превью: Сколько лет я буду жить? Так долго, как пожелаешь….

Как научиться говорить? Ответ: Шёпотом!

Как со...
2025-04-22 00:57:56,870 - INFO - Операция: Документ 2
2025-04-22 00:57:56,870 - INFO - Детали: Источник: Лист Microsoft Excel.xlsx, Раздел: н/д, Страница: 1, Превью: Заголовки таблицы: Вопрос | Ответ

Строка 1: Где находится Караганда? | Нужно спросить у Эмми
Строка...
2025-04-22 00:57:56,871 - INFO - Операция: Документ 3
2025-04-22 00:57:56,871 - INFO - Детали: Источник: Документ Microsoft Word.docx, Раздел: Заголовок документа, Страница: 1, Превью: Название документа: Документ Microsoft Word


2025-04-22 00:57:56,871 - INFO - Операция: Документ 4
2025-04-22 00:57:56,871 - INFO - Детали: Источник: создание_заказа.txt, Раздел: Заголовок документа, Страница: 1, Превью: Название документа: создание_заказа


2025-04-22 00:57:56,871 - INFO - Операция: Документ 5
2025-04-22 00:57:56,871 - INFO - Детали: Источник: Документ Microsoft Word по заказу.docx, Раздел: Заголовок документа, Страница: 1, Превью: Название документа: Документ Microsoft Word по заказу


2025-04-22 00:57:56,871 - INFO - Операция: Документ 6
2025-04-22 00:57:56,872 - INFO - Детали: Источник: создание_заказа.txt, Раздел: # Инструкция по созданию заказа, Страница: 1, Превью: # Инструкция по созданию заказа

## Шаги создания заказа в системе
2025-04-22 00:57:56,872 - INFO - Операция: Документ 7
2025-04-22 00:57:56,872 - INFO - Детали: Источник: ММ САП.docx, Раздел: Документ SAP MM, Страница: 1, Превью: ДОКУМЕНТ SAP: ММ САП

Этот документ относится к системе SAP и модулю MM (Material Management). SAP M...
2025-04-22 00:57:56,872 - INFO - Операция: Документ 8
2025-04-22 00:57:56,872 - INFO - Детали: Источник: Инструкция_по_сборке_LEGO.pdf, Раздел: Страница 3, Страница: 3, Превью: LEGO® Builder


2025-04-22 00:57:56,872 - INFO - Операция: Документ 9
2025-04-22 00:57:56,872 - INFO - Детали: Источник: Документ Microsoft Word по заказу.docx, Раздел: Основной текст, Страница: 1, Превью: Чтобы создать заказ на доставку требуется использовать транзакцию me21n.
Чтобы изменить заказ на дос...
2025-04-22 00:57:56,873 - INFO - Операция: Документ 10
2025-04-22 00:57:56,873 - INFO - Детали: Источник: Инструкция_по_сборке_LEGO.pdf, Раздел: Страница 8, Страница: 8, Превью: 1x
 1x
1
8


2025-04-22 00:57:56,873 - INFO - Операция: Документ 11
2025-04-22 00:57:56,873 - INFO - Детали: Источник: Инструкция_по_сборке_LEGO.pdf, Раздел: Страница 4, Страница: 4, Превью: 1
1
4


2025-04-22 00:57:56,873 - INFO - Операция: Документ 12
2025-04-22 00:57:56,873 - INFO - Детали: Источник: Инструкция_по_сборке_LEGO.pdf, Раздел: Страница 23, Страница: 23, Превью: 1x
10
23


2025-04-22 00:57:56,873 - INFO - Операция: Документ 13
2025-04-22 00:57:56,873 - INFO - Детали: Источник: Инструкция_по_сборке_LEGO.pdf, Раздел: Страница 9, Страница: 9, Превью: 1x
 1x
2
9


2025-04-22 00:57:56,874 - INFO - Операция: Документ 14
2025-04-22 00:57:56,874 - INFO - Детали: Источник: Инструкция_по_сборке_LEGO.pdf, Раздел: Страница 10, Страница: 10, Превью: 1x
3
10


2025-04-22 00:57:56,874 - INFO - Операция: Документ 15
2025-04-22 00:57:56,874 - INFO - Детали: Источник: Инструкция_по_сборке_LEGO.pdf, Раздел: Страница 5, Страница: 5, Превью: 2 1
5


2025-04-22 00:57:57,399 - INFO - Операция: Получен ответ на запрос
2025-04-22 00:57:57,400 - INFO - Детали: Длина ответа: 237 символов
2025-04-22 00:57:57,401 - INFO - === Запрос пользователя ===
2025-04-22 00:57:57,401 - INFO - Требуется информация Как научиться говорить?
2025-04-22 00:57:57,401 - INFO - === Ответ системы ===
2025-04-22 00:57:57,402 - INFO - Информация найдена на странице 1 в разделе **"Основной текст"** документа **Microsoft Word**:

**Ответ:** Чтобы научиться говорить, нужно практиковаться. Попробуйте начать с шепота, это поможет развить голосовые связки и улучшить дикцию.
2025-04-22 00:57:57,402 - INFO - =====================
2025-04-22 00:57:57,403 - INFO - 127.0.0.1 - - [22/Apr/2025 00:57:57] "POST /analyze HTTP/1.1" 200 -
2025-04-22 00:59:08,310 - INFO -  * Detected change in 'c:\\Users\\NOVA\\OneDrive\\Рабочий стол\\AI-агент\\pet-project\\main.py', reloading
2025-04-22 00:59:08,933 - INFO -  * Restarting with stat
